fixed acidity,volatile acidity,citric acid,residual sugar,chlorides,free sulfur dioxide,total sulfur dioxide,density,pH,sulphates,alcohol,fixed acidity_scaled,volatile acidity_scaled,citric acid_scaled,residual sugar_scaled,chlorides_scaled,free sulfur dioxide_scaled,total sulfur dioxide_scaled,density_scaled,pH_scaled,sulphates_scaled,alcohol_scaled,quality
7.4,0.7,0.0,1.9,0.076,11.0,34.0,0.9978,3.51,0.56,9.4,-0.5244309620226647,0.9320001518998713,-1.3932579682543467,-0.4611570659989154,-0.24562280114914908,-0.46855351735712547,-0.39053778703606756,0.5840033590895148,1.2918721636398425,-0.5785613430756232,-0.9543742892850674,5
7.8,0.88,0.0,2.6,0.098,25.0,67.0,0.9968,3.2,0.68,9.8,-0.2940627430687092,1.9158004330673288,-1.3932579682543467,0.056664837783860986,0.20009402992376119,0.8720027565130501,0.6349427159369254,0.04873718632654597,-0.7083954824325219,0.12482156902198069,-0.5845748022720374,5
7.8,0.76,0.04,2.3,0.092,15.0,54.0,0.997,3.26,0.65,9.8,-0.2940627430687092,1.2599335789556907,-1.1886173220660021,-0.16525883526590046,0.07853489417660377,-0.08553743910850388,0.2309655480990797,0.15579042087912787,-0.32124690577335663,-0.051024159002420445,-0.5845748022720374,5
11.2,0.28,0.56,1.9,0.075,17.0,60.0,0.998,3.16,0.58,9.8,1.6640671180399145,-1.3635338374908619,1.471711078382476,-0.4611570659989154,-0.26588265710700865,0.10597060001580692,0.4174165486396239,0.6910565936420968,-0.966494533538634,-0.4613308577260231,-0.5845748022720374,6
7.4,0.66,0.0,1.8,0.075,13.0,40.0,0.9978,3.51,0.56,9.4,-0.5244309620226647,0.7133778671959924,-1.3932579682543467,-0.535131623682169,-0.26588265710700865,-0.27704547823281467,-0.2040867864955234,0.5840033590895148,1.2918721636398425,-0.5785613430756232,-0.9543742892850674,5
7.9,0.6,0.06,1.6,0.069,15.0,59.0,0.9964,3.3,0.46,9.4,-0.23647068833021995,0.385444440140173,-1.08629699897183,-0.6830807390486765,-0.3874417928541658,-0.08553743910850388,0.38634138188286654,-0.16536928277867724,-0.06314785466724451,-1.1647137698236267,-0.9543742892850674,5
7.3,0.65,0.0,1.2,0.065,15.0,21.0,0.9946,3.39,0.47,10.0,-0.5820230167611539,0.6587222960200224,-1.3932579682543467,-0.9789789697816916,-0.4684812166856041,-0.08553743910850388,-0.7945149548739133,-1.1288483937519738,0.5175750103215091,-1.1060985271488266,-0.39967505876552323,7
7.8,0.58,0.02,2.0,0.073,9.0,18.0,0.9968,3.36,0.57,9.5,-0.2940627430687092,0.27613329778823315,-1.2909376451601744,-0.3871825083156616,-0.3064023690227278,-0.6600615564814363,-0.8877404551441854,0.04873718632654597,0.32400072199192365,-0.5199461004008235,-0.8619244175318104,7
7.5,0.5,0.36,6.1,0.071,17.0,102.0,0.9978,3.35,0.8,10.5,-0.46683890728417593,-0.1611112716195254,0.4485078474407534,2.645774356697742,-0.34692208093844695,0.10597060001580692,1.7225735524234331,0.5840033590895148,0.259475959215397,0.8282044811195846,0.06257430000076386,5
6.7,0.58,0.08,1.8,0.0969999999999999,15.0,65.0,0.9959,3.28,0.54,9.2,-0.9275753451920874,0.27613329778823315,-0.9839766758776577,-0.535131623682169,0.17983417396589965,-0.08553743910850388,0.5727923824234107,-0.43300236916013196,-0.19219738022030056,-0.6957918284252239,-1.1392740327915833,5
5.6,0.615,0.0,1.6,0.089,16.0,59.0,0.9943,3.58,0.52,9.9,-1.561087947315466,0.46742779690412783,-1.3932579682543467,-0.6830807390486765,0.01775532630302505,0.010216580453651524,0.38634138188286654,-1.289428245580906,1.74354550307554,-0.8130223137748247,-0.4921249305187803,5
7.8,0.61,0.29,1.6,0.114,9.0,29.0,0.9974,3.26,1.56,9.1,-0.2940627430687092,0.44010001131614285,0.09038671661115057,-0.6830807390486765,0.524251725249514,-0.6600615564814363,-0.5459136208198544,0.36989688998429165,-0.32124690577335663,5.282962924404409,-1.2317239045448403,5
8.9,0.62,0.18,3.8,0.176,52.0,145.0,0.9986,3.16,0.88,9.2,0.3394498590546695,0.49475558249211277,-0.4723750604067966,0.9443595299829058,1.7803627946368061,3.4573612846912463,3.0588057229639998,1.0122162972999018,-0.966494533538634,1.297126422517987,-1.1392740327915833,5
8.9,0.62,0.19,3.9,0.17,51.0,145.84000000000015,0.9986,3.17,0.93,9.2,0.3394498590546695,0.49475558249211277,-0.4212148988597105,1.0183340876661597,1.658803658889649,3.361607265129091,3.0849088630396806,1.0122162972999018,-0.9019697707621074,1.590202635891989,-1.1392740327915833,5
8.5,0.28,0.56,1.8,0.092,35.0,103.0,0.9969,3.3,0.75,10.5,0.10908164010071351,-1.3635338374908619,1.471711078382476,-0.535131623682169,0.07853489417660377,1.8295429521346043,1.7536487191801906,0.10226380360283692,-0.06314785466724451,0.5351282677455826,0.06257430000076386,7
8.1,0.56,0.28,1.7,0.368,16.0,56.0,0.9968,3.11,1.28,9.3,-0.12128657885324247,0.16682215543629397,0.039226555064064694,-0.6091061813654229,5.670255138545841,0.010216580453651524,0.29311588161259444,0.04873718632654597,-1.2891183474212755,3.64173612951,-1.0468241610383244,5
7.4,0.59,0.08,4.4,0.086,6.0,29.0,0.9974,3.38,0.5,9.0,-0.5244309620226647,0.33078886896420306,-0.9839766758776577,1.3882068760824287,-0.043024241570553665,-0.9473236151679025,-0.5459136208198544,0.36989688998429165,0.4530502475449797,-0.9302527991244255,-1.3241737762980974,4
7.9,0.32,0.51,1.8,0.341,17.0,56.0,0.9969,3.04,1.08,9.2,-0.23647068833021995,-1.1449115527869826,1.2159102706470453,-0.535131623682169,5.123239027683633,0.10597060001580692,0.29311588161259444,0.10226380360283692,-1.7407916868569702,2.469431276013994,-1.1392740327915833,6
8.9,0.22,0.48,1.8,0.077,29.0,60.0,0.9968,3.39,0.53,9.4,0.3394498590546695,-1.6914672645466813,1.0624297860057867,-0.535131623682169,-0.22536294519128952,1.2550188347616718,0.4174165486396239,0.04873718632654597,0.5175750103215091,-0.7544070711000244,-0.9543742892850674,6
7.6,0.39,0.31,2.3,0.0819999999999999,23.0,71.0,0.9982,3.52,0.65,9.7,-0.40924685254568716,-0.7623225545551937,0.1927070397053229,-0.16525883526590046,-0.12406366540199364,0.6804947173887393,0.7592433829639549,0.7981098281946787,1.356396926416372,-0.051024159002420445,-0.6770246740252962,5
7.9,0.43,0.21,1.6,0.106,10.0,37.0,0.9966,3.17,0.91,9.5,-0.23647068833021995,-0.5437002698513144,-0.3188945757655383,-0.6830807390486765,0.36217287758663746,-0.5643075369192809,-0.29731228676579546,-0.05831604822603592,-0.9019697707621074,1.472972150542388,-0.8619244175318104,5
8.5,0.49,0.11,2.3,0.084,9.0,67.0,0.9968,3.17,0.53,9.4,0.10908164010071351,-0.2157668427954953,-0.8304961912363995,-0.16525883526590046,-0.08354395348627253,-0.6600615564814363,0.6349427159369254,0.04873718632654597,-0.9019697707621074,-0.7544070711000244,-0.9543742892850674,5
6.9,0.4,0.14,2.4,0.085,21.0,40.0,0.9968,3.43,0.63,9.7,-0.8123912357151094,-0.7076669833792237,-0.677015706595141,-0.09128427758264665,-0.06328409752841295,0.48898667826442854,-0.2040867864955234,0.04873718632654597,0.7756740614276212,-0.1682546443520212,-0.6770246740252962,6
6.3,0.39,0.16,1.4,0.08,11.0,23.0,0.9955,3.34,0.56,9.3,-1.1579435641460434,-0.7623225545551937,-0.5746953835009688,-0.8310298544151842,-0.1645833773177108,-0.46855351735712547,-0.7323646213603986,-0.6471088382652957,0.19495119643886757,-0.5785613430756232,-1.0468241610383244,5
7.6,0.41,0.24,1.8,0.08,4.0,11.0,0.9962,3.28,0.59,9.5,-0.40924685254568716,-0.6530114122032542,-0.16541409112427993,-0.535131623682169,-0.1645833773177108,-1.1388316542922132,-1.1052666224414869,-0.27242251733125916,-0.19219738022030056,-0.4027156150512227,-0.8619244175318104,5
7.1,0.71,0.0,1.9,0.08,14.0,35.0,0.9972,3.47,0.55,9.4,-0.6972071262381319,0.9866557230758413,-1.3932579682543467,-0.4611570659989154,-0.1645833773177108,-0.18129145867065927,-0.3594626202793102,0.2628436554317098,1.0337731125337333,-0.6371765857504236,-0.9543742892850674,5
7.8,0.645,0.0,2.0,0.0819999999999999,8.0,16.0,0.9964,3.38,0.59,9.8,-0.2940627430687092,0.6313945104320375,-1.3932579682543467,-0.3871825083156616,-0.12406366540199364,-0.7558155760435917,-0.9498907886577002,-0.16536928277867724,0.4530502475449797,-0.4027156150512227,-0.5845748022720374,6
6.7,0.675,0.07,2.4,0.089,17.0,82.0,0.9958,3.35,0.54,10.1,-0.9275753451920874,0.7953612239599472,-1.0351368374247438,-0.09128427758264665,0.01775532630302505,0.10597060001580692,1.1010702172882858,-0.48652898643642295,0.259475959215397,-0.6957918284252239,-0.30722518701226614,5
6.9,0.685,0.0,2.5,0.105,22.0,37.0,0.9966,3.46,0.57,10.6,-0.8123912357151094,0.8500167951359171,-1.3932579682543467,-0.017309719899392832,0.3419130216287779,0.5847406978265839,-0.29731228676579546,-0.05831604822603592,0.9692483497572039,-0.5199461004008235,0.15502417175402095,6
8.3,0.655,0.12,2.3,0.083,15.0,113.0,0.9966,3.17,0.66,9.8,-0.0061024693762639646,0.6860500816080074,-0.7793360296893133,-0.16525883526590046,-0.10380380944413209,-0.08553743910850388,2.064400386747764,-0.05831604822603592,-0.9019697707621074,0.007591083672379936,-0.5845748022720374,5
6.9,0.605,0.12,10.7,0.073,40.0,83.0,0.9993,3.45,0.52,9.4,-0.8123912357151094,0.4127722257281579,-0.7793360296893133,6.0486040101274146,-0.3064023690227278,2.3083130499453812,1.1321453840450433,1.3869026182339386,0.9047235869806772,-0.8130223137748247,-0.9543742892850674,6
5.2,0.32,0.25,1.8,0.103,13.0,50.0,0.9957,3.38,0.55,9.2,-1.7914561662694215,-1.1449115527869826,-0.11425392957719378,-0.535131623682169,0.3013933097130588,-0.27704547823281467,0.10666488107205026,-0.5400556037127139,0.4530502475449797,-0.6371765857504236,-1.1392740327915833,5
7.8,0.645,0.0,5.5,0.086,5.0,18.0,0.9986,3.4,0.55,9.6,-0.2940627430687092,0.6313945104320375,-1.3932579682543467,2.2019270105982196,-0.043024241570553665,-1.0430776347300579,-0.8877404551441854,1.0122162972999018,0.5820997730980357,-0.6371765857504236,-0.7694745457785532,6
7.8,0.6,0.14,2.4,0.086,3.0,15.0,0.9975,3.42,0.6,10.8,-0.2940627430687092,0.385444440140173,-0.677015706595141,-0.09128427758264665,-0.043024241570553665,-1.2345856738543688,-0.9809659554144575,0.42342350726064204,0.7111492986510918,-0.3441003723764223,0.3399239152605368,6
8.1,0.38,0.28,2.1,0.066,13.0,30.0,0.9968,3.23,0.73,9.7,-0.12128657885324247,-0.8169781257311636,0.039226555064064694,-0.3132079506324078,-0.4482213607277445,-0.27704547823281467,-0.514838454063097,0.04873718632654597,-0.5148211941029393,0.4178977823959819,-0.6770246740252962,7
5.7,1.13,0.09,1.5,0.172,7.0,19.0,0.994,3.5,0.48,9.8,-1.5034958925769768,3.2821897124665744,-0.9328165143305717,-0.7570552967319304,1.6993233708053677,-0.8515695956057471,-0.8566652883874281,-1.4500080974097789,1.2273474008633158,-1.0474832844740263,-0.5845748022720374,4
7.3,0.45,0.36,5.9,0.074,12.0,87.0,0.9978,3.33,0.83,10.5,-0.5820230167611539,-0.4343891274993746,0.4485078474407534,2.497825241331235,-0.2861425130648682,-0.37279949779497007,1.2564460510720727,0.5840033590895148,0.130426433662341,1.0040502091439851,0.06257430000076386,5
8.8,0.61,0.3,2.8,0.088,17.0,46.0,0.9976,3.26,0.51,9.3,0.28185780431618074,0.44010001131614285,0.14154687815823674,0.2046139531503683,-0.0025045296548345205,0.10597060001580692,-0.017635785954979197,0.476950124536933,-0.32124690577335663,-0.871637556449625,-1.0468241610383244,4
7.5,0.49,0.2,2.6,0.332,8.0,14.0,0.9968,3.21,0.9,10.5,-0.46683890728417593,-0.2157668427954953,-0.3700547373126243,0.056664837783860986,4.9409003240628975,-0.7558155760435917,-1.012041122171215,0.04873718632654597,-0.6438707196559953,1.4143569078675877,0.06257430000076386,6
8.1,0.66,0.22,2.2,0.069,9.0,23.0,0.9968,3.3,1.2,10.3,-0.12128657885324247,0.7133778671959924,-0.2677344142184521,-0.23923339294915397,-0.3874417928541658,-0.6600615564814363,-0.7323646213603986,0.04873718632654597,-0.06314785466724451,3.172814188111597,-0.12232544350575032,5
6.8,0.67,0.02,1.8,0.05,5.0,11.0,0.9962,3.48,0.52,9.5,-0.8699832904535987,0.7680334383719623,-1.2909376451601744,-0.535131623682169,-0.7723790560534973,-1.0430776347300579,-1.1052666224414869,-0.27242251733125916,1.09829787531026,-0.8130223137748247,-0.8619244175318104,5
4.6,0.52,0.15,2.1,0.054,8.0,65.0,0.9934,3.9,0.56,13.1,-2.1370084947003556,-0.05180012926758561,-0.625855545048055,-0.3132079506324078,-0.6913396322220592,-0.7558155760435917,0.5727923824234107,-1.771167801067584,3.808337911924434,-0.5785613430756232,2.466270965585456,4
7.7,0.935,0.43,2.2,0.114,22.0,114.0,0.997,3.25,0.73,9.2,-0.35165479780719794,2.2164060745351635,0.8066289782703563,-0.23923339294915397,0.524251725249514,0.5847406978265839,2.0954755535045217,0.15579042087912787,-0.3857716685498832,0.4178977823959819,-1.1392740327915833,5
8.7,0.29,0.52,1.6,0.113,12.0,37.0,0.9969,3.25,0.58,9.5,0.224265749577691,-1.3088782663148923,1.2670704321941315,-0.6830807390486765,0.5039918692916545,-0.37279949779497007,-0.29731228676579546,0.10226380360283692,-0.3857716685498832,-0.4613308577260231,-0.8619244175318104,5
6.4,0.4,0.23,1.6,0.066,5.0,12.0,0.9958,3.34,0.56,9.2,-1.100351509407554,-0.7076669833792237,-0.21657425267136596,-0.6830807390486765,-0.4482213607277445,-1.0430776347300579,-1.0741914556847296,-0.48652898643642295,0.19495119643886757,-0.5785613430756232,-1.1392740327915833,5
5.6,0.31,0.37,1.4,0.074,12.0,96.0,0.9954,3.32,0.58,9.2,-1.561087947315466,-1.1995671239629526,0.4996680089878396,-0.8310298544151842,-0.2861425130648682,-0.37279949779497007,1.536122551882889,-0.7006354555416462,0.06590167088581153,-0.4613308577260231,-1.1392740327915833,5
8.8,0.66,0.26,1.7,0.074,4.0,23.0,0.9971,3.15,0.74,9.2,0.28185780431618074,0.7133778671959924,-0.06309376803010762,-0.6091061813654229,-0.2861425130648682,-1.1388316542922132,-0.7323646213603986,0.20931703815541883,-1.0310192963151634,0.4765130250707823,-1.1392740327915833,5
6.6,0.52,0.04,2.2,0.069,8.0,15.0,0.9956,3.4,0.63,9.4,-0.9851673999305766,-0.05180012926758561,-1.1886173220660021,-0.23923339294915397,-0.3874417928541658,-0.7558155760435917,-0.9809659554144575,-0.5935822209890048,0.5820997730980357,-0.1682546443520212,-0.9543742892850674,6
6.6,0.5,0.04,2.1,0.068,6.0,14.0,0.9955,3.39,0.64,9.4,-0.9851673999305766,-0.1611112716195254,-1.1886173220660021,-0.3132079506324078,-0.40770164881202536,-0.9473236151679025,-1.012041122171215,-0.6471088382652957,0.5175750103215091,-0.10963940167722082,-0.9543742892850674,6
8.6,0.38,0.36,3.0,0.081,30.0,119.0,0.997,3.2,0.56,9.4,0.16667369483920225,-0.8169781257311636,0.4485078474407534,0.3525630685168759,-0.14432352135985124,1.350772854323827,2.2508513872883085,0.15579042087912787,-0.7083954824325219,-0.5785613430756232,-0.9543742892850674,5
7.6,0.51,0.15,2.8,0.11,33.0,73.0,0.9955,3.17,0.63,10.2,-0.40924685254568716,-0.10645570044355551,-0.625855545048055,0.2046139531503683,0.44321230141807577,1.6380349130102936,0.8213937164774696,-0.6471088382652957,-0.9019697707621074,-0.1682546443520212,-0.21477531525900906,6
7.7,0.62,0.04,3.8,0.084,25.0,45.0,0.9978,3.34,0.53,9.5,-0.35165479780719794,0.49475558249211277,-1.1886173220660021,0.9443595299829058,-0.08354395348627253,0.8720027565130501,-0.04871095271173656,0.5840033590895148,0.19495119643886757,-0.7544070711000244,-0.8619244175318104,5
10.2,0.42,0.57,3.4,0.07,4.0,10.0,0.9971,3.04,0.63,9.6,1.088146570655025,-0.5983558410272842,1.5228712399295616,0.6484612992498909,-0.36718193689630624,-1.1388316542922132,-1.1363417891982444,0.20931703815541883,-1.7407916868569702,-0.1682546443520212,-0.7694745457785532,5
7.5,0.63,0.12,5.1,0.111,50.0,110.0,0.9983,3.26,0.77,9.4,-0.46683890728417593,0.5494111536680827,-0.7793360296893133,1.9060287798652045,0.46347215737593533,3.265853245566935,1.971174886477492,0.8516364454709696,-0.32124690577335663,0.6523587530951834,-0.9543742892850674,5
7.8,0.59,0.18,2.3,0.076,17.0,54.0,0.9975,3.43,0.59,10.0,-0.2940627430687092,0.33078886896420306,-0.4723750604067966,-0.16525883526590046,-0.24562280114914908,0.10597060001580692,0.2309655480990797,0.42342350726064204,0.7756740614276212,-0.4027156150512227,-0.39967505876552323,5
7.3,0.39,0.31,2.4,0.074,9.0,46.0,0.9962,3.41,0.54,9.4,-0.5820230167611539,-0.7623225545551937,0.1927070397053229,-0.09128427758264665,-0.2861425130648682,-0.6600615564814363,-0.017635785954979197,-0.27242251733125916,0.6466245358745651,-0.6957918284252239,-0.9543742892850674,6
8.8,0.4,0.4,2.2,0.079,19.0,52.0,0.998,3.44,0.64,9.2,0.28185780431618074,-0.7076669833792237,0.6531484936290981,-0.23923339294915397,-0.18484323327557037,0.29747863914011774,0.16881521458556498,0.6910565936420968,0.8401988242041478,-0.10963940167722082,-1.1392740327915833,5
7.7,0.69,0.49,1.8,0.115,20.0,112.0,0.9968,3.21,0.71,9.3,-0.35165479780719794,0.8773445807239014,1.113589947552873,-0.535131623682169,0.5445115812073736,0.39323265870227314,2.033325219991007,0.04873718632654597,-0.6438707196559953,0.3006672970463812,-1.0468241610383244,5
7.5,0.52,0.16,1.9,0.085,12.0,35.0,0.9968,3.38,0.62,9.5,-0.46683890728417593,-0.05180012926758561,-0.5746953835009688,-0.4611570659989154,-0.06328409752841295,-0.37279949779497007,-0.3594626202793102,0.04873718632654597,0.4530502475449797,-0.22686988702682157,-0.8619244175318104,7
7.0,0.735,0.05,2.0,0.081,13.0,54.0,0.9966,3.39,0.57,9.8,-0.7547991809766207,1.123294651015766,-1.137457160518916,-0.3871825083156616,-0.14432352135985124,-0.27704547823281467,0.2309655480990797,-0.05831604822603592,0.5175750103215091,-0.5199461004008235,-0.5845748022720374,5
7.2,0.725,0.05,4.65,0.086,4.0,11.0,0.9962,3.41,0.39,10.9,-0.6396150714996427,1.068639079839796,-1.137457160518916,1.5731432702905632,-0.043024241570553665,-1.1388316542922132,-1.1052666224414869,-0.27242251733125916,0.6466245358745651,-1.5750204685472289,0.43237378701379386,5
7.5,0.52,0.11,1.5,0.079,11.0,39.0,0.9968,3.42,0.58,9.6,-0.46683890728417593,-0.05180012926758561,-0.8304961912363995,-0.7570552967319304,-0.18484323327557037,-0.46855351735712547,-0.23516195325228073,0.04873718632654597,0.7111492986510918,-0.4613308577260231,-0.7694745457785532,5
6.6,0.705,0.07,1.6,0.076,6.0,15.0,0.9962,3.44,0.58,10.7,-0.9851673999305766,0.9593279374878563,-1.0351368374247438,-0.6830807390486765,-0.24562280114914908,-0.9473236151679025,-0.9809659554144575,-0.27242251733125916,0.8401988242041478,-0.4613308577260231,0.24747404350727803,5
9.3,0.32,0.57,2.0,0.074,27.0,65.0,0.9969,3.28,0.79,10.7,0.5698180780086255,-1.1449115527869826,1.5228712399295616,-0.3871825083156616,-0.2861425130648682,1.0635107956373608,0.5727923824234107,0.10226380360283692,-0.19219738022030056,0.7695892384447842,0.24747404350727803,5
8.0,0.705,0.05,1.9,0.074,8.0,19.0,0.9962,3.34,0.95,10.5,-0.1788786335917312,0.9593279374878563,-1.137457160518916,-0.4611570659989154,-0.2861425130648682,-0.7558155760435917,-0.8566652883874281,-0.27242251733125916,0.19495119643886757,1.707433121241589,0.06257430000076386,6
7.7,0.63,0.08,1.9,0.076,15.0,27.0,0.9967,3.32,0.54,9.5,-0.35165479780719794,0.5494111536680827,-0.9839766758776577,-0.4611570659989154,-0.24562280114914908,-0.08553743910850388,-0.6080639543333691,-0.004789430949744973,0.06590167088581153,-0.6957918284252239,-0.8619244175318104,6
7.7,0.67,0.23,2.1,0.088,17.0,96.0,0.9962,3.32,0.48,9.5,-0.35165479780719794,0.7680334383719623,-0.21657425267136596,-0.3132079506324078,-0.0025045296548345205,0.10597060001580692,1.536122551882889,-0.27242251733125916,0.06590167088581153,-1.0474832844740263,-0.8619244175318104,5
7.7,0.69,0.22,1.9,0.084,18.0,94.0,0.9961,3.31,0.48,9.5,-0.35165479780719794,0.8773445807239014,-0.2677344142184521,-0.4611570659989154,-0.08354395348627253,0.20172461957796234,1.4739722183693742,-0.3259491346075501,0.0013769081092849425,-1.0474832844740263,-0.8619244175318104,5
8.3,0.675,0.26,2.1,0.084,11.0,43.0,0.9976,3.31,0.53,9.2,-0.0061024693762639646,0.7953612239599472,-0.06309376803010762,-0.3132079506324078,-0.08354395348627253,-0.46855351735712547,-0.1108612862252513,0.476950124536933,0.0013769081092849425,-0.7544070711000244,-1.1392740327915833,4
9.7,0.32,0.54,2.5,0.094,28.0,83.0,0.9984,3.28,0.82,9.6,0.8001862969625804,-1.1449115527869826,1.3693907552883038,-0.017309719899392832,0.1190546060923229,1.1592648151995164,1.1321453840450433,0.9051630627472605,-0.19219738022030056,0.9454349664691847,-0.7694745457785532,5
8.8,0.41,0.64,2.2,0.093,9.0,42.0,0.9986,3.54,0.66,10.5,0.28185780431618074,-0.6530114122032542,1.8809923707591647,-0.23923339294915397,0.09879475013446333,-0.6600615564814363,-0.14193645298200866,1.0122162972999018,1.485446451969428,0.007591083672379936,0.06257430000076386,5
6.8,0.785,0.0,2.4,0.104,14.0,30.0,0.9966,3.52,0.55,10.7,-0.8699832904535987,1.3965725068956154,-1.3932579682543467,-0.09128427758264665,0.32165316567091834,-0.18129145867065927,-0.514838454063097,-0.05831604822603592,1.356396926416372,-0.6371765857504236,0.24747404350727803,6
6.7,0.75,0.12,2.0,0.086,12.0,80.0,0.9958,3.38,0.52,10.1,-0.9275753451920874,1.2052780077797207,-0.7793360296893133,-0.3871825083156616,-0.043024241570553665,-0.37279949779497007,1.038919883774771,-0.48652898643642295,0.4530502475449797,-0.8130223137748247,-0.30722518701226614,5
8.3,0.625,0.2,1.5,0.08,27.0,119.0,0.9972,3.16,1.12,9.1,-0.0061024693762639646,0.5220833680800977,-0.3700547373126243,-0.7570552967319304,-0.1645833773177108,1.0635107956373608,2.2508513872883085,0.2628436554317098,-0.966494533538634,2.7038922467131954,-1.2317239045448403,4
6.2,0.45,0.2,1.6,0.069,3.0,15.0,0.9958,3.41,0.56,9.2,-1.215535618884532,-0.4343891274993746,-0.3700547373126243,-0.6830807390486765,-0.3874417928541658,-1.2345856738543688,-0.9809659554144575,-0.48652898643642295,0.6466245358745651,-0.5785613430756232,-1.1392740327915833,5
7.8,0.43,0.7,1.9,0.4639999999999999,22.0,67.0,0.9974,3.13,1.28,9.4,-0.2940627430687092,-0.5437002698513144,2.1879533400416813,-0.4611570659989154,7.615201310500356,0.5847406978265839,0.6349427159369254,0.36989688998429165,-1.1600688218682194,3.64173612951,-0.9543742892850674,5
7.4,0.5,0.47,2.0,0.086,21.0,73.0,0.997,3.36,0.57,9.1,-0.5244309620226647,-0.1611112716195254,1.0112696244587007,-0.3871825083156616,-0.043024241570553665,0.48898667826442854,0.8213937164774696,0.15579042087912787,0.32400072199192365,-0.5199461004008235,-1.2317239045448403,5
7.3,0.67,0.26,1.8,0.401,16.0,51.0,0.9969,3.16,1.14,9.4,-0.5820230167611539,0.7680334383719623,-0.06309376803010762,-0.535131623682169,6.338830385155206,0.010216580453651524,0.1377400478288076,0.10226380360283692,-0.966494533538634,2.8211227320627947,-0.9543742892850674,5
6.3,0.3,0.48,1.8,0.069,18.0,61.0,0.9959,3.44,0.78,10.3,-1.1579435641460434,-1.2542226951389224,1.0624297860057867,-0.535131623682169,-0.3874417928541658,0.20172461957796234,0.4484917153963813,-0.43300236916013196,0.8401988242041478,0.7109739957699838,-0.12232544350575032,6
6.9,0.55,0.15,2.2,0.076,19.0,40.0,0.9961,3.41,0.59,10.1,-0.8123912357151094,0.11216658426032408,-0.625855545048055,-0.23923339294915397,-0.24562280114914908,0.29747863914011774,-0.2040867864955234,-0.3259491346075501,0.6466245358745651,-0.4027156150512227,-0.30722518701226614,5
8.6,0.49,0.28,1.9,0.11,20.0,136.0,0.9972,2.93,1.95,9.9,0.16667369483920225,-0.2157668427954953,0.039226555064064694,-0.4611570659989154,0.44321230141807577,0.39323265870227314,2.7791292221531836,0.2628436554317098,-2.450564077398777,7.568957388721621,-0.4921249305187803,6
7.7,0.49,0.26,1.9,0.062,9.0,31.0,0.9966,3.39,0.64,9.6,-0.35165479780719794,-0.2157668427954953,-0.06309376803010762,-0.4611570659989154,-0.5292607845591828,-0.6600615564814363,-0.48376328730633966,-0.05831604822603592,0.5175750103215091,-0.10963940167722082,-0.7694745457785532,5
9.3,0.39,0.44,2.1,0.107,34.0,125.0,0.9978,3.14,1.22,9.5,0.5698180780086255,-0.7623225545551937,0.8577891398174424,-0.3132079506324078,0.382432733544497,1.733788932572449,2.4373023878288524,0.5840033590895148,-1.09554405909169,3.290044673461198,-0.8619244175318104,5
7.0,0.62,0.08,1.8,0.076,8.0,24.0,0.9978,3.48,0.53,9.0,-0.7547991809766207,0.49475558249211277,-0.9839766758776577,-0.535131623682169,-0.24562280114914908,-0.7558155760435917,-0.7012894546036412,0.5840033590895148,1.09829787531026,-0.7544070711000244,-1.3241737762980974,5
7.9,0.52,0.26,1.9,0.079,42.0,140.0,0.9964,3.23,0.54,9.5,-0.23647068833021995,-0.05180012926758561,-0.06309376803010762,-0.4611570659989154,-0.18484323327557037,2.499821089069692,2.903429889180213,-0.16536928277867724,-0.5148211941029393,-0.6957918284252239,-0.8619244175318104,5
8.6,0.49,0.29,2.0,0.11,19.0,133.0,0.9972,2.93,1.98,9.8,0.16667369483920225,-0.2157668427954953,0.09038671661115057,-0.3871825083156616,0.44321230141807577,0.29747863914011774,2.6859037218829114,0.2628436554317098,-2.450564077398777,7.744803116746023,-0.5845748022720374,5
5.0,1.02,0.04,1.4,0.045,41.0,85.0,0.9938,3.75,0.48,10.5,-1.9066402757463996,2.680978429530907,-1.1886173220660021,-0.8310298544151842,-0.8736783358427952,2.4040670695075366,1.194295717558558,-1.5570613319623607,2.840466470276515,-1.0474832844740263,0.06257430000076386,4
4.7,0.6,0.17,2.3,0.0579999999999999,17.0,106.0,0.9932,3.85,0.6,12.9,-2.079416439961866,0.385444440140173,-0.5235352219538827,-0.16525883526590046,-0.610300208390623,0.10597060001580692,1.8468742194504626,-1.8782210356201658,3.4857140980417953,-0.3441003723764223,2.2813712220789424,6
6.8,0.775,0.0,3.0,0.102,8.0,23.0,0.9965,3.45,0.56,10.7,-0.8699832904535987,1.3419169357196457,-1.3932579682543467,0.3525630685168759,0.2811334537551992,-0.7558155760435917,-0.7323646213603986,-0.11184266550232687,0.9047235869806772,-0.5785613430756232,0.24747404350727803,5
7.0,0.5,0.25,2.0,0.07,3.0,22.0,0.9963,3.25,0.63,9.2,-0.7547991809766207,-0.1611112716195254,-0.11425392957719378,-0.3871825083156616,-0.36718193689630624,-1.2345856738543688,-0.763439788117156,-0.2188959000549682,-0.3857716685498832,-0.1682546443520212,-1.1392740327915833,5
7.6,0.9,0.06,2.5,0.079,5.0,10.0,0.9967,3.39,0.56,9.8,-0.40924685254568716,2.0251115754192686,-1.08629699897183,-0.017309719899392832,-0.18484323327557037,-1.0430776347300579,-1.1363417891982444,-0.004789430949744973,0.5175750103215091,-0.5785613430756232,-0.5845748022720374,5
8.1,0.545,0.18,1.9,0.08,13.0,35.0,0.9972,3.3,0.59,9.0,-0.12128657885324247,0.08483879867233914,-0.4723750604067966,-0.4611570659989154,-0.1645833773177108,-0.27704547823281467,-0.3594626202793102,0.2628436554317098,-0.06314785466724451,-0.4027156150512227,-1.3241737762980974,6
8.3,0.61,0.3,2.1,0.084,11.0,50.0,0.9972,3.4,0.61,10.2,-0.0061024693762639646,0.44010001131614285,0.14154687815823674,-0.3132079506324078,-0.08354395348627253,-0.46855351735712547,0.10666488107205026,0.2628436554317098,0.5820997730980357,-0.28548512970162193,-0.21477531525900906,6
7.8,0.5,0.3,1.9,0.075,8.0,22.0,0.9959,3.31,0.56,10.4,-0.2940627430687092,-0.1611112716195254,0.14154687815823674,-0.4611570659989154,-0.26588265710700865,-0.7558155760435917,-0.763439788117156,-0.43300236916013196,0.0013769081092849425,-0.5785613430756232,-0.029875571752493238,6
8.1,0.575,0.22,2.1,0.077,12.0,65.0,0.9967,3.29,0.51,9.2,-0.12128657885324247,0.2488055122002482,-0.2677344142184521,-0.3132079506324078,-0.22536294519128952,-0.37279949779497007,0.5727923824234107,-0.004789430949744973,-0.1276726174437711,-0.871637556449625,-1.1392740327915833,5
7.2,0.49,0.24,2.2,0.07,5.0,36.0,0.996,3.33,0.48,9.4,-0.6396150714996427,-0.2157668427954953,-0.16541409112427993,-0.23923339294915397,-0.36718193689630624,-1.0430776347300579,-0.32838745352255283,-0.37947575188384103,0.130426433662341,-1.0474832844740263,-0.9543742892850674,5
7.8,0.41,0.68,1.7,0.467,18.0,69.0,0.9973,3.08,1.31,9.3,-0.2940627430687092,-0.6530114122032542,2.0856330169475092,-0.6091061813654229,7.675980878373937,0.20172461957796234,0.6970930494504401,0.3163702727080007,-1.482692635750858,3.8175818575344014,-1.0468241610383244,5
6.2,0.63,0.31,1.7,0.088,15.0,64.0,0.9969,3.46,0.79,9.3,-1.215535618884532,0.5494111536680827,0.1927070397053229,-0.6091061813654229,-0.0025045296548345205,-0.08553743910850388,0.5417172156666533,0.10226380360283692,0.9692483497572039,0.7695892384447842,-1.0468241610383244,5
8.0,0.33,0.53,2.5,0.091,18.0,80.0,0.9976,3.37,0.8,9.6,-0.1788786335917312,-1.0902559816110127,1.3182305937412175,-0.017309719899392832,0.05827503821874419,0.20172461957796234,1.038919883774771,0.476950124536933,0.38852548476845306,0.8282044811195846,-0.7694745457785532,6
8.1,0.785,0.52,2.0,0.122,37.0,145.84000000000015,0.9969,3.21,0.69,9.3,-0.12128657885324247,1.3965725068956154,1.2670704321941315,-0.3871825083156616,0.6863305729123903,2.021050991258915,3.0849088630396806,0.10226380360283692,-0.6438707196559953,0.18343681169678042,-1.0468241610383244,5
7.8,0.56,0.19,1.8,0.104,12.0,47.0,0.9964,3.19,0.93,9.5,-0.2940627430687092,0.16682215543629397,-0.4212148988597105,-0.535131623682169,0.32165316567091834,-0.37279949779497007,0.013439380801778167,-0.16536928277867724,-0.7729202452090513,1.590202635891989,-0.8619244175318104,5
8.4,0.62,0.09,2.2,0.084,11.0,108.0,0.9964,3.15,0.66,9.8,0.051489585362224775,0.49475558249211277,-0.9328165143305717,-0.23923339294915397,-0.08354395348627253,-0.46855351735712547,1.9090245529639773,-0.16536928277867724,-1.0310192963151634,0.007591083672379936,-0.5845748022720374,5
8.4,0.6,0.1,2.2,0.085,14.0,111.0,0.9964,3.15,0.66,9.8,0.051489585362224775,0.385444440140173,-0.8816563527834855,-0.23923339294915397,-0.06328409752841295,-0.18129145867065927,2.0022500532342495,-0.16536928277867724,-1.0310192963151634,0.007591083672379936,-0.5845748022720374,5
10.1,0.31,0.44,2.3,0.08,22.0,46.0,0.9988,3.32,0.67,9.7,1.0305545159165364,-1.1995671239629526,0.8577891398174424,-0.16525883526590046,-0.1645833773177108,0.5847406978265839,-0.017635785954979197,1.119269531852484,0.06590167088581153,0.06620632634718031,-0.6770246740252962,6
9.4,0.4,0.31,2.2,0.09,13.0,62.0,0.9966,3.07,0.63,10.5,0.6274101327471142,-0.7076669833792237,0.1927070397053229,-0.23923339294915397,0.03801518226088462,-0.27704547823281467,0.47956688215313864,-0.05831604822603592,-1.5472173985273876,-0.1682546443520212,0.06257430000076386,6
8.3,0.54,0.28,1.9,0.077,11.0,40.0,0.9978,3.39,0.61,10.0,-0.0061024693762639646,0.05751101308435418,0.039226555064064694,-0.4611570659989154,-0.22536294519128952,-0.46855351735712547,-0.2040867864955234,0.5840033590895148,0.5175750103215091,-0.28548512970162193,-0.39967505876552323,6
7.8,0.56,0.12,2.0,0.0819999999999999,7.0,28.0,0.997,3.37,0.5,9.4,-0.2940627430687092,0.16682215543629397,-0.7793360296893133,-0.3871825083156616,-0.12406366540199364,-0.8515695956057471,-0.5769887875766118,0.15579042087912787,0.38852548476845306,-0.9302527991244255,-0.9543742892850674,6
8.8,0.55,0.04,2.2,0.119,14.0,56.0,0.9962,3.21,0.6,10.9,0.28185780431618074,0.11216658426032408,-1.1886173220660021,-0.23923339294915397,0.6255510050388116,-0.18129145867065927,0.29311588161259444,-0.27242251733125916,-0.6438707196559953,-0.3441003723764223,0.43237378701379386,6
7.0,0.69,0.08,1.8,0.0969999999999999,22.0,89.0,0.9959,3.34,0.54,9.2,-0.7547991809766207,0.8773445807239014,-0.9839766758776577,-0.535131623682169,0.17983417396589965,0.5847406978265839,1.3185963845855875,-0.43300236916013196,0.19495119643886757,-0.6957918284252239,-1.1392740327915833,6
7.3,1.07,0.09,1.7,0.178,10.0,89.0,0.9962,3.3,0.57,9.0,-0.5820230167611539,2.9542562854107564,-0.9328165143305717,-0.6091061813654229,1.8208825065525251,-0.5643075369192809,1.3185963845855875,-0.27242251733125916,-0.06314785466724451,-0.5199461004008235,-1.3241737762980974,5
7.3,0.695,0.0,2.5,0.075,3.0,13.0,0.998,3.49,0.52,9.2,-0.5820230167611539,0.9046723663118864,-1.3932579682543467,-0.017309719899392832,-0.26588265710700865,-1.2345856738543688,-1.0431162889279721,0.6910565936420968,1.1628226380867894,-0.8130223137748247,-1.1392740327915833,5
8.0,0.71,0.0,2.6,0.08,11.0,34.0,0.9976,3.44,0.53,9.5,-0.1788786335917312,0.9866557230758413,-1.3932579682543467,0.056664837783860986,-0.1645833773177108,-0.46855351735712547,-0.39053778703606756,0.476950124536933,0.8401988242041478,-0.7544070711000244,-0.8619244175318104,5
7.8,0.5,0.17,1.6,0.0819999999999999,21.0,102.0,0.996,3.39,0.48,9.5,-0.2940627430687092,-0.1611112716195254,-0.5235352219538827,-0.6830807390486765,-0.12406366540199364,0.48898667826442854,1.7225735524234331,-0.37947575188384103,0.5175750103215091,-1.0474832844740263,-0.8619244175318104,5
9.0,0.62,0.04,1.9,0.146,27.0,90.0,0.9984,3.16,0.7,9.4,0.39704191379315823,0.49475558249211277,-1.1886173220660021,-0.4611570659989154,1.1725671159010194,1.0635107956373608,1.3496715513423447,0.9051630627472605,-0.966494533538634,0.2420520543715808,-0.9543742892850674,5
8.2,1.33,0.0,1.7,0.081,3.0,12.0,0.9964,3.53,0.49,10.9,-0.06369452411475372,4.375301135985972,-1.3932579682543467,-0.6091061813654229,-0.14432352135985124,-1.2345856738543688,-1.0741914556847296,-0.16536928277867724,1.4209216891928986,-0.9888680417992258,0.43237378701379386,5
8.1,1.33,0.0,1.8,0.0819999999999999,3.0,12.0,0.9964,3.54,0.48,10.9,-0.12128657885324247,4.375301135985972,-1.3932579682543467,-0.535131623682169,-0.12406366540199364,-1.2345856738543688,-1.0741914556847296,-0.16536928277867724,1.485446451969428,-1.0474832844740263,0.43237378701379386,5
8.0,0.59,0.16,1.8,0.065,3.0,16.0,0.9962,3.42,0.92,10.5,-0.1788786335917312,0.33078886896420306,-0.5746953835009688,-0.535131623682169,-0.4684812166856041,-1.2345856738543688,-0.9498907886577002,-0.27242251733125916,0.7111492986510918,1.5315873932171884,0.06257430000076386,7
6.1,0.38,0.15,1.8,0.072,6.0,19.0,0.9955,3.42,0.57,9.4,-1.2731276736230213,-0.8169781257311636,-0.625855545048055,-0.535131623682169,-0.3266622249805874,-0.9473236151679025,-0.8566652883874281,-0.6471088382652957,0.7111492986510918,-0.5199461004008235,-0.9543742892850674,5
8.0,0.745,0.56,2.0,0.118,30.0,134.0,0.9968,3.24,0.66,9.4,-0.1788786335917312,1.177950222191736,1.471711078382476,-0.3871825083156616,0.605291149080952,1.350772854323827,2.7169788886396686,0.04873718632654597,-0.4502964313264098,0.007591083672379936,-0.9543742892850674,5
5.6,0.5,0.09,2.3,0.049,17.0,99.0,0.9937,3.63,0.63,13.0,-1.561087947315466,-0.1611112716195254,-0.9328165143305717,-0.16525883526590046,-0.7926389120113569,0.10597060001580692,1.6293480521531611,-1.6105879492386517,2.0661693169581787,-0.1682546443520212,2.3738210938321993,5
6.6,0.5,0.01,1.5,0.06,17.0,26.0,0.9952,3.4,0.58,9.8,-0.9851673999305766,-0.1611112716195254,-1.3420978067072604,-0.7570552967319304,-0.5697804964749019,0.10597060001580692,-0.6391391210901265,-0.8076886900942281,0.5820997730980357,-0.4613308577260231,-0.5845748022720374,6
7.9,1.04,0.05,2.2,0.084,13.0,29.0,0.9959,3.22,0.55,9.9,-0.23647068833021995,2.7902895718828464,-1.137457160518916,-0.23923339294915397,-0.08354395348627253,-0.27704547823281467,-0.5459136208198544,-0.43300236916013196,-0.5793459568794659,-0.6371765857504236,-0.4921249305187803,6
8.4,0.745,0.11,1.9,0.09,16.0,63.0,0.9965,3.19,0.82,9.6,0.051489585362224775,1.177950222191736,-0.8304961912363995,-0.4611570659989154,0.03801518226088462,0.010216580453651524,0.510642048909896,-0.11184266550232687,-0.7729202452090513,0.9454349664691847,-0.7694745457785532,5
8.3,0.715,0.15,1.8,0.089,10.0,52.0,0.9968,3.23,0.77,9.5,-0.0061024693762639646,1.0139835086638262,-0.625855545048055,-0.535131623682169,0.01775532630302505,-0.5643075369192809,0.16881521458556498,0.04873718632654597,-0.5148211941029393,0.6523587530951834,-0.8619244175318104,5
7.2,0.415,0.36,2.0,0.081,13.0,45.0,0.9972,3.48,0.64,9.2,-0.6396150714996427,-0.6256836266152692,0.4485078474407534,-0.3871825083156616,-0.14432352135985124,-0.27704547823281467,-0.04871095271173656,0.2628436554317098,1.09829787531026,-0.10963940167722082,-1.1392740327915833,5
7.8,0.56,0.19,2.1,0.081,15.0,105.0,0.9962,3.33,0.54,9.5,-0.2940627430687092,0.16682215543629397,-0.4212148988597105,-0.3132079506324078,-0.14432352135985124,-0.08553743910850388,1.8157990526937053,-0.27242251733125916,0.130426433662341,-0.6957918284252239,-0.8619244175318104,5
7.8,0.56,0.19,2.0,0.081,17.0,108.0,0.9962,3.32,0.54,9.5,-0.2940627430687092,0.16682215543629397,-0.4212148988597105,-0.3871825083156616,-0.14432352135985124,0.10597060001580692,1.9090245529639773,-0.27242251733125916,0.06590167088581153,-0.6957918284252239,-0.8619244175318104,5
5.2,0.34,0.0,1.8,0.05,27.0,63.0,0.9916,3.68,0.79,14.0,-1.7914561662694215,-1.035600410435043,-1.3932579682543467,-0.535131623682169,-0.7723790560534973,1.0635107956373608,0.510642048909896,-2.7346469120408803,2.3887931308408206,0.7695892384447842,3.2983198113647734,6
6.3,0.39,0.08,1.7,0.066,3.0,20.0,0.9954,3.34,0.58,9.4,-1.1579435641460434,-0.7623225545551937,-0.9839766758776577,-0.6091061813654229,-0.4482213607277445,-1.2345856738543688,-0.8255901216306707,-0.7006354555416462,0.19495119643886757,-0.4613308577260231,-0.9543742892850674,5
8.1,0.67,0.55,1.8,0.1169999999999999,32.0,141.0,0.9968,3.17,0.62,9.4,-0.12128657885324247,0.7680334383719623,1.4205509168353898,-0.535131623682169,0.5850312931230905,1.542280893448138,2.9345050559369703,0.04873718632654597,-0.9019697707621074,-0.22686988702682157,-0.9543742892850674,5
5.8,0.68,0.02,1.8,0.087,21.0,94.0,0.9944,3.54,0.52,10.0,-1.445903837838488,0.8226890095479321,-1.2909376451601744,-0.535131623682169,-0.02276438561269409,0.48898667826442854,1.4739722183693742,-1.2359016283046151,1.485446451969428,-0.8130223137748247,-0.39967505876552323,5
7.6,0.49,0.26,1.6,0.236,10.0,88.0,0.9968,3.11,0.8,9.3,-0.40924685254568716,-0.2157668427954953,-0.06309376803010762,-0.6830807390486765,2.9959541521083795,-0.5643075369192809,1.28752121782883,0.04873718632654597,-1.2891183474212755,0.8282044811195846,-1.0468241610383244,5
6.9,0.49,0.1,2.3,0.074,12.0,30.0,0.9959,3.42,0.58,10.2,-0.8123912357151094,-0.2157668427954953,-0.8816563527834855,-0.16525883526590046,-0.2861425130648682,-0.37279949779497007,-0.514838454063097,-0.43300236916013196,0.7111492986510918,-0.4613308577260231,-0.21477531525900906,6
8.2,0.4,0.44,2.8,0.089,11.0,43.0,0.9975,3.53,0.61,10.5,-0.06369452411475372,-0.7076669833792237,0.8577891398174424,0.2046139531503683,0.01775532630302505,-0.46855351735712547,-0.1108612862252513,0.42342350726064204,1.4209216891928986,-0.28548512970162193,0.06257430000076386,6
7.3,0.33,0.47,2.1,0.077,5.0,11.0,0.9958,3.33,0.53,10.3,-0.5820230167611539,-1.0902559816110127,1.0112696244587007,-0.3132079506324078,-0.22536294519128952,-1.0430776347300579,-1.1052666224414869,-0.48652898643642295,0.130426433662341,-0.7544070711000244,-0.12232544350575032,6
9.2,0.52,1.0,3.4,0.61,32.0,69.0,0.9996,2.74,2.0,9.4,0.5122260232701357,-0.05180012926758561,3.7227581864542647,0.6484612992498909,10.573140280347852,1.542280893448138,0.6970930494504401,1.5474824700628709,-3.6765345701528083,7.862033602095623,-0.9543742892850674,4
7.5,0.6,0.03,1.8,0.095,25.0,99.0,0.995,3.35,0.54,10.1,-0.46683890728417593,0.385444440140173,-1.2397774836130884,-0.535131623682169,0.13931446205018247,0.8720027565130501,1.6293480521531611,-0.9147419246468099,0.259475959215397,-0.6957918284252239,-0.30722518701226614,5
7.1,0.43,0.42,5.5,0.07,29.0,129.0,0.9973,3.42,0.72,10.5,-0.6972071262381319,-0.5437002698513144,0.75546881672327,2.2019270105982196,-0.36718193689630624,1.2550188347616718,2.561603054855882,0.3163702727080007,0.7111492986510918,0.35928253972118157,0.06257430000076386,5
7.1,0.43,0.42,5.5,0.071,28.0,128.0,0.9973,3.42,0.71,10.5,-0.6972071262381319,-0.5437002698513144,0.75546881672327,2.2019270105982196,-0.34692208093844695,1.1592648151995164,2.5305278880991247,0.3163702727080007,0.7111492986510918,0.3006672970463812,0.06257430000076386,5
7.1,0.68,0.0,2.2,0.073,12.0,22.0,0.9969,3.48,0.5,9.3,-0.6972071262381319,0.8226890095479321,-1.3932579682543467,-0.23923339294915397,-0.3064023690227278,-0.37279949779497007,-0.763439788117156,0.10226380360283692,1.09829787531026,-0.9302527991244255,-1.0468241610383244,5
6.8,0.6,0.18,1.9,0.079,18.0,86.0,0.9968,3.59,0.57,9.3,-0.8699832904535987,0.385444440140173,-0.4723750604067966,-0.4611570659989154,-0.18484323327557037,0.20172461957796234,1.2253708843153153,0.04873718632654597,1.8080702658520666,-0.5199461004008235,-1.0468241610383244,6
7.6,0.95,0.03,2.0,0.09,7.0,20.0,0.9959,3.2,0.56,9.6,-0.40924685254568716,2.2983894312991175,-1.2397774836130884,-0.3871825083156616,0.03801518226088462,-0.8515695956057471,-0.8255901216306707,-0.43300236916013196,-0.7083954824325219,-0.5785613430756232,-0.7694745457785532,5
7.6,0.68,0.02,1.3,0.072,9.0,20.0,0.9965,3.17,1.08,9.2,-0.40924685254568716,0.8226890095479321,-1.2909376451601744,-0.9050044120984378,-0.3266622249805874,-0.6600615564814363,-0.8255901216306707,-0.11184266550232687,-0.9019697707621074,2.469431276013994,-1.1392740327915833,4
7.8,0.53,0.04,1.7,0.076,17.0,31.0,0.9964,3.33,0.56,10.0,-0.2940627430687092,0.002855441908384288,-1.1886173220660021,-0.6091061813654229,-0.24562280114914908,0.10597060001580692,-0.48376328730633966,-0.16536928277867724,0.130426433662341,-0.5785613430756232,-0.39967505876552323,6
7.4,0.6,0.26,7.3,0.07,36.0,121.0,0.9982,3.37,0.49,9.4,-0.5244309620226647,0.385444440140173,-0.06309376803010762,3.5334690488967873,-0.36718193689630624,1.9252969716967596,2.313001720801823,0.7981098281946787,0.38852548476845306,-0.9888680417992258,-0.9543742892850674,5
7.3,0.59,0.26,7.2,0.07,35.0,121.0,0.9981,3.37,0.49,9.4,-0.5820230167611539,0.33078886896420306,-0.06309376803010762,3.4594944912135337,-0.36718193689630624,1.8295429521346043,2.313001720801823,0.7445832109183878,0.38852548476845306,-0.9888680417992258,-0.9543742892850674,5
7.8,0.63,0.48,1.7,0.1,14.0,96.0,0.9961,3.19,0.62,9.5,-0.2940627430687092,0.5494111536680827,1.0624297860057867,-0.6091061813654229,0.24061374183948034,-0.18129145867065927,1.536122551882889,-0.3259491346075501,-0.7729202452090513,-0.22686988702682157,-0.8619244175318104,5
6.8,0.64,0.1,2.1,0.085,18.0,101.0,0.9956,3.34,0.52,10.2,-0.8699832904535987,0.6040667248440525,-0.8816563527834855,-0.3132079506324078,-0.06328409752841295,0.20172461957796234,1.6914983856666759,-0.5935822209890048,0.19495119643886757,-0.8130223137748247,-0.21477531525900906,5
7.3,0.55,0.03,1.6,0.072,17.0,42.0,0.9956,3.37,0.48,9.0,-0.5820230167611539,0.11216658426032408,-1.2397774836130884,-0.6830807390486765,-0.3266622249805874,0.10597060001580692,-0.14193645298200866,-0.5935822209890048,0.38852548476845306,-1.0474832844740263,-1.3241737762980974,4
6.8,0.63,0.07,2.1,0.089,11.0,44.0,0.9953,3.47,0.55,10.4,-0.8699832904535987,0.5494111536680827,-1.0351368374247438,-0.3132079506324078,0.01775532630302505,-0.46855351735712547,-0.07978611946849393,-0.7541620728179371,1.0337731125337333,-0.6371765857504236,-0.029875571752493238,6
7.5,0.705,0.24,1.8,0.36,15.0,63.0,0.9964,3.0,1.59,9.5,-0.46683890728417593,0.9593279374878563,-0.16541409112427993,-0.535131623682169,5.508176290882964,-0.08553743910850388,0.510642048909896,-0.16536928277867724,-1.9988907379630823,5.458808652428811,-0.8619244175318104,5
7.9,0.885,0.03,1.8,0.0579999999999999,4.0,8.0,0.9972,3.36,0.33,9.1,-0.23647068833021995,1.9431282186553138,-1.2397774836130884,-0.535131623682169,-0.610300208390623,-1.1388316542922132,-1.198492122711759,0.2628436554317098,0.32400072199192365,-1.926711924596031,-1.2317239045448403,4
8.0,0.42,0.17,2.0,0.073,6.0,18.0,0.9972,3.29,0.61,9.2,-0.1788786335917312,-0.5983558410272842,-0.5235352219538827,-0.3871825083156616,-0.3064023690227278,-0.9473236151679025,-0.8877404551441854,0.2628436554317098,-0.1276726174437711,-0.28548512970162193,-1.1392740327915833,6
7.4,0.62,0.05,1.9,0.068,24.0,42.0,0.9961,3.42,0.57,11.5,-0.5244309620226647,0.49475558249211277,-1.137457160518916,-0.4611570659989154,-0.40770164881202536,0.7762487369508947,-0.14193645298200866,-0.3259491346075501,0.7111492986510918,-0.5199461004008235,0.9870730175333381,6
7.3,0.38,0.21,2.0,0.08,7.0,35.0,0.9961,3.33,0.47,9.5,-0.5820230167611539,-0.8169781257311636,-0.3188945757655383,-0.3871825083156616,-0.1645833773177108,-0.8515695956057471,-0.3594626202793102,-0.3259491346075501,0.130426433662341,-1.1060985271488266,-0.8619244175318104,5
6.9,0.5,0.04,1.5,0.085,19.0,49.0,0.9958,3.35,0.78,9.5,-0.8123912357151094,-0.1611112716195254,-1.1886173220660021,-0.7570552967319304,-0.06328409752841295,0.29747863914011774,0.07558971431529289,-0.48652898643642295,0.259475959215397,0.7109739957699838,-0.8619244175318104,5
7.5,0.52,0.42,2.3,0.087,8.0,38.0,0.9972,3.58,0.61,10.5,-0.46683890728417593,-0.05180012926758561,0.75546881672327,-0.16525883526590046,-0.02276438561269409,-0.7558155760435917,-0.2662371200090381,0.2628436554317098,1.74354550307554,-0.28548512970162193,0.06257430000076386,6
7.0,0.805,0.0,2.5,0.068,7.0,20.0,0.9969,3.48,0.56,9.6,-0.7547991809766207,1.5058836492475554,-1.3932579682543467,-0.017309719899392832,-0.40770164881202536,-0.8515695956057471,-0.8255901216306707,0.10226380360283692,1.09829787531026,-0.5785613430756232,-0.7694745457785532,5
8.8,0.61,0.14,2.4,0.067,10.0,42.0,0.9969,3.19,0.59,9.5,0.28185780431618074,0.44010001131614285,-0.677015706595141,-0.09128427758264665,-0.4279615047698849,-0.5643075369192809,-0.14193645298200866,0.10226380360283692,-0.7729202452090513,-0.4027156150512227,-0.8619244175318104,5
8.9,0.61,0.49,2.0,0.27,23.0,110.0,0.9972,3.12,1.02,9.3,0.3394498590546695,0.44010001131614285,1.113589947552873,-0.3871825083156616,3.684789254675605,0.6804947173887393,1.971174886477492,0.2628436554317098,-1.224593584644746,2.1177398199651916,-1.0468241610383244,5
7.2,0.73,0.02,2.5,0.076,16.0,42.0,0.9972,3.44,0.52,9.3,-0.6396150714996427,1.095966865427781,-1.2909376451601744,-0.017309719899392832,-0.24562280114914908,0.010216580453651524,-0.14193645298200866,0.2628436554317098,0.8401988242041478,-0.8130223137748247,-1.0468241610383244,5
6.8,0.61,0.2,1.8,0.077,11.0,65.0,0.9971,3.54,0.58,9.3,-0.8699832904535987,0.44010001131614285,-0.3700547373126243,-0.535131623682169,-0.22536294519128952,-0.46855351735712547,0.5727923824234107,0.20931703815541883,1.485446451969428,-0.4613308577260231,-1.0468241610383244,5
6.7,0.62,0.21,1.9,0.079,8.0,62.0,0.997,3.52,0.58,9.3,-0.9275753451920874,0.49475558249211277,-0.3188945757655383,-0.4611570659989154,-0.18484323327557037,-0.7558155760435917,0.47956688215313864,0.15579042087912787,1.356396926416372,-0.4613308577260231,-1.0468241610383244,6
8.9,0.31,0.57,2.0,0.111,26.0,85.0,0.9971,3.26,0.53,9.7,0.3394498590546695,-1.1995671239629526,1.5228712399295616,-0.3871825083156616,0.46347215737593533,0.9677567760752055,1.194295717558558,0.20931703815541883,-0.32124690577335663,-0.7544070711000244,-0.6770246740252962,5
7.4,0.39,0.48,2.0,0.0819999999999999,14.0,67.0,0.9972,3.34,0.55,9.2,-0.5244309620226647,-0.7623225545551937,1.0624297860057867,-0.3871825083156616,-0.12406366540199364,-0.18129145867065927,0.6349427159369254,0.2628436554317098,0.19495119643886757,-0.6371765857504236,-1.1392740327915833,5
7.7,0.705,0.1,2.6,0.084,9.0,26.0,0.9976,3.39,0.49,9.7,-0.35165479780719794,0.9593279374878563,-0.8816563527834855,0.056664837783860986,-0.08354395348627253,-0.6600615564814363,-0.6391391210901265,0.476950124536933,0.5175750103215091,-0.9888680417992258,-0.6770246740252962,5
7.9,0.5,0.33,2.0,0.084,15.0,143.0,0.9968,3.2,0.55,9.5,-0.23647068833021995,-0.1611112716195254,0.2950273627994952,-0.3871825083156616,-0.08354395348627253,-0.08553743910850388,2.9966553894504853,0.04873718632654597,-0.7083954824325219,-0.6371765857504236,-0.8619244175318104,5
7.9,0.49,0.32,1.9,0.0819999999999999,17.0,144.0,0.9968,3.2,0.55,9.5,-0.23647068833021995,-0.2157668427954953,0.24386720125240904,-0.4611570659989154,-0.12406366540199364,0.10597060001580692,3.0277305562072425,0.04873718632654597,-0.7083954824325219,-0.6371765857504236,-0.8619244175318104,5
8.2,0.5,0.35,2.9,0.077,21.0,127.0,0.9976,3.23,0.62,9.4,-0.06369452411475372,-0.1611112716195254,0.39734768589366726,0.2785885108336221,-0.22536294519128952,0.48898667826442854,2.4994527213423674,0.476950124536933,-0.5148211941029393,-0.22686988702682157,-0.9543742892850674,5
6.4,0.37,0.25,1.9,0.074,21.0,49.0,0.9974,3.57,0.62,9.8,-1.100351509407554,-0.8716336969071334,-0.11425392957719378,-0.4611570659989154,-0.2861425130648682,0.48898667826442854,0.07558971431529289,0.36989688998429165,1.6790207402990107,-0.22686988702682157,-0.5845748022720374,6
6.8,0.63,0.12,3.8,0.099,16.0,126.0,0.9969,3.28,0.61,9.5,-0.8699832904535987,0.5494111536680827,-0.7793360296893133,0.9443595299829058,0.22035388588162075,0.010216580453651524,2.4683775545856097,0.10226380360283692,-0.19219738022030056,-0.28548512970162193,-0.8619244175318104,5
7.6,0.55,0.21,2.2,0.071,7.0,28.0,0.9964,3.28,0.55,9.7,-0.40924685254568716,0.11216658426032408,-0.3188945757655383,-0.23923339294915397,-0.34692208093844695,-0.8515695956057471,-0.5769887875766118,-0.16536928277867724,-0.19219738022030056,-0.6371765857504236,-0.6770246740252962,5
7.8,0.59,0.33,2.0,0.074,24.0,120.0,0.9968,3.25,0.54,9.4,-0.2940627430687092,0.33078886896420306,0.2950273627994952,-0.3871825083156616,-0.2861425130648682,0.7762487369508947,2.2819265540450657,0.04873718632654597,-0.3857716685498832,-0.6957918284252239,-0.9543742892850674,5
7.3,0.58,0.3,2.4,0.074,15.0,55.0,0.9968,3.46,0.59,10.2,-0.5820230167611539,0.27613329778823315,0.14154687815823674,-0.09128427758264665,-0.2861425130648682,-0.08553743910850388,0.2620407148558371,0.04873718632654597,0.9692483497572039,-0.4027156150512227,-0.21477531525900906,5
11.5,0.3,0.6,2.0,0.067,12.0,27.0,0.9981,3.11,0.97,10.1,1.8368432822553817,-1.2542226951389224,1.6763517245708202,-0.3871825083156616,-0.4279615047698849,-0.37279949779497007,-0.6080639543333691,0.7445832109183878,-1.2891183474212755,1.8246636065911896,-0.30722518701226614,6
5.4,0.835,0.08,1.2,0.046,13.0,93.0,0.9924,3.57,0.85,13.0,-1.6762720567924436,1.6698503627754644,-0.9839766758776577,-0.9789789697816916,-0.8534184798849357,-0.27704547823281467,1.442897051612617,-2.306433973830553,1.6790207402990107,1.1212806944935858,2.3738210938321993,7
6.9,1.09,0.06,2.1,0.061,12.0,31.0,0.9948,3.51,0.43,11.4,-0.8123912357151094,3.0635674277626963,-1.08629699897183,-0.3132079506324078,-0.5495206405170424,-0.37279949779497007,-0.48376328730633966,-1.021795159199392,1.2918721636398425,-1.3405594978480277,0.894623145780081,4
9.6,0.32,0.47,1.4,0.0559999999999999,9.0,24.0,0.99695,3.22,0.82,10.3,0.7425942422240916,-1.1449115527869826,1.0112696244587007,-0.8310298544151842,-0.6508199203063422,-0.6600615564814363,-0.7012894546036412,0.1290271122409824,-0.5793459568794659,0.9454349664691847,-0.12232544350575032,7
8.8,0.37,0.48,2.1,0.0969999999999999,39.0,145.0,0.9975,3.04,1.03,9.3,0.28185780431618074,-0.8716336969071334,1.0624297860057867,-0.3132079506324078,0.17983417396589965,2.212559030383226,3.0588057229639998,0.42342350726064204,-1.7407916868569702,2.176355062639992,-1.0468241610383244,5
6.8,0.5,0.11,1.5,0.075,16.0,49.0,0.99545,3.36,0.79,9.5,-0.8699832904535987,-0.1611112716195254,-0.8304961912363995,-0.7570552967319304,-0.26588265710700865,0.010216580453651524,0.07558971431529289,-0.6738721469035007,0.32400072199192365,0.7695892384447842,-0.8619244175318104,5
7.0,0.42,0.35,1.6,0.088,16.0,39.0,0.9961,3.34,0.55,9.2,-0.7547991809766207,-0.5983558410272842,0.39734768589366726,-0.6830807390486765,-0.0025045296548345205,0.010216580453651524,-0.23516195325228073,-0.3259491346075501,0.19495119643886757,-0.6371765857504236,-1.1392740327915833,5
7.0,0.43,0.36,1.6,0.089,14.0,37.0,0.99615,3.34,0.56,9.2,-0.7547991809766207,-0.5437002698513144,0.4485078474407534,-0.6830807390486765,0.01775532630302505,-0.18129145867065927,-0.29731228676579546,-0.29918582596940463,0.19495119643886757,-0.5785613430756232,-1.1392740327915833,6
12.8,0.3,0.74,2.6,0.095,9.0,28.0,0.9994,3.2,0.77,10.8,2.5855399938557384,-1.2542226951389224,2.392593986230026,0.056664837783860986,0.13931446205018247,-0.6600615564814363,-0.5769887875766118,1.4404292355102295,-0.7083954824325219,0.6523587530951834,0.3399239152605368,7
7.8,0.57,0.31,1.8,0.069,26.0,120.0,0.99625,3.29,0.53,9.3,-0.2940627430687092,0.22147772661226328,0.1927070397053229,-0.535131623682169,-0.3874417928541658,0.9677567760752055,2.2819265540450657,-0.24565920869311367,-0.1276726174437711,-0.7544070711000244,-1.0468241610383244,5
7.8,0.44,0.28,2.7,0.1,18.0,95.0,0.9966,3.22,0.67,9.4,-0.2940627430687092,-0.4890446986753445,0.039226555064064694,0.1306393954671148,0.24061374183948034,0.20172461957796234,1.5050473851261317,-0.05831604822603592,-0.5793459568794659,0.06620632634718031,-0.9543742892850674,5
11.0,0.3,0.58,2.1,0.054,7.0,19.0,0.998,3.31,0.88,10.5,1.548883008562937,-1.2542226951389224,1.5740314014766479,-0.3132079506324078,-0.6913396322220592,-0.8515695956057471,-0.8566652883874281,0.6910565936420968,0.0013769081092849425,1.297126422517987,0.06257430000076386,7
9.7,0.53,0.6,2.0,0.039,5.0,19.0,0.99585,3.3,0.86,12.4,0.8001862969625804,0.002855441908384288,1.6763517245708202,-0.3871825083156616,-0.9952374715899525,-1.0430776347300579,-0.8566652883874281,-0.4597656777982775,-0.06314785466724451,1.1798959371683861,1.8191218633126551,6
8.0,0.725,0.24,2.8,0.083,10.0,62.0,0.99685,3.35,0.56,10.0,-0.1788786335917312,1.068639079839796,-0.16541409112427993,0.2046139531503683,-0.10380380944413209,-0.5643075369192809,0.47956688215313864,0.07550049496469145,0.259475959215397,-0.5785613430756232,-0.39967505876552323,6
11.6,0.44,0.64,2.1,0.059,5.0,15.0,0.998,3.21,0.67,10.2,1.8944353369938705,-0.4890446986753445,1.8809923707591647,-0.3132079506324078,-0.5900403524327615,-1.0430776347300579,-0.9809659554144575,0.6910565936420968,-0.6438707196559953,0.06620632634718031,-0.21477531525900906,6
8.2,0.57,0.26,2.2,0.06,28.0,65.0,0.9959,3.3,0.43,10.1,-0.06369452411475372,0.22147772661226328,-0.06309376803010762,-0.23923339294915397,-0.5697804964749019,1.1592648151995164,0.5727923824234107,-0.43300236916013196,-0.06314785466724451,-1.3405594978480277,-0.30722518701226614,5
7.8,0.735,0.08,2.4,0.092,10.0,41.0,0.9974,3.24,0.71,9.8,-0.2940627430687092,1.123294651015766,-0.9839766758776577,-0.09128427758264665,0.07853489417660377,-0.5643075369192809,-0.17301161973876603,0.36989688998429165,-0.4502964313264098,0.3006672970463812,-0.5845748022720374,6
7.0,0.49,0.49,5.6,0.06,26.0,121.0,0.9974,3.34,0.76,10.5,-0.7547991809766207,-0.2157668427954953,1.113589947552873,2.275901568281473,-0.5697804964749019,0.9677567760752055,2.313001720801823,0.36989688998429165,0.19495119643886757,0.5937435104203831,0.06257430000076386,5
8.7,0.625,0.16,2.0,0.1009999999999999,13.0,49.0,0.9962,3.14,0.57,11.0,0.224265749577691,0.5220833680800977,-0.5746953835009688,-0.3871825083156616,0.26087359779733765,-0.27704547823281467,0.07558971431529289,-0.27242251733125916,-1.09554405909169,-0.5199461004008235,0.524823658767051,5
8.1,0.725,0.22,2.2,0.072,11.0,41.0,0.9967,3.36,0.55,9.1,-0.12128657885324247,1.068639079839796,-0.2677344142184521,-0.23923339294915397,-0.3266622249805874,-0.46855351735712547,-0.17301161973876603,-0.004789430949744973,0.32400072199192365,-0.6371765857504236,-1.2317239045448403,5
7.5,0.49,0.19,1.9,0.076,10.0,44.0,0.9957,3.39,0.54,9.7,-0.46683890728417593,-0.2157668427954953,-0.4212148988597105,-0.4611570659989154,-0.24562280114914908,-0.5643075369192809,-0.07978611946849393,-0.5400556037127139,0.5175750103215091,-0.6957918284252239,-0.6770246740252962,5
7.8,0.53,0.33,2.4,0.08,24.0,144.0,0.99655,3.3,0.6,9.5,-0.2940627430687092,0.002855441908384288,0.2950273627994952,-0.09128427758264665,-0.1645833773177108,0.7762487369508947,3.0277305562072425,-0.0850793568641814,-0.06314785466724451,-0.3441003723764223,-0.8619244175318104,5
7.8,0.34,0.37,2.0,0.0819999999999999,24.0,58.0,0.9964,3.34,0.59,9.4,-0.2940627430687092,-1.035600410435043,0.4996680089878396,-0.3871825083156616,-0.12406366540199364,0.7762487369508947,0.3552662151261092,-0.16536928277867724,0.19495119643886757,-0.4027156150512227,-0.9543742892850674,6
7.4,0.53,0.26,2.0,0.1009999999999999,16.0,72.0,0.9957,3.15,0.57,9.4,-0.5244309620226647,0.002855441908384288,-0.06309376803010762,-0.3871825083156616,0.26087359779733765,0.010216580453651524,0.7903185497207122,-0.5400556037127139,-1.0310192963151634,-0.5199461004008235,-0.9543742892850674,5
6.8,0.61,0.04,1.5,0.057,5.0,10.0,0.99525,3.42,0.6,9.5,-0.8699832904535987,0.44010001131614285,-1.1886173220660021,-0.7570552967319304,-0.6305600643484806,-1.0430776347300579,-1.1363417891982444,-0.7809253814560826,0.7111492986510918,-0.3441003723764223,-0.8619244175318104,5
8.6,0.645,0.25,2.0,0.083,8.0,28.0,0.99815,3.28,0.6,10.0,0.16667369483920225,0.6313945104320375,-0.11425392957719378,-0.3871825083156616,-0.10380380944413209,-0.7558155760435917,-0.5769887875766118,0.7713465195565332,-0.19219738022030056,-0.3441003723764223,-0.39967505876552323,6
8.4,0.635,0.36,2.0,0.089,15.0,55.0,0.99745,3.31,0.57,10.4,0.051489585362224775,0.5767389392560676,0.4485078474407534,-0.3871825083156616,0.01775532630302505,-0.08553743910850388,0.2620407148558371,0.3966601986224371,0.0013769081092849425,-0.5199461004008235,-0.029875571752493238,4
7.7,0.43,0.25,2.6,0.073,29.0,63.0,0.99615,3.37,0.58,10.5,-0.35165479780719794,-0.5437002698513144,-0.11425392957719378,0.056664837783860986,-0.3064023690227278,1.2550188347616718,0.510642048909896,-0.29918582596940463,0.38852548476845306,-0.4613308577260231,0.06257430000076386,6
8.9,0.59,0.5,2.0,0.337,27.0,81.0,0.9964,3.04,1.61,9.5,0.3394498590546695,0.33078886896420306,1.164750109099959,-0.3871825083156616,5.042199603852195,1.0635107956373608,1.0699950505315285,-0.16536928277867724,-1.7407916868569702,5.5760391377784115,-0.8619244175318104,6
9.0,0.82,0.14,2.6,0.089,9.0,23.0,0.9984,3.39,0.63,9.8,0.39704191379315823,1.5878670060115094,-0.677015706595141,0.056664837783860986,0.01775532630302505,-0.6600615564814363,-0.7323646213603986,0.9051630627472605,0.5175750103215091,-0.1682546443520212,-0.5845748022720374,5
6.9,0.52,0.25,2.6,0.081,10.0,37.0,0.99685,3.46,0.5,11.0,-0.8123912357151094,-0.05180012926758561,-0.11425392957719378,0.056664837783860986,-0.14432352135985124,-0.5643075369192809,-0.29731228676579546,0.07550049496469145,0.9692483497572039,-0.9302527991244255,0.524823658767051,5
5.2,0.48,0.04,1.6,0.054,19.0,106.0,0.9927,3.54,0.62,12.2,-1.7914561662694215,-0.2704224139714652,-1.1886173220660021,-0.6830807390486765,-0.6913396322220592,0.29747863914011774,1.8468742194504626,-2.1458541220016207,1.485446451969428,-0.22686988702682157,1.6342221198061393,7
8.0,0.38,0.06,1.8,0.078,12.0,49.0,0.99625,3.37,0.52,9.9,-0.1788786335917312,-0.8169781257311636,-1.08629699897183,-0.535131623682169,-0.20510308923342996,-0.37279949779497007,0.07558971431529289,-0.24565920869311367,0.38852548476845306,-0.8130223137748247,-0.4921249305187803,6
8.5,0.37,0.2,2.8,0.09,18.0,58.0,0.998,3.34,0.7,9.6,0.10908164010071351,-0.8716336969071334,-0.3700547373126243,0.2046139531503683,0.03801518226088462,0.20172461957796234,0.3552662151261092,0.6910565936420968,0.19495119643886757,0.2420520543715808,-0.7694745457785532,6
8.2,1.0,0.09,2.3,0.065,7.0,37.0,0.99685,3.32,0.55,9.0,-0.06369452411475372,2.571667287178967,-0.9328165143305717,-0.16525883526590046,-0.4684812166856041,-0.8515695956057471,-0.29731228676579546,0.07550049496469145,0.06590167088581153,-0.6371765857504236,-1.3241737762980974,6
7.2,0.63,0.0,1.9,0.0969999999999999,14.0,38.0,0.99675,3.37,0.58,9.0,-0.6396150714996427,0.5494111536680827,-1.3932579682543467,-0.4611570659989154,0.17983417396589965,-0.18129145867065927,-0.2662371200090381,0.021973877688400503,0.38852548476845306,-0.4613308577260231,-1.3241737762980974,6
7.2,0.645,0.0,1.9,0.0969999999999999,15.0,39.0,0.99675,3.37,0.58,9.2,-0.6396150714996427,0.6313945104320375,-1.3932579682543467,-0.4611570659989154,0.17983417396589965,-0.08553743910850388,-0.23516195325228073,0.021973877688400503,0.38852548476845306,-0.4613308577260231,-1.1392740327915833,6
8.9,0.635,0.37,1.7,0.263,5.0,62.0,0.9971,3.0,1.09,9.3,0.3394498590546695,0.5767389392560676,0.4996680089878396,-0.6091061813654229,3.542970262970588,-1.0430776347300579,0.47956688215313864,0.20931703815541883,-1.9988907379630823,2.5280465186887944,-1.0468241610383244,5
12.0,0.38,0.56,2.1,0.093,6.0,24.0,0.99925,3.14,0.71,10.9,2.1248035559478264,-0.8169781257311636,1.471711078382476,-0.3132079506324078,0.09879475013446333,-0.9473236151679025,-0.7012894546036412,1.360139309595793,-1.09554405909169,0.3006672970463812,0.43237378701379386,6
7.7,0.58,0.1,1.8,0.102,28.0,109.0,0.99565,3.08,0.49,9.8,-0.35165479780719794,0.27613329778823315,-0.8816563527834855,-0.535131623682169,0.2811334537551992,1.1592648151995164,1.9400997197207348,-0.5668189123508593,-1.482692635750858,-0.9888680417992258,-0.5845748022720374,6
15.0,0.21,0.44,2.2,0.075,10.0,24.0,1.00005,3.07,0.84,9.2,3.8525651981024946,-1.7461228357226513,0.8577891398174424,-0.23923339294915397,-0.26588265710700865,-0.5643075369192809,-0.7012894546036412,1.7883522478062395,-1.5472173985273876,1.0626654518187855,-1.1392740327915833,7
7.3,0.66,0.0,2.0,0.084,6.0,23.0,0.9983,3.61,0.96,9.9,-0.5820230167611539,0.7133778671959924,-1.3932579682543467,-0.3871825083156616,-0.08354395348627253,-0.9473236151679025,-0.7323646213603986,0.8516364454709696,1.9371197914051228,1.7660483639163893,-0.4921249305187803,6
7.1,0.68,0.07,1.9,0.075,16.0,51.0,0.99685,3.38,0.52,9.5,-0.6972071262381319,0.8226890095479321,-1.0351368374247438,-0.4611570659989154,-0.26588265710700865,0.010216580453651524,0.1377400478288076,0.07550049496469145,0.4530502475449797,-0.8130223137748247,-0.8619244175318104,5
8.2,0.6,0.17,2.3,0.072,11.0,73.0,0.9963,3.2,0.45,9.3,-0.06369452411475372,0.385444440140173,-0.5235352219538827,-0.16525883526590046,-0.3266622249805874,-0.46855351735712547,0.8213937164774696,-0.2188959000549682,-0.7083954824325219,-1.223329012498427,-1.0468241610383244,5
7.7,0.53,0.06,1.7,0.074,9.0,39.0,0.99615,3.35,0.48,9.8,-0.35165479780719794,0.002855441908384288,-1.08629699897183,-0.6091061813654229,-0.2861425130648682,-0.6600615564814363,-0.23516195325228073,-0.29918582596940463,0.259475959215397,-1.0474832844740263,-0.5845748022720374,6
10.8,0.32,0.44,1.6,0.063,16.0,37.0,0.9985,3.22,0.78,10.0,1.4336988990859596,-1.1449115527869826,0.8577891398174424,-0.6830807390486765,-0.5090009286013232,0.010216580453651524,-0.29731228676579546,0.958689680023611,-0.5793459568794659,0.7109739957699838,-0.39967505876552323,6
7.1,0.6,0.0,1.8,0.074,16.0,34.0,0.9972,3.47,0.7,9.9,-0.6972071262381319,0.385444440140173,-1.3932579682543467,-0.535131623682169,-0.2861425130648682,0.010216580453651524,-0.39053778703606756,0.2628436554317098,1.0337731125337333,0.2420520543715808,-0.4921249305187803,6
11.1,0.35,0.48,3.1,0.09,5.0,21.0,0.9986,3.17,0.53,10.5,1.6064750633014258,-0.9809448392590733,1.0624297860057867,0.42653762620012975,0.03801518226088462,-1.0430776347300579,-0.7945149548739133,1.0122162972999018,-0.9019697707621074,-0.7544070711000244,0.06257430000076386,5
7.7,0.775,0.42,1.9,0.092,8.0,86.0,0.9959,3.23,0.59,9.5,-0.35165479780719794,1.3419169357196457,0.75546881672327,-0.4611570659989154,0.07853489417660377,-0.7558155760435917,1.2253708843153153,-0.43300236916013196,-0.5148211941029393,-0.4027156150512227,-0.8619244175318104,5
8.0,0.57,0.23,3.2,0.073,17.0,119.0,0.99675,3.26,0.57,9.3,-0.1788786335917312,0.22147772661226328,-0.21657425267136596,0.5005121838833836,-0.3064023690227278,0.10597060001580692,2.2508513872883085,0.021973877688400503,-0.32124690577335663,-0.5199461004008235,-1.0468241610383244,5
9.4,0.34,0.37,2.2,0.075,5.0,13.0,0.998,3.22,0.62,9.2,0.6274101327471142,-1.035600410435043,0.4996680089878396,-0.23923339294915397,-0.26588265710700865,-1.0430776347300579,-1.0431162889279721,0.6910565936420968,-0.5793459568794659,-0.22686988702682157,-1.1392740327915833,5
6.6,0.695,0.0,2.1,0.075,12.0,56.0,0.9968,3.49,0.67,9.2,-0.9851673999305766,0.9046723663118864,-1.3932579682543467,-0.3132079506324078,-0.26588265710700865,-0.37279949779497007,0.29311588161259444,0.04873718632654597,1.1628226380867894,0.06620632634718031,-1.1392740327915833,5
7.7,0.41,0.76,1.8,0.611,8.0,45.0,0.9968,3.06,1.26,9.4,-0.35165479780719794,-0.6530114122032542,2.4949143093241983,-0.535131623682169,10.593400136305712,-0.7558155760435917,-0.04871095271173656,0.04873718632654597,-1.6117421613039142,3.5245056441603992,-0.9543742892850674,5
10.0,0.31,0.47,2.6,0.085,14.0,33.0,0.99965,3.36,0.8,10.5,0.9729624611780476,-1.1995671239629526,1.0112696244587007,0.056664837783860986,-0.06328409752841295,-0.18129145867065927,-0.42161295379282493,1.5742457787010162,0.32400072199192365,0.8282044811195846,0.06257430000076386,7
7.9,0.33,0.23,1.7,0.077,18.0,45.0,0.99625,3.29,0.65,9.3,-0.23647068833021995,-1.0902559816110127,-0.21657425267136596,-0.6091061813654229,-0.22536294519128952,0.20172461957796234,-0.04871095271173656,-0.24565920869311367,-0.1276726174437711,-0.051024159002420445,-1.0468241610383244,5
7.0,0.975,0.04,2.0,0.087,12.0,67.0,0.99565,3.35,0.6,9.4,-0.7547991809766207,2.4350283592390425,-1.1886173220660021,-0.3871825083156616,-0.02276438561269409,-0.37279949779497007,0.6349427159369254,-0.5668189123508593,0.259475959215397,-0.3441003723764223,-0.9543742892850674,4
8.0,0.52,0.03,1.7,0.07,10.0,35.0,0.99575,3.34,0.57,10.0,-0.1788786335917312,-0.05180012926758561,-1.2397774836130884,-0.6091061813654229,-0.36718193689630624,-0.5643075369192809,-0.3594626202793102,-0.5132922950745684,0.19495119643886757,-0.5199461004008235,-0.39967505876552323,5
7.9,0.37,0.23,1.8,0.077,23.0,49.0,0.9963,3.28,0.67,9.3,-0.23647068833021995,-0.8716336969071334,-0.21657425267136596,-0.535131623682169,-0.22536294519128952,0.6804947173887393,0.07558971431529289,-0.2188959000549682,-0.19219738022030056,0.06620632634718031,-1.0468241610383244,5
12.5,0.56,0.49,2.4,0.064,5.0,27.0,0.9999,3.08,0.87,10.9,2.412763829640271,0.16682215543629397,1.113589947552873,-0.09128427758264665,-0.48874107264346367,-1.0430776347300579,-0.6080639543333691,1.7080623218917437,-1.482692635750858,1.2385111798431865,0.43237378701379386,5
11.8,0.26,0.52,1.8,0.071,6.0,10.0,0.9968,3.2,0.72,10.2,2.009619446470849,-1.4728449798428018,1.2670704321941315,-0.535131623682169,-0.34692208093844695,-0.9473236151679025,-1.1363417891982444,0.04873718632654597,-0.7083954824325219,0.35928253972118157,-0.21477531525900906,7
8.1,0.87,0.0,3.3,0.096,26.0,61.0,1.00025,3.6,0.72,9.8,-0.12128657885324247,1.861144861891359,-1.3932579682543467,0.574486741566637,0.15957431800804206,0.9677567760752055,0.4484917153963813,1.8954054823588213,1.8725950286285962,0.35928253972118157,-0.5845748022720374,4
7.9,0.35,0.46,3.6,0.078,15.0,37.0,0.9973,3.35,0.86,12.8,-0.23647068833021995,-0.9809448392590733,0.9601094629116147,0.7964104146163985,-0.20510308923342996,-0.08553743910850388,-0.29731228676579546,0.3163702727080007,0.259475959215397,1.1798959371683861,2.188921350325685,8
6.9,0.54,0.04,3.0,0.077,7.0,27.0,0.9987,3.69,0.91,9.4,-0.8123912357151094,0.05751101308435418,-1.1886173220660021,0.3525630685168759,-0.22536294519128952,-0.8515695956057471,-0.6080639543333691,1.0657429145761927,2.453317893617347,1.472972150542388,-0.9543742892850674,6
11.5,0.18,0.51,4.0,0.104,4.0,23.0,0.9996,3.28,0.97,10.1,1.8368432822553817,-1.9100895492505605,1.2159102706470453,1.0923086453494135,0.32165316567091834,-1.1388316542922132,-0.7323646213603986,1.5474824700628709,-0.19219738022030056,1.8246636065911896,-0.30722518701226614,6
7.9,0.545,0.06,4.0,0.087,27.0,61.0,0.9965,3.36,0.67,10.7,-0.23647068833021995,0.08483879867233914,-1.08629699897183,1.0923086453494135,-0.02276438561269409,1.0635107956373608,0.4484917153963813,-0.11184266550232687,0.32400072199192365,0.06620632634718031,0.24747404350727803,6
10.9,0.37,0.58,4.0,0.071,17.0,65.0,0.99935,3.22,0.78,10.1,1.4912909538244483,-0.8716336969071334,1.5740314014766479,1.0923086453494135,-0.34692208093844695,0.10597060001580692,0.5727923824234107,1.413665926872084,-0.5793459568794659,0.7109739957699838,-0.30722518701226614,5
8.4,0.715,0.2,2.4,0.076,10.0,38.0,0.99735,3.31,0.64,9.4,0.051489585362224775,1.0139835086638262,-0.3700547373126243,-0.09128427758264665,-0.24562280114914908,-0.5643075369192809,-0.2662371200090381,0.3431335813461462,0.0013769081092849425,-0.10963940167722082,-0.9543742892850674,5
7.5,0.65,0.18,7.0,0.088,27.0,94.0,0.99915,3.38,0.77,9.4,-0.46683890728417593,0.6587222960200224,-0.4723750604067966,3.311545375847026,-0.0025045296548345205,1.0635107956373608,1.4739722183693742,1.306612692319502,0.4530502475449797,0.6523587530951834,-0.9543742892850674,5
10.3,0.32,0.45,6.4,0.073,5.0,13.0,0.9976,3.23,0.82,12.6,1.145738625393515,-1.1449115527869826,0.9089493013645286,2.867698029747504,-0.3064023690227278,-1.0430776347300579,-1.0431162889279721,0.476950124536933,-0.5148211941029393,0.9454349664691847,2.0040216068191694,8
8.9,0.4,0.32,5.6,0.087,10.0,47.0,0.9991,3.38,0.77,10.5,0.3394498590546695,-0.7076669833792237,0.24386720125240904,2.275901568281473,-0.02276438561269409,-0.5643075369192809,0.013439380801778167,1.2798493836813567,0.4530502475449797,0.6523587530951834,0.06257430000076386,7
11.4,0.26,0.44,3.6,0.071,6.0,19.0,0.9986,3.12,0.82,9.3,1.779251227516893,-1.4728449798428018,0.8577891398174424,0.7964104146163985,-0.34692208093844695,-0.9473236151679025,-0.8566652883874281,1.0122162972999018,-1.224593584644746,0.9454349664691847,-1.0468241610383244,6
7.7,0.27,0.68,3.5,0.358,5.0,10.0,0.9972,3.25,1.08,9.9,-0.35165479780719794,-1.4181894086668319,2.0856330169475092,0.7224358569331447,5.467656578967245,-1.0430776347300579,-1.1363417891982444,0.2628436554317098,-0.3857716685498832,2.469431276013994,-0.4921249305187803,7
7.6,0.52,0.12,3.0,0.067,12.0,53.0,0.9971,3.36,0.57,9.1,-0.40924685254568716,-0.05180012926758561,-0.7793360296893133,0.3525630685168759,-0.4279615047698849,-0.37279949779497007,0.19989038134232234,0.20931703815541883,0.32400072199192365,-0.5199461004008235,-1.2317239045448403,5
9.9,0.59,0.07,3.4,0.102,32.0,71.0,1.00015,3.31,0.71,9.8,0.9153704064395589,0.33078886896420306,-1.0351368374247438,0.6484612992498909,0.2811334537551992,1.542280893448138,0.7592433829639549,1.8418788650825304,0.0013769081092849425,0.3006672970463812,-0.5845748022720374,5
12.0,0.45,0.55,2.0,0.073,25.0,49.0,0.9997,3.1,0.76,10.3,2.1248035559478264,-0.4343891274993746,1.4205509168353898,-0.3871825083156616,-0.3064023690227278,0.8720027565130501,0.07558971431529289,1.6010090873391618,-1.3536431101978021,0.5937435104203831,-0.12232544350575032,6
7.5,0.4,0.12,3.0,0.092,29.0,53.0,0.9967,3.37,0.7,10.3,-0.46683890728417593,-0.7076669833792237,-0.7793360296893133,0.3525630685168759,0.07853489417660377,1.2550188347616718,0.19989038134232234,-0.004789430949744973,0.38852548476845306,0.2420520543715808,-0.12232544350575032,6
8.7,0.52,0.09,2.5,0.091,20.0,49.0,0.9976,3.34,0.86,10.6,0.224265749577691,-0.05180012926758561,-0.9328165143305717,-0.017309719899392832,0.05827503821874419,0.39323265870227314,0.07558971431529289,0.476950124536933,0.19495119643886757,1.1798959371683861,0.15502417175402095,7
11.6,0.42,0.53,3.3,0.105,33.0,98.0,1.001,3.2,0.95,9.2,1.8944353369938705,-0.5983558410272842,1.3182305937412175,0.574486741566637,0.3419130216287779,1.6380349130102936,1.5982728853964037,2.296855111930944,-0.7083954824325219,1.707433121241589,-1.1392740327915833,5
11.0,0.2,0.48,2.0,0.3429999999999999,6.0,18.0,0.9979,3.3,0.71,10.5,1.548883008562937,-1.8007784068986208,1.0624297860057867,-0.3871825083156616,5.16375873959935,-0.9473236151679025,-0.8877404551441854,0.6375299763658059,-0.06314785466724451,0.3006672970463812,0.06257430000076386,5
10.4,0.55,0.23,2.7,0.091,18.0,48.0,0.9994,3.22,0.64,10.3,1.2033306801320036,0.11216658426032408,-0.21657425267136596,0.1306393954671148,0.05827503821874419,0.20172461957796234,0.04451454755853553,1.4404292355102295,-0.5793459568794659,-0.10963940167722082,-0.12232544350575032,6
6.9,0.36,0.25,2.4,0.098,5.0,16.0,0.9964,3.41,0.6,10.1,-0.8123912357151094,-0.9262892680831034,-0.11425392957719378,-0.09128427758264665,0.20009402992376119,-1.0430776347300579,-0.9498907886577002,-0.16536928277867724,0.6466245358745651,-0.3441003723764223,-0.30722518701226614,6
13.3,0.34,0.52,3.2,0.094,17.0,53.0,1.0014,3.05,0.81,9.5,2.873500267548183,-1.035600410435043,1.2670704321941315,0.5005121838833836,0.1190546060923229,0.10597060001580692,0.19989038134232234,2.5109615810362267,-1.6762669240804438,0.886819723794385,-0.8619244175318104,6
10.8,0.5,0.46,2.5,0.073,5.0,27.0,1.0001,3.05,0.64,9.5,1.4336988990859596,-0.1611112716195254,0.9601094629116147,-0.017309719899392832,-0.3064023690227278,-1.0430776347300579,-0.6080639543333691,1.8151155564443255,-1.6762669240804438,-0.10963940167722082,-0.8619244175318104,5
10.6,0.83,0.37,2.6,0.086,26.0,70.0,0.9981,3.16,0.52,9.9,1.318514789608981,1.6425225771874794,0.4996680089878396,0.056664837783860986,-0.043024241570553665,0.9677567760752055,0.7281682162071975,0.7445832109183878,-0.966494533538634,-0.8130223137748247,-0.4921249305187803,5
7.1,0.63,0.06,2.0,0.083,8.0,29.0,0.99855,3.67,0.73,9.6,-0.6972071262381319,0.5494111536680827,-1.08629699897183,-0.3871825083156616,-0.10380380944413209,-0.7558155760435917,-0.5459136208198544,0.9854529886617565,2.324268368064291,0.4178977823959819,-0.7694745457785532,5
7.2,0.65,0.02,2.3,0.094,5.0,31.0,0.9993,3.67,0.8,9.7,-0.6396150714996427,0.6587222960200224,-1.2909376451601744,-0.16525883526590046,0.1190546060923229,-1.0430776347300579,-0.48376328730633966,1.3869026182339386,2.324268368064291,0.8282044811195846,-0.6770246740252962,5
6.9,0.67,0.06,2.1,0.08,8.0,33.0,0.99845,3.68,0.71,9.6,-0.8123912357151094,0.7680334383719623,-1.08629699897183,-0.3132079506324078,-0.1645833773177108,-0.7558155760435917,-0.42161295379282493,0.931926371385406,2.3887931308408206,0.3006672970463812,-0.7694745457785532,5
7.5,0.53,0.06,2.6,0.086,20.0,44.0,0.9965,3.38,0.59,10.7,-0.46683890728417593,0.002855441908384288,-1.08629699897183,0.056664837783860986,-0.043024241570553665,0.39323265870227314,-0.07978611946849393,-0.11184266550232687,0.4530502475449797,-0.4027156150512227,0.24747404350727803,6
11.1,0.18,0.48,1.5,0.068,7.0,15.0,0.9973,3.22,0.64,10.1,1.6064750633014258,-1.9100895492505605,1.0624297860057867,-0.7570552967319304,-0.40770164881202536,-0.8515695956057471,-0.9809659554144575,0.3163702727080007,-0.5793459568794659,-0.10963940167722082,-0.30722518701226614,6
8.3,0.705,0.12,2.6,0.092,12.0,28.0,0.9994,3.51,0.72,10.0,-0.0061024693762639646,0.9593279374878563,-0.7793360296893133,0.056664837783860986,0.07853489417660377,-0.37279949779497007,-0.5769887875766118,1.4404292355102295,1.2918721636398425,0.35928253972118157,-0.39967505876552323,5
7.4,0.67,0.12,1.6,0.186,5.0,21.0,0.996,3.39,0.54,9.5,-0.5244309620226647,0.7680334383719623,-0.7793360296893133,-0.6830807390486765,1.9829613542154017,-1.0430776347300579,-0.7945149548739133,-0.37947575188384103,0.5175750103215091,-0.6957918284252239,-0.8619244175318104,5
8.4,0.65,0.6,2.1,0.1119999999999999,12.0,90.0,0.9973,3.2,0.52,9.2,0.051489585362224775,0.6587222960200224,1.6763517245708202,-0.3132079506324078,0.48373201333379295,-0.37279949779497007,1.3496715513423447,0.3163702727080007,-0.7083954824325219,-0.8130223137748247,-1.1392740327915833,5
10.3,0.53,0.48,2.5,0.063,6.0,25.0,0.9998,3.12,0.59,9.3,1.145738625393515,0.002855441908384288,1.0624297860057867,-0.017309719899392832,-0.5090009286013232,-0.9473236151679025,-0.6702142878468839,1.6545357046154527,-1.224593584644746,-0.4027156150512227,-1.0468241610383244,6
7.6,0.62,0.32,2.2,0.0819999999999999,7.0,54.0,0.9966,3.36,0.52,9.4,-0.40924685254568716,0.49475558249211277,0.24386720125240904,-0.23923339294915397,-0.12406366540199364,-0.8515695956057471,0.2309655480990797,-0.05831604822603592,0.32400072199192365,-0.8130223137748247,-0.9543742892850674,5
10.3,0.41,0.42,2.4,0.213,6.0,14.0,0.9994,3.19,0.62,9.5,1.145738625393515,-0.6530114122032542,0.75546881672327,-0.09128427758264665,2.5299774650776095,-0.9473236151679025,-1.012041122171215,1.4404292355102295,-0.7729202452090513,-0.22686988702682157,-0.8619244175318104,6
10.3,0.43,0.44,2.4,0.214,5.0,12.0,0.9994,3.19,0.63,9.5,1.145738625393515,-0.5437002698513144,0.8577891398174424,-0.09128427758264665,2.550237321035469,-1.0430776347300579,-1.0741914556847296,1.4404292355102295,-0.7729202452090513,-0.1682546443520212,-0.8619244175318104,6
7.4,0.29,0.38,1.7,0.062,9.0,30.0,0.9968,3.41,0.53,9.5,-0.5244309620226647,-1.3088782663148923,0.5508281705349257,-0.6091061813654229,-0.5292607845591828,-0.6600615564814363,-0.514838454063097,0.04873718632654597,0.6466245358745651,-0.7544070711000244,-0.8619244175318104,6
7.9,0.53,0.24,2.0,0.072,15.0,105.0,0.996,3.27,0.54,9.4,-0.23647068833021995,0.002855441908384288,-0.16541409112427993,-0.3871825083156616,-0.3266622249805874,-0.08553743910850388,1.8157990526937053,-0.37947575188384103,-0.25672214299682716,-0.6957918284252239,-0.9543742892850674,6
9.0,0.46,0.31,2.8,0.093,19.0,98.0,0.99815,3.32,0.63,9.5,0.39704191379315823,-0.3797335563234047,0.1927070397053229,0.2046139531503683,0.09879475013446333,0.29747863914011774,1.5982728853964037,0.7713465195565332,0.06590167088581153,-0.1682546443520212,-0.8619244175318104,6
8.6,0.47,0.3,3.0,0.076,30.0,135.0,0.9976,3.3,0.53,9.4,0.16667369483920225,-0.3250779851474351,0.14154687815823674,0.3525630685168759,-0.24562280114914908,1.350772854323827,2.7480540553964263,0.476950124536933,-0.06314785466724451,-0.7544070711000244,-0.9543742892850674,5
7.4,0.36,0.29,2.6,0.087,26.0,72.0,0.99645,3.39,0.68,11.0,-0.5244309620226647,-0.9262892680831034,0.09038671661115057,0.056664837783860986,-0.02276438561269409,0.9677567760752055,0.7903185497207122,-0.13860597414053177,0.5175750103215091,0.12482156902198069,0.524823658767051,5
7.1,0.35,0.29,2.5,0.096,20.0,53.0,0.9962,3.42,0.65,11.0,-0.6972071262381319,-0.9809448392590733,0.09038671661115057,-0.017309719899392832,0.15957431800804206,0.39323265870227314,0.19989038134232234,-0.27242251733125916,0.7111492986510918,-0.051024159002420445,0.524823658767051,6
9.6,0.56,0.23,3.4,0.102,37.0,92.0,0.9996,3.3,0.65,10.1,0.7425942422240916,0.16682215543629397,-0.21657425267136596,0.6484612992498909,0.2811334537551992,2.021050991258915,1.4118218848558595,1.5474824700628709,-0.06314785466724451,-0.051024159002420445,-0.30722518701226614,5
9.6,0.77,0.12,2.9,0.0819999999999999,30.0,74.0,0.99865,3.3,0.64,10.4,0.7425942422240916,1.3145891501316607,-0.7793360296893133,0.2785885108336221,-0.12406366540199364,1.350772854323827,0.852468883234227,1.0389796059380474,-0.06314785466724451,-0.10963940167722082,-0.029875571752493238,6
9.8,0.66,0.39,3.2,0.083,21.0,59.0,0.9989,3.37,0.71,11.5,0.8577783517010702,0.7133778671959924,0.6019883320820119,0.5005121838833836,-0.10380380944413209,0.48898667826442854,0.38634138188286654,1.1727961491287748,0.38852548476845306,0.3006672970463812,0.9870730175333381,7
9.3,0.61,0.26,3.4,0.09,25.0,87.0,0.99975,3.24,0.62,9.7,0.5698180780086255,0.44010001131614285,-0.06309376803010762,0.6484612992498909,0.03801518226088462,0.8720027565130501,1.2564460510720727,1.6277723959773072,-0.4502964313264098,-0.22686988702682157,-0.6770246740252962,5
7.8,0.62,0.05,2.3,0.079,6.0,18.0,0.99735,3.29,0.63,9.3,-0.2940627430687092,0.49475558249211277,-1.137457160518916,-0.16525883526590046,-0.18484323327557037,-0.9473236151679025,-0.8877404551441854,0.3431335813461462,-0.1276726174437711,-0.1682546443520212,-1.0468241610383244,5
10.3,0.59,0.42,2.8,0.09,35.0,73.0,0.999,3.28,0.7,9.5,1.145738625393515,0.33078886896420306,0.75546881672327,0.2046139531503683,0.03801518226088462,1.8295429521346043,0.8213937164774696,1.2263227664050658,-0.19219738022030056,0.2420520543715808,-0.8619244175318104,6
10.0,0.49,0.2,11.0,0.071,13.0,50.0,1.0015,3.16,0.69,9.2,0.9729624611780476,-0.2157668427954953,-0.3700547373126243,6.270527683177177,-0.34692208093844695,-0.27704547823281467,0.10666488107205026,2.564488198312518,-0.966494533538634,0.18343681169678042,-1.1392740327915833,6
11.6,0.53,0.66,3.65,0.121,6.0,14.0,0.9978,3.05,0.74,11.5,1.8944353369938705,0.002855441908384288,1.9833126938533372,0.8333976934580253,0.6660707169545308,-0.9473236151679025,-1.012041122171215,0.5840033590895148,-1.6762669240804438,0.4765130250707823,0.9870730175333381,7
10.3,0.44,0.5,4.5,0.107,5.0,13.0,0.998,3.28,0.83,11.5,1.145738625393515,-0.4890446986753445,1.164750109099959,1.4621814337656822,0.382432733544497,-1.0430776347300579,-1.0431162889279721,0.6910565936420968,-0.19219738022030056,1.0040502091439851,0.9870730175333381,5
13.4,0.27,0.62,2.6,0.0819999999999999,6.0,21.0,1.0002,3.16,0.67,9.7,2.931092322286672,-1.4181894086668319,1.7786720476649924,0.056664837783860986,-0.12406366540199364,-0.9473236151679025,-0.7945149548739133,1.8686421737206165,-0.966494533538634,0.06620632634718031,-0.6770246740252962,6
10.7,0.46,0.39,2.0,0.061,7.0,15.0,0.9981,3.18,0.62,9.5,1.3761068443474698,-0.3797335563234047,0.6019883320820119,-0.3871825083156616,-0.5495206405170424,-0.8515695956057471,-0.9809659554144575,0.7445832109183878,-0.837445007985578,-0.22686988702682157,-0.8619244175318104,5
10.2,0.36,0.64,2.9,0.122,10.0,41.0,0.998,3.23,0.66,12.5,1.088146570655025,-0.9262892680831034,1.8809923707591647,0.2785885108336221,0.6863305729123903,-0.5643075369192809,-0.17301161973876603,0.6910565936420968,-0.5148211941029393,0.007591083672379936,1.9115717350659123,6
8.0,0.58,0.28,3.2,0.066,21.0,114.0,0.9973,3.22,0.54,9.4,-0.1788786335917312,0.27613329778823315,0.039226555064064694,0.5005121838833836,-0.4482213607277445,0.48898667826442854,2.0954755535045217,0.3163702727080007,-0.5793459568794659,-0.6957918284252239,-0.9543742892850674,6
8.4,0.56,0.08,2.1,0.105,16.0,44.0,0.9958,3.13,0.52,11.0,0.051489585362224775,0.16682215543629397,-0.9839766758776577,-0.3132079506324078,0.3419130216287779,0.010216580453651524,-0.07978611946849393,-0.48652898643642295,-1.1600688218682194,-0.8130223137748247,0.524823658767051,5
7.9,0.65,0.01,2.5,0.078,17.0,38.0,0.9963,3.34,0.74,11.7,-0.23647068833021995,0.6587222960200224,-1.3420978067072604,-0.017309719899392832,-0.20510308923342996,0.10597060001580692,-0.2662371200090381,-0.2188959000549682,0.19495119643886757,0.4765130250707823,1.1719727610398523,7
11.9,0.695,0.53,3.4,0.128,7.0,21.0,0.9992,3.17,0.84,12.2,2.067211501209338,0.9046723663118864,1.3182305937412175,0.6484612992498909,0.8078897086595478,-0.8515695956057471,-0.7945149548739133,1.3333760009576476,-0.9019697707621074,1.0626654518187855,1.6342221198061393,7
8.9,0.43,0.45,1.9,0.052,6.0,16.0,0.9948,3.35,0.7,12.5,0.3394498590546695,-0.5437002698513144,0.9089493013645286,-0.4611570659989154,-0.7318593441377784,-0.9473236151679025,-0.9498907886577002,-1.021795159199392,0.259475959215397,0.2420520543715808,1.9115717350659123,6
7.8,0.43,0.32,2.8,0.08,29.0,58.0,0.9974,3.31,0.64,10.3,-0.2940627430687092,-0.5437002698513144,0.24386720125240904,0.2046139531503683,-0.1645833773177108,1.2550188347616718,0.3552662151261092,0.36989688998429165,0.0013769081092849425,-0.10963940167722082,-0.12232544350575032,5
12.4,0.49,0.58,3.0,0.103,28.0,99.0,1.0008,3.16,1.0,11.5,2.3551717749017826,-0.2157668427954953,1.5740314014766479,0.3525630685168759,0.3013933097130588,1.1592648151995164,1.6293480521531611,2.189801877378362,-0.966494533538634,2.000509334615591,0.9870730175333381,6
12.5,0.28,0.54,2.3,0.0819999999999999,12.0,29.0,0.9997,3.11,1.36,9.8,2.412763829640271,-1.3635338374908619,1.3693907552883038,-0.16525883526590046,-0.12406366540199364,-0.37279949779497007,-0.5459136208198544,1.6010090873391618,-1.2891183474212755,4.1106580709084035,-0.5845748022720374,7
12.2,0.34,0.5,2.4,0.066,10.0,21.0,1.0,3.12,1.18,9.2,2.239987665424804,-1.035600410435043,1.164750109099959,-0.09128427758264665,-0.4482213607277445,-0.5643075369192809,-0.7945149548739133,1.7615889391680346,-1.224593584644746,3.0555837027619965,-1.1392740327915833,6
10.6,0.42,0.48,2.7,0.065,5.0,18.0,0.9972,3.21,0.87,11.3,1.318514789608981,-0.5983558410272842,1.0624297860057867,0.1306393954671148,-0.4684812166856041,-1.0430776347300579,-0.8877404551441854,0.2628436554317098,-0.6438707196559953,1.2385111798431865,0.8021732740268238,6
10.9,0.39,0.47,1.8,0.118,6.0,14.0,0.9982,3.3,0.75,9.8,1.4912909538244483,-0.7623225545551937,1.0112696244587007,-0.535131623682169,0.605291149080952,-0.9473236151679025,-1.012041122171215,0.7981098281946787,-0.06314785466724451,0.5351282677455826,-0.5845748022720374,6
11.9,0.57,0.5,2.6,0.0819999999999999,6.0,32.0,1.0006,3.12,0.78,10.7,2.067211501209338,0.22147772661226328,1.164750109099959,0.056664837783860986,-0.12406366540199364,-0.9473236151679025,-0.4526881205495823,2.08274864282578,-1.224593584644746,0.7109739957699838,0.24747404350727803,6
7.0,0.685,0.0,1.9,0.067,40.0,63.0,0.9979,3.6,0.81,9.9,-0.7547991809766207,0.8500167951359171,-1.3932579682543467,-0.4611570659989154,-0.4279615047698849,2.3083130499453812,0.510642048909896,0.6375299763658059,1.8725950286285962,0.886819723794385,-0.4921249305187803,5
6.6,0.815,0.02,2.7,0.072,17.0,34.0,0.9955,3.58,0.89,12.3,-0.9851673999305766,1.5605392204235244,-1.2909376451601744,0.1306393954671148,-0.3266622249805874,0.10597060001580692,-0.39053778703606756,-0.6471088382652957,1.74354550307554,1.3557416651927874,1.726671991559398,7
13.8,0.49,0.67,3.0,0.093,6.0,15.0,0.9986,3.02,0.93,12.0,3.161460541240628,-0.2157668427954953,2.0344728554004234,0.3525630685168759,0.09879475013446333,-0.9473236151679025,-0.9809659554144575,1.0122162972999018,-1.8698412124100263,1.590202635891989,1.4493223762996252,6
9.6,0.56,0.31,2.8,0.089,15.0,46.0,0.9979,3.11,0.92,10.0,0.7425942422240916,0.16682215543629397,0.1927070397053229,0.2046139531503683,0.01775532630302505,-0.08553743910850388,-0.017635785954979197,0.6375299763658059,-1.2891183474212755,1.5315873932171884,-0.39967505876552323,6
9.1,0.785,0.0,2.6,0.093,11.0,28.0,0.9994,3.36,0.86,9.4,0.45463396853164695,1.3965725068956154,-1.3932579682543467,0.056664837783860986,0.09879475013446333,-0.46855351735712547,-0.5769887875766118,1.4404292355102295,0.32400072199192365,1.1798959371683861,-0.9543742892850674,6
10.7,0.67,0.22,2.7,0.107,17.0,34.0,1.0004,3.28,0.98,9.9,1.3761068443474698,0.7680334383719623,-0.2677344142184521,0.1306393954671148,0.382432733544497,0.10597060001580692,-0.39053778703606756,1.9756954082731983,-0.19219738022030056,1.88327884926599,-0.4921249305187803,6
9.1,0.795,0.0,2.6,0.096,11.0,26.0,0.9994,3.35,0.83,9.4,0.45463396853164695,1.4512280780715854,-1.3932579682543467,0.056664837783860986,0.15957431800804206,-0.46855351735712547,-0.6391391210901265,1.4404292355102295,0.259475959215397,1.0040502091439851,-0.9543742892850674,6
7.7,0.665,0.0,2.4,0.09,8.0,19.0,0.9974,3.27,0.73,9.3,-0.35165479780719794,0.7407056527839773,-1.3932579682543467,-0.09128427758264665,0.03801518226088462,-0.7558155760435917,-0.8566652883874281,0.36989688998429165,-0.25672214299682716,0.4178977823959819,-1.0468241610383244,5
13.5,0.53,0.79,4.8,0.12,23.0,77.0,1.0018,3.18,0.77,13.0,2.9886843770251605,0.002855441908384288,2.6483947939654566,1.6841051068154433,0.6458108609966712,0.6804947173887393,0.9456943835044991,2.7250680501413904,-0.837445007985578,0.6523587530951834,2.3738210938321993,5
6.1,0.21,0.4,1.4,0.066,40.5,145.84000000000015,0.9912,3.25,0.59,11.9,-1.2731276736230213,-1.7461228357226513,0.6531484936290981,-0.8310298544151842,-0.4482213607277445,2.356190059726459,3.0849088630396806,-2.9487533811461035,-0.3857716685498832,-0.4027156150512227,1.356872504546368,6
6.7,0.75,0.01,2.4,0.078,17.0,32.0,0.9955,3.55,0.61,12.8,-0.9275753451920874,1.2052780077797207,-1.3420978067072604,-0.09128427758264665,-0.20510308923342996,0.10597060001580692,-0.4526881205495823,-0.6471088382652957,1.5499712147459546,-0.28548512970162193,2.188921350325685,6
11.5,0.41,0.52,3.0,0.08,29.0,55.0,1.0001,3.26,0.88,11.0,1.8368432822553817,-0.6530114122032542,1.2670704321941315,0.3525630685168759,-0.1645833773177108,1.2550188347616718,0.2620407148558371,1.8151155564443255,-0.32124690577335663,1.297126422517987,0.524823658767051,5
10.5,0.42,0.66,2.95,0.1159999999999999,12.0,29.0,0.997,3.24,0.75,11.7,1.2609227348704923,-0.5983558410272842,1.9833126938533372,0.3155757896752492,0.5647714371652309,-0.37279949779497007,-0.5459136208198544,0.15579042087912787,-0.4502964313264098,0.5351282677455826,1.1719727610398523,7
11.9,0.43,0.66,3.1,0.109,10.0,23.0,1.0,3.15,0.85,10.4,2.067211501209338,-0.5437002698513144,1.9833126938533372,0.42653762620012975,0.4229524454602162,-0.5643075369192809,-0.7323646213603986,1.7615889391680346,-1.0310192963151634,1.1212806944935858,-0.029875571752493238,7
12.6,0.38,0.66,2.6,0.088,10.0,41.0,1.001,3.17,0.68,9.8,2.47035588437876,-0.8169781257311636,1.9833126938533372,0.056664837783860986,-0.0025045296548345205,-0.5643075369192809,-0.17301161973876603,2.296855111930944,-0.9019697707621074,0.12482156902198069,-0.5845748022720374,6
8.2,0.7,0.23,2.0,0.099,14.0,81.0,0.9973,3.19,0.7,9.4,-0.06369452411475372,0.9320001518998713,-0.21657425267136596,-0.3871825083156616,0.22035388588162075,-0.18129145867065927,1.0699950505315285,0.3163702727080007,-0.7729202452090513,0.2420520543715808,-0.9543742892850674,5
8.6,0.45,0.31,2.6,0.086,21.0,50.0,0.9982,3.37,0.91,9.9,0.16667369483920225,-0.4343891274993746,0.1927070397053229,0.056664837783860986,-0.043024241570553665,0.48898667826442854,0.10666488107205026,0.7981098281946787,0.38852548476845306,1.472972150542388,-0.4921249305187803,6
11.9,0.58,0.66,2.5,0.072,6.0,37.0,0.9992,3.05,0.56,10.0,2.067211501209338,0.27613329778823315,1.9833126938533372,-0.017309719899392832,-0.3266622249805874,-0.9473236151679025,-0.29731228676579546,1.3333760009576476,-1.6762669240804438,-0.5785613430756232,-0.39967505876552323,5
12.5,0.46,0.63,2.0,0.071,6.0,15.0,0.9988,2.99,0.87,10.2,2.412763829640271,-0.3797335563234047,1.8298322092120787,-0.3871825083156616,-0.34692208093844695,-0.9473236151679025,-0.9809659554144575,1.119269531852484,-2.063415500739609,1.2385111798431865,-0.21477531525900906,5
12.8,0.615,0.66,5.8,0.083,7.0,42.0,1.0022,3.07,0.73,10.0,2.5855399938557384,0.46742779690412783,1.9833126938533372,2.4238506836479807,-0.10380380944413209,-0.8515695956057471,-0.14193645298200866,2.939174519246554,-1.5472173985273876,0.4178977823959819,-0.39967505876552323,7
10.0,0.42,0.5,3.4,0.107,7.0,21.0,0.9979,3.26,0.93,11.8,0.9729624611780476,-0.5983558410272842,1.164750109099959,0.6484612992498909,0.382432733544497,-0.8515695956057471,-0.7945149548739133,0.6375299763658059,-0.32124690577335663,1.590202635891989,1.264422632793111,6
10.4,0.575,0.61,2.6,0.076,11.0,24.0,1.0,3.16,0.69,9.0,1.2033306801320036,0.2488055122002482,1.7275118861179064,0.056664837783860986,-0.24562280114914908,-0.46855351735712547,-0.7012894546036412,1.7615889391680346,-0.966494533538634,0.18343681169678042,-1.3241737762980974,5
10.3,0.34,0.52,2.8,0.159,15.0,75.0,0.9998,3.18,0.64,9.4,1.145738625393515,-1.035600410435043,1.2670704321941315,0.2046139531503683,1.4359452433531938,-0.08553743910850388,0.8835440499909843,1.6545357046154527,-0.837445007985578,-0.10963940167722082,-0.9543742892850674,5
9.4,0.27,0.53,2.4,0.074,6.0,18.0,0.9962,3.2,1.13,12.0,0.6274101327471142,-1.4181894086668319,1.3182305937412175,-0.09128427758264665,-0.2861425130648682,-0.9473236151679025,-0.8877404551441854,-0.27242251733125916,-0.7083954824325219,2.7625074893879944,1.4493223762996252,7
6.9,0.765,0.02,2.3,0.063,35.0,63.0,0.9975,3.57,0.78,9.9,-0.8123912357151094,1.2872613645436757,-1.2909376451601744,-0.16525883526590046,-0.5090009286013232,1.8295429521346043,0.510642048909896,0.42342350726064204,1.6790207402990107,0.7109739957699838,-0.4921249305187803,5
7.9,0.24,0.4,1.6,0.0559999999999999,11.0,25.0,0.9967,3.32,0.87,8.7,-0.23647068833021995,-1.5821561221947416,0.6531484936290981,-0.6830807390486765,-0.6508199203063422,-0.46855351735712547,-0.6702142878468839,-0.004789430949744973,0.06590167088581153,1.2385111798431865,-1.6015233915578704,6
9.1,0.28,0.48,1.8,0.067,26.0,46.0,0.9967,3.32,1.04,10.6,0.45463396853164695,-1.3635338374908619,1.0624297860057867,-0.535131623682169,-0.4279615047698849,0.9677567760752055,-0.017635785954979197,-0.004789430949744973,0.06590167088581153,2.2349703053147922,0.15502417175402095,6
7.4,0.55,0.22,2.2,0.106,12.0,72.0,0.9959,3.05,0.63,9.2,-0.5244309620226647,0.11216658426032408,-0.2677344142184521,-0.23923339294915397,0.36217287758663746,-0.37279949779497007,0.7903185497207122,-0.43300236916013196,-1.6762669240804438,-0.1682546443520212,-1.1392740327915833,5
14.0,0.41,0.63,3.8,0.089,6.0,47.0,1.0014,3.01,0.81,10.8,3.2766446507176052,-0.6530114122032542,1.8298322092120787,0.9443595299829058,0.01775532630302505,-0.9473236151679025,0.013439380801778167,2.5109615810362267,-1.9343659751865558,0.886819723794385,0.3399239152605368,6
11.5,0.54,0.71,4.4,0.124,6.0,15.0,0.9984,3.01,0.83,11.8,1.8368432822553817,0.05751101308435418,2.2391135015887675,1.3882068760824287,0.7268502848281094,-0.9473236151679025,-0.9809659554144575,0.9051630627472605,-1.9343659751865558,1.0040502091439851,1.264422632793111,7
11.5,0.45,0.5,3.0,0.078,19.0,47.0,1.0003,3.26,1.11,11.0,1.8368432822553817,-0.4343891274993746,1.164750109099959,0.3525630685168759,-0.20510308923342996,0.29747863914011774,0.013439380801778167,1.9221687909969074,-0.32124690577335663,2.645277004038395,0.524823658767051,6
11.4,0.625,0.66,6.2,0.088,6.0,24.0,0.9988,3.11,0.99,13.3,1.779251227516893,0.5220833680800977,1.9833126938533372,2.7197489143809963,-0.0025045296548345205,-0.9473236151679025,-0.7012894546036412,1.119269531852484,-1.2891183474212755,1.9418940919407905,2.6511707090919723,6
8.3,0.42,0.38,2.5,0.094,24.0,60.0,0.9979,3.31,0.7,10.8,-0.0061024693762639646,-0.5983558410272842,0.5508281705349257,-0.017309719899392832,0.1190546060923229,0.7762487369508947,0.4174165486396239,0.6375299763658059,0.0013769081092849425,0.2420520543715808,0.3399239152605368,6
8.3,0.26,0.42,2.0,0.08,11.0,27.0,0.9974,3.21,0.8,9.4,-0.0061024693762639646,-1.4728449798428018,0.75546881672327,-0.3871825083156616,-0.1645833773177108,-0.46855351735712547,-0.6080639543333691,0.36989688998429165,-0.6438707196559953,0.8282044811195846,-0.9543742892850674,6
13.7,0.415,0.68,2.9,0.085,17.0,43.0,1.0014,3.06,0.8,10.0,3.103868486502138,-0.6256836266152692,2.0856330169475092,0.2785885108336221,-0.06328409752841295,0.10597060001580692,-0.1108612862252513,2.5109615810362267,-1.6117421613039142,0.8282044811195846,-0.39967505876552323,6
7.7,0.51,0.28,2.1,0.087,23.0,54.0,0.998,3.42,0.74,9.2,-0.35165479780719794,-0.10645570044355551,0.039226555064064694,-0.3132079506324078,-0.02276438561269409,0.6804947173887393,0.2309655480990797,0.6910565936420968,0.7111492986510918,0.4765130250707823,-1.1392740327915833,5
7.4,0.63,0.07,2.4,0.09,11.0,37.0,0.9979,3.43,0.76,9.7,-0.5244309620226647,0.5494111536680827,-1.0351368374247438,-0.09128427758264665,0.03801518226088462,-0.46855351735712547,-0.29731228676579546,0.6375299763658059,0.7756740614276212,0.5937435104203831,-0.6770246740252962,6
7.8,0.54,0.26,2.0,0.088,23.0,48.0,0.9981,3.41,0.74,9.2,-0.2940627430687092,0.05751101308435418,-0.06309376803010762,-0.3871825083156616,-0.0025045296548345205,0.6804947173887393,0.04451454755853553,0.7445832109183878,0.6466245358745651,0.4765130250707823,-1.1392740327915833,6
8.3,0.66,0.15,1.9,0.079,17.0,42.0,0.9972,3.31,0.54,9.6,-0.0061024693762639646,0.7133778671959924,-0.625855545048055,-0.4611570659989154,-0.18484323327557037,0.10597060001580692,-0.14193645298200866,0.2628436554317098,0.0013769081092849425,-0.6957918284252239,-0.7694745457785532,6
7.8,0.46,0.26,1.9,0.088,23.0,53.0,0.9981,3.43,0.74,9.2,-0.2940627430687092,-0.3797335563234047,-0.06309376803010762,-0.4611570659989154,-0.0025045296548345205,0.6804947173887393,0.19989038134232234,0.7445832109183878,0.7756740614276212,0.4765130250707823,-1.1392740327915833,6
9.6,0.38,0.31,2.5,0.096,16.0,49.0,0.9982,3.19,0.7,10.0,0.7425942422240916,-0.8169781257311636,0.1927070397053229,-0.017309719899392832,0.15957431800804206,0.010216580453651524,0.07558971431529289,0.7981098281946787,-0.7729202452090513,0.2420520543715808,-0.39967505876552323,7
5.6,0.85,0.05,1.4,0.045,12.0,88.0,0.9924,3.56,0.82,12.9,-1.561087947315466,1.7518337195394191,-1.137457160518916,-0.8310298544151842,-0.8736783358427952,-0.37279949779497007,1.28752121782883,-2.306433973830553,1.614495977522484,0.9454349664691847,2.2813712220789424,8
9.5,0.37,0.52,2.0,0.0819999999999999,6.0,26.0,0.998,3.18,0.51,9.5,0.6850021874856029,-0.8716336969071334,1.2670704321941315,-0.3871825083156616,-0.12406366540199364,-0.9473236151679025,-0.6391391210901265,0.6910565936420968,-0.837445007985578,-0.871637556449625,-0.8619244175318104,5
8.4,0.665,0.61,2.0,0.1119999999999999,13.0,95.0,0.997,3.16,0.54,9.1,0.051489585362224775,0.7407056527839773,1.7275118861179064,-0.3871825083156616,0.48373201333379295,-0.27704547823281467,1.5050473851261317,0.15579042087912787,-0.966494533538634,-0.6957918284252239,-1.2317239045448403,5
12.7,0.6,0.65,2.3,0.063,6.0,25.0,0.9997,3.03,0.57,9.9,2.5279479391172486,0.385444440140173,1.932152532306251,-0.16525883526590046,-0.5090009286013232,-0.9473236151679025,-0.6702142878468839,1.6010090873391618,-1.8053164496334997,-0.5199461004008235,-0.4921249305187803,5
12.0,0.37,0.76,4.2,0.066,7.0,38.0,1.0004,3.22,0.6,13.0,2.1248035559478264,-0.8716336969071334,2.4949143093241983,1.240257760715921,-0.4482213607277445,-0.8515695956057471,-0.2662371200090381,1.9756954082731983,-0.5793459568794659,-0.3441003723764223,2.3738210938321993,7
6.6,0.735,0.02,7.9,0.122,68.0,124.0,0.9994,3.47,0.53,9.9,-0.9851673999305766,1.123294651015766,-1.2909376451601744,3.97731639499631,0.6863305729123903,4.989425597685733,2.406227221072095,1.4404292355102295,1.0337731125337333,-0.7544070711000244,-0.4921249305187803,5
11.5,0.59,0.59,2.6,0.087,13.0,49.0,0.9988,3.18,0.65,11.0,1.8368432822553817,0.33078886896420306,1.625191563023734,0.056664837783860986,-0.02276438561269409,-0.27704547823281467,0.07558971431529289,1.119269531852484,-0.837445007985578,-0.051024159002420445,0.524823658767051,6
8.7,0.765,0.22,2.3,0.064,9.0,42.0,0.9963,3.1,0.55,9.4,0.224265749577691,1.2872613645436757,-0.2677344142184521,-0.16525883526590046,-0.48874107264346367,-0.6600615564814363,-0.14193645298200866,-0.2188959000549682,-1.3536431101978021,-0.6371765857504236,-0.9543742892850674,5
7.7,0.26,0.3,1.7,0.059,20.0,38.0,0.9949,3.29,0.47,10.8,-0.35165479780719794,-1.4728449798428018,0.14154687815823674,-0.6091061813654229,-0.5900403524327615,0.39323265870227314,-0.2662371200090381,-0.9682685419231009,-0.1276726174437711,-1.1060985271488266,0.3399239152605368,6
12.2,0.48,0.54,2.6,0.085,19.0,64.0,1.0,3.1,0.61,10.5,2.239987665424804,-0.2704224139714652,1.3693907552883038,0.056664837783860986,-0.06328409752841295,0.29747863914011774,0.5417172156666533,1.7615889391680346,-1.3536431101978021,-0.28548512970162193,0.06257430000076386,6
11.4,0.6,0.49,2.7,0.085,10.0,41.0,0.9994,3.15,0.63,10.5,1.779251227516893,0.385444440140173,1.113589947552873,0.1306393954671148,-0.06328409752841295,-0.5643075369192809,-0.17301161973876603,1.4404292355102295,-1.0310192963151634,-0.1682546443520212,0.06257430000076386,6
7.7,0.69,0.05,2.7,0.075,15.0,27.0,0.9974,3.26,0.61,9.1,-0.35165479780719794,0.8773445807239014,-1.137457160518916,0.1306393954671148,-0.26588265710700865,-0.08553743910850388,-0.6080639543333691,0.36989688998429165,-0.32124690577335663,-0.28548512970162193,-1.2317239045448403,5
8.7,0.31,0.46,1.4,0.059,11.0,25.0,0.9966,3.36,0.76,10.1,0.224265749577691,-1.1995671239629526,0.9601094629116147,-0.8310298544151842,-0.5900403524327615,-0.46855351735712547,-0.6702142878468839,-0.05831604822603592,0.32400072199192365,0.5937435104203831,-0.30722518701226614,6
9.8,0.44,0.47,2.5,0.063,9.0,28.0,0.9981,3.24,0.65,10.8,0.8577783517010702,-0.4890446986753445,1.0112696244587007,-0.017309719899392832,-0.5090009286013232,-0.6600615564814363,-0.5769887875766118,0.7445832109183878,-0.4502964313264098,-0.051024159002420445,0.3399239152605368,6
12.0,0.39,0.66,3.0,0.093,12.0,30.0,0.9996,3.18,0.63,10.8,2.1248035559478264,-0.7623225545551937,1.9833126938533372,0.3525630685168759,0.09879475013446333,-0.37279949779497007,-0.514838454063097,1.5474824700628709,-0.837445007985578,-0.1682546443520212,0.3399239152605368,7
10.4,0.34,0.58,3.7,0.174,6.0,16.0,0.997,3.19,0.7,11.3,1.2033306801320036,-1.035600410435043,1.5740314014766479,0.8703849722996524,1.739843082721087,-0.9473236151679025,-0.9498907886577002,0.15579042087912787,-0.7729202452090513,0.2420520543715808,0.8021732740268238,6
12.5,0.46,0.49,4.5,0.07,26.0,49.0,0.9981,3.05,0.57,9.6,2.412763829640271,-0.3797335563234047,1.113589947552873,1.4621814337656822,-0.36718193689630624,0.9677567760752055,0.07558971431529289,0.7445832109183878,-1.6762669240804438,-0.5199461004008235,-0.7694745457785532,4
9.0,0.43,0.34,2.5,0.08,26.0,86.0,0.9987,3.38,0.62,9.5,0.39704191379315823,-0.5437002698513144,0.3461875243465814,-0.017309719899392832,-0.1645833773177108,0.9677567760752055,1.2253708843153153,1.0657429145761927,0.4530502475449797,-0.22686988702682157,-0.8619244175318104,6
9.1,0.45,0.35,2.4,0.08,23.0,78.0,0.9987,3.38,0.62,9.5,0.45463396853164695,-0.4343891274993746,0.39734768589366726,-0.09128427758264665,-0.1645833773177108,0.6804947173887393,0.9767695502612564,1.0657429145761927,0.4530502475449797,-0.22686988702682157,-0.8619244175318104,5
7.1,0.735,0.16,1.9,0.1,15.0,77.0,0.9966,3.27,0.64,9.3,-0.6972071262381319,1.123294651015766,-0.5746953835009688,-0.4611570659989154,0.24061374183948034,-0.08553743910850388,0.9456943835044991,-0.05831604822603592,-0.25672214299682716,-0.10963940167722082,-1.0468241610383244,5
9.9,0.4,0.53,6.7,0.0969999999999999,6.0,19.0,0.9986,3.27,0.82,11.7,0.9153704064395589,-0.7076669833792237,1.3182305937412175,3.089621702797265,0.17983417396589965,-0.9473236151679025,-0.8566652883874281,1.0122162972999018,-0.25672214299682716,0.9454349664691847,1.1719727610398523,7
8.8,0.52,0.34,2.7,0.087,24.0,122.0,0.9982,3.26,0.61,9.5,0.28185780431618074,-0.05180012926758561,0.3461875243465814,0.1306393954671148,-0.02276438561269409,0.7762487369508947,2.3440768875585802,0.7981098281946787,-0.32124690577335663,-0.28548512970162193,-0.8619244175318104,5
8.6,0.725,0.24,6.6,0.1169999999999999,31.0,134.0,1.0014,3.32,1.07,9.3,0.16667369483920225,1.068639079839796,-0.16541409112427993,3.015647145114011,0.5850312931230905,1.4465268738859824,2.7169788886396686,2.5109615810362267,0.06590167088581153,2.4108160333391937,-1.0468241610383244,5
10.6,0.48,0.64,2.2,0.111,6.0,20.0,0.997,3.26,0.66,11.7,1.318514789608981,-0.2704224139714652,1.8809923707591647,-0.23923339294915397,0.46347215737593533,-0.9473236151679025,-0.8255901216306707,0.15579042087912787,-0.32124690577335663,0.007591083672379936,1.1719727610398523,6
7.0,0.58,0.12,1.9,0.091,34.0,124.0,0.9956,3.44,0.48,10.5,-0.7547991809766207,0.27613329778823315,-0.7793360296893133,-0.4611570659989154,0.05827503821874419,1.733788932572449,2.406227221072095,-0.5935822209890048,0.8401988242041478,-1.0474832844740263,0.06257430000076386,5
11.9,0.38,0.51,2.0,0.121,7.0,20.0,0.9996,3.24,0.76,10.4,2.067211501209338,-0.8169781257311636,1.2159102706470453,-0.3871825083156616,0.6660707169545308,-0.8515695956057471,-0.8255901216306707,1.5474824700628709,-0.4502964313264098,0.5937435104203831,-0.029875571752493238,6
6.8,0.77,0.0,1.8,0.066,34.0,52.0,0.9976,3.62,0.68,9.9,-0.8699832904535987,1.3145891501316607,-1.3932579682543467,-0.535131623682169,-0.4482213607277445,1.733788932572449,0.16881521458556498,0.476950124536933,2.0016445541816523,0.12482156902198069,-0.4921249305187803,5
9.5,0.56,0.33,2.4,0.089,35.0,67.0,0.9972,3.28,0.73,11.8,0.6850021874856029,0.16682215543629397,0.2950273627994952,-0.09128427758264665,0.01775532630302505,1.8295429521346043,0.6349427159369254,0.2628436554317098,-0.19219738022030056,0.4178977823959819,1.264422632793111,7
6.6,0.84,0.03,2.3,0.059,32.0,48.0,0.9952,3.52,0.56,12.3,-0.9851673999305766,1.6971781483634494,-1.2397774836130884,-0.16525883526590046,-0.5900403524327615,1.542280893448138,0.04451454755853553,-0.8076886900942281,1.356396926416372,-0.5785613430756232,1.726671991559398,7
7.7,0.96,0.2,2.0,0.047,15.0,60.0,0.9955,3.36,0.44,10.9,-0.35165479780719794,2.3530450024750875,-0.3700547373126243,-0.3871825083156616,-0.8331586239270761,-0.08553743910850388,0.4174165486396239,-0.6471088382652957,0.32400072199192365,-1.2819442551732274,0.43237378701379386,5
10.5,0.24,0.47,2.1,0.066,6.0,24.0,0.9978,3.15,0.9,11.0,1.2609227348704923,-1.5821561221947416,1.0112696244587007,-0.3132079506324078,-0.4482213607277445,-0.9473236151679025,-0.7012894546036412,0.5840033590895148,-1.0310192963151634,1.4143569078675877,0.524823658767051,7
6.4,0.67,0.08,2.1,0.045,19.0,48.0,0.9949,3.49,0.49,11.4,-1.100351509407554,0.7680334383719623,-0.9839766758776577,-0.3132079506324078,-0.8736783358427952,0.29747863914011774,0.04451454755853553,-0.9682685419231009,1.1628226380867894,-0.9888680417992258,0.894623145780081,6
9.5,0.78,0.22,1.9,0.077,6.0,32.0,0.9988,3.26,0.56,10.6,0.6850021874856029,1.3692447213076304,-0.2677344142184521,-0.4611570659989154,-0.22536294519128952,-0.9473236151679025,-0.4526881205495823,1.119269531852484,-0.32124690577335663,-0.5785613430756232,0.15502417175402095,6
9.1,0.52,0.33,1.3,0.07,9.0,30.0,0.9978,3.24,0.6,9.3,0.45463396853164695,-0.05180012926758561,0.2950273627994952,-0.9050044120984378,-0.36718193689630624,-0.6600615564814363,-0.514838454063097,0.5840033590895148,-0.4502964313264098,-0.3441003723764223,-1.0468241610383244,5
12.8,0.84,0.63,2.4,0.088,13.0,35.0,0.9997,3.1,0.6,10.4,2.5855399938557384,1.6971781483634494,1.8298322092120787,-0.09128427758264665,-0.0025045296548345205,-0.27704547823281467,-0.3594626202793102,1.6010090873391618,-1.3536431101978021,-0.3441003723764223,-0.029875571752493238,6
7.8,0.55,0.35,2.2,0.074,21.0,66.0,0.9974,3.25,0.56,9.2,-0.2940627430687092,0.11216658426032408,0.39734768589366726,-0.23923339294915397,-0.2861425130648682,0.48898667826442854,0.603867549180168,0.36989688998429165,-0.3857716685498832,-0.5785613430756232,-1.1392740327915833,5
11.9,0.37,0.69,2.3,0.078,12.0,24.0,0.9958,3.0,0.65,12.8,2.067211501209338,-0.8716336969071334,2.136793178494595,-0.16525883526590046,-0.20510308923342996,-0.37279949779497007,-0.7012894546036412,-0.48652898643642295,-1.9988907379630823,-0.051024159002420445,2.188921350325685,6
12.3,0.39,0.63,2.3,0.091,6.0,18.0,1.0004,3.16,0.49,9.5,2.2975797201632937,-0.7623225545551937,1.8298322092120787,-0.16525883526590046,0.05827503821874419,-0.9473236151679025,-0.8877404551441854,1.9756954082731983,-0.966494533538634,-0.9888680417992258,-0.8619244175318104,5
10.4,0.41,0.55,3.2,0.076,22.0,54.0,0.9996,3.15,0.89,9.9,1.2033306801320036,-0.6530114122032542,1.4205509168353898,0.5005121838833836,-0.24562280114914908,0.5847406978265839,0.2309655480990797,1.5474824700628709,-1.0310192963151634,1.3557416651927874,-0.4921249305187803,6
8.0,0.67,0.3,2.0,0.06,38.0,62.0,0.9958,3.26,0.56,10.2,-0.1788786335917312,0.7680334383719623,0.14154687815823674,-0.3871825083156616,-0.5697804964749019,2.1168050108210705,0.47956688215313864,-0.48652898643642295,-0.32124690577335663,-0.5785613430756232,-0.21477531525900906,6
11.1,0.45,0.73,3.2,0.066,6.0,22.0,0.9986,3.17,0.66,11.2,1.6064750633014258,-0.4343891274993746,2.3414338246829396,0.5005121838833836,-0.4482213607277445,-0.9473236151679025,-0.763439788117156,1.0122162972999018,-0.9019697707621074,0.007591083672379936,0.7097234022735651,6
7.0,0.62,0.18,1.5,0.062,7.0,50.0,0.9951,3.08,0.6,9.3,-0.7547991809766207,0.49475558249211277,-0.4723750604067966,-0.7570552967319304,-0.5292607845591828,-0.8515695956057471,0.10666488107205026,-0.861215307370519,-1.482692635750858,-0.3441003723764223,-1.0468241610383244,5
12.6,0.31,0.72,2.2,0.072,6.0,29.0,0.9987,2.88,0.82,9.8,2.47035588437876,-1.1995671239629526,2.2902736631358533,-0.23923339294915397,-0.3266622249805874,-0.9473236151679025,-0.5459136208198544,1.0657429145761927,-2.7731878912814185,0.9454349664691847,-0.5845748022720374,8
11.9,0.4,0.65,2.15,0.068,7.0,27.0,0.9988,3.06,0.68,11.3,2.067211501209338,-0.7076669833792237,1.932152532306251,-0.276220671790781,-0.40770164881202536,-0.8515695956057471,-0.6080639543333691,1.119269531852484,-1.6117421613039142,0.12482156902198069,0.8021732740268238,6
15.6,0.685,0.76,3.7,0.1,6.0,43.0,1.0032,2.95,0.68,11.2,4.198117526533428,0.8500167951359171,2.4949143093241983,0.8703849722996524,0.24061374183948034,-0.9473236151679025,-0.1108612862252513,3.4744406920095825,-2.321514551845721,0.12482156902198069,0.7097234022735651,7
10.0,0.44,0.49,2.7,0.077,11.0,19.0,0.9963,3.23,0.63,11.6,0.9729624611780476,-0.4890446986753445,1.113589947552873,0.1306393954671148,-0.22536294519128952,-0.46855351735712547,-0.8566652883874281,-0.2188959000549682,-0.5148211941029393,-0.1682546443520212,1.0795228892865951,7
5.3,0.57,0.01,1.7,0.054,5.0,27.0,0.9934,3.57,0.84,12.5,-1.7338641115309328,0.22147772661226328,-1.3420978067072604,-0.6091061813654229,-0.6913396322220592,-1.0430776347300579,-0.6080639543333691,-1.771167801067584,1.6790207402990107,1.0626654518187855,1.9115717350659123,7
9.5,0.735,0.1,2.1,0.079,6.0,31.0,0.9986,3.23,0.56,10.1,0.6850021874856029,1.123294651015766,-0.8816563527834855,-0.3132079506324078,-0.18484323327557037,-0.9473236151679025,-0.48376328730633966,1.0122162972999018,-0.5148211941029393,-0.5785613430756232,-0.30722518701226614,6
12.5,0.38,0.6,2.6,0.081,31.0,72.0,0.9996,3.1,0.73,10.5,2.412763829640271,-0.8169781257311636,1.6763517245708202,0.056664837783860986,-0.14432352135985124,1.4465268738859824,0.7903185497207122,1.5474824700628709,-1.3536431101978021,0.4178977823959819,0.06257430000076386,5
9.3,0.48,0.29,2.1,0.127,6.0,16.0,0.9968,3.22,0.72,11.2,0.5698180780086255,-0.2704224139714652,0.09038671661115057,-0.3132079506324078,0.7876298527016882,-0.9473236151679025,-0.9498907886577002,0.04873718632654597,-0.5793459568794659,0.35928253972118157,0.7097234022735651,5
8.6,0.53,0.22,2.0,0.1,7.0,27.0,0.9967,3.2,0.56,10.2,0.16667369483920225,0.002855441908384288,-0.2677344142184521,-0.3871825083156616,0.24061374183948034,-0.8515695956057471,-0.6080639543333691,-0.004789430949744973,-0.7083954824325219,-0.5785613430756232,-0.21477531525900906,6
11.9,0.39,0.69,2.8,0.095,17.0,35.0,0.9994,3.1,0.61,10.8,2.067211501209338,-0.7623225545551937,2.136793178494595,0.2046139531503683,0.13931446205018247,0.10597060001580692,-0.3594626202793102,1.4404292355102295,-1.3536431101978021,-0.28548512970162193,0.3399239152605368,6
8.4,0.37,0.53,1.8,0.413,9.0,26.0,0.9979,3.06,1.06,9.1,0.051489585362224775,-0.8716336969071334,1.3182305937412175,-0.535131623682169,6.58194865664952,-0.6600615564814363,-0.6391391210901265,0.6375299763658059,-1.6117421613039142,2.352200790664393,-1.2317239045448403,6
6.8,0.56,0.03,1.7,0.084,18.0,35.0,0.9968,3.44,0.63,10.0,-0.8699832904535987,0.16682215543629397,-1.2397774836130884,-0.6091061813654229,-0.08354395348627253,0.20172461957796234,-0.3594626202793102,0.04873718632654597,0.8401988242041478,-0.1682546443520212,-0.39967505876552323,6
10.4,0.33,0.63,2.8,0.084,5.0,22.0,0.9998,3.26,0.74,11.2,1.2033306801320036,-1.0902559816110127,1.8298322092120787,0.2046139531503683,-0.08354395348627253,-1.0430776347300579,-0.763439788117156,1.6545357046154527,-0.32124690577335663,0.4765130250707823,0.7097234022735651,7
7.0,0.23,0.4,1.6,0.063,21.0,67.0,0.9952,3.5,0.63,11.1,-0.7547991809766207,-1.6368116933707115,0.6531484936290981,-0.6830807390486765,-0.5090009286013232,0.48898667826442854,0.6349427159369254,-0.8076886900942281,1.2273474008633158,-0.1682546443520212,0.6172735305203081,5
11.3,0.62,0.67,5.2,0.086,6.0,19.0,0.9988,3.22,0.69,13.4,1.7216591727784043,0.49475558249211277,2.0344728554004234,1.9800033375484587,-0.043024241570553665,-0.9473236151679025,-0.8566652883874281,1.119269531852484,-0.5793459568794659,0.18343681169678042,2.743620580845229,8
8.9,0.59,0.39,2.3,0.095,5.0,22.0,0.9986,3.37,0.58,10.3,0.3394498590546695,0.33078886896420306,0.6019883320820119,-0.16525883526590046,0.13931446205018247,-1.0430776347300579,-0.763439788117156,1.0122162972999018,0.38852548476845306,-0.4613308577260231,-0.12232544350575032,5
9.2,0.63,0.21,2.7,0.0969999999999999,29.0,65.0,0.9988,3.28,0.58,9.6,0.5122260232701357,0.5494111536680827,-0.3188945757655383,0.1306393954671148,0.17983417396589965,1.2550188347616718,0.5727923824234107,1.119269531852484,-0.19219738022030056,-0.4613308577260231,-0.7694745457785532,5
11.6,0.58,0.66,2.2,0.074,10.0,47.0,1.0008,3.25,0.57,9.0,1.8944353369938705,0.27613329778823315,1.9833126938533372,-0.23923339294915397,-0.2861425130648682,-0.5643075369192809,0.013439380801778167,2.189801877378362,-0.3857716685498832,-0.5199461004008235,-1.3241737762980974,3
9.2,0.43,0.52,2.3,0.083,14.0,23.0,0.9976,3.35,0.61,11.3,0.5122260232701357,-0.5437002698513144,1.2670704321941315,-0.16525883526590046,-0.10380380944413209,-0.18129145867065927,-0.7323646213603986,0.476950124536933,0.259475959215397,-0.28548512970162193,0.8021732740268238,6
8.3,0.615,0.22,2.6,0.087,6.0,19.0,0.9982,3.26,0.61,9.3,-0.0061024693762639646,0.46742779690412783,-0.2677344142184521,0.056664837783860986,-0.02276438561269409,-0.9473236151679025,-0.8566652883874281,0.7981098281946787,-0.32124690577335663,-0.28548512970162193,-1.0468241610383244,5
11.0,0.26,0.68,2.55,0.085,10.0,25.0,0.997,3.18,0.61,11.8,1.548883008562937,-1.4728449798428018,2.0856330169475092,0.019677558942233914,-0.06328409752841295,-0.5643075369192809,-0.6702142878468839,0.15579042087912787,-0.837445007985578,-0.28548512970162193,1.264422632793111,5
8.1,0.66,0.7,2.2,0.098,25.0,129.0,0.9972,3.08,0.53,9.0,-0.12128657885324247,0.7133778671959924,2.1879533400416813,-0.23923339294915397,0.20009402992376119,0.8720027565130501,2.561603054855882,0.2628436554317098,-1.482692635750858,-0.7544070711000244,-1.3241737762980974,5
11.5,0.315,0.54,2.1,0.084,5.0,15.0,0.9987,2.98,0.7,9.2,1.8368432822553817,-1.1722393383749676,1.3693907552883038,-0.3132079506324078,-0.08354395348627253,-1.0430776347300579,-0.9809659554144575,1.0657429145761927,-2.1279402635161384,0.2420520543715808,-1.1392740327915833,6
10.0,0.29,0.4,2.9,0.098,10.0,26.0,1.0006,3.48,0.91,9.7,0.9729624611780476,-1.3088782663148923,0.6531484936290981,0.2785885108336221,0.20009402992376119,-0.5643075369192809,-0.6391391210901265,2.08274864282578,1.09829787531026,1.472972150542388,-0.6770246740252962,5
10.3,0.5,0.42,2.0,0.069,21.0,51.0,0.9982,3.16,0.72,11.5,1.145738625393515,-0.1611112716195254,0.75546881672327,-0.3871825083156616,-0.3874417928541658,0.48898667826442854,0.1377400478288076,0.7981098281946787,-0.966494533538634,0.35928253972118157,0.9870730175333381,6
8.8,0.46,0.45,2.6,0.065,7.0,18.0,0.9947,3.32,0.79,14.0,0.28185780431618074,-0.3797335563234047,0.9089493013645286,0.056664837783860986,-0.4684812166856041,-0.8515695956057471,-0.8877404551441854,-1.0753217764756828,0.06590167088581153,0.7695892384447842,3.2983198113647734,6
11.4,0.36,0.69,2.1,0.09,6.0,21.0,1.0,3.17,0.62,9.2,1.779251227516893,-0.9262892680831034,2.136793178494595,-0.3132079506324078,0.03801518226088462,-0.9473236151679025,-0.7945149548739133,1.7615889391680346,-0.9019697707621074,-0.22686988702682157,-1.1392740327915833,6
8.7,0.82,0.02,1.2,0.07,36.0,48.0,0.9952,3.2,0.58,9.8,0.224265749577691,1.5878670060115094,-1.2909376451601744,-0.9789789697816916,-0.36718193689630624,1.9252969716967596,0.04451454755853553,-0.8076886900942281,-0.7083954824325219,-0.4613308577260231,-0.5845748022720374,5
13.0,0.32,0.65,2.6,0.093,15.0,47.0,0.9996,3.05,0.61,10.6,2.700724103332716,-1.1449115527869826,1.932152532306251,0.056664837783860986,0.09879475013446333,-0.08553743910850388,0.013439380801778167,1.5474824700628709,-1.6762669240804438,-0.28548512970162193,0.15502417175402095,5
9.6,0.54,0.42,2.4,0.081,25.0,52.0,0.997,3.2,0.71,11.4,0.7425942422240916,0.05751101308435418,0.75546881672327,-0.09128427758264665,-0.14432352135985124,0.8720027565130501,0.16881521458556498,0.15579042087912787,-0.7083954824325219,0.3006672970463812,0.894623145780081,6
12.5,0.37,0.55,2.6,0.083,25.0,68.0,0.9995,3.15,0.82,10.4,2.412763829640271,-0.8716336969071334,1.4205509168353898,0.056664837783860986,-0.10380380944413209,0.8720027565130501,0.6660178826936828,1.49395585278658,-1.0310192963151634,0.9454349664691847,-0.029875571752493238,6
9.9,0.35,0.55,2.1,0.062,5.0,14.0,0.9971,3.26,0.79,10.6,0.9153704064395589,-0.9809448392590733,1.4205509168353898,-0.3132079506324078,-0.5292607845591828,-1.0430776347300579,-1.012041122171215,0.20931703815541883,-0.32124690577335663,0.7695892384447842,0.15502417175402095,5
10.5,0.28,0.51,1.7,0.08,10.0,24.0,0.9982,3.2,0.89,9.4,1.2609227348704923,-1.3635338374908619,1.2159102706470453,-0.6091061813654229,-0.1645833773177108,-0.5643075369192809,-0.7012894546036412,0.7981098281946787,-0.7083954824325219,1.3557416651927874,-0.9543742892850674,6
9.6,0.68,0.24,2.2,0.087,5.0,28.0,0.9988,3.14,0.6,10.2,0.7425942422240916,0.8226890095479321,-0.16541409112427993,-0.23923339294915397,-0.02276438561269409,-1.0430776347300579,-0.5769887875766118,1.119269531852484,-1.09554405909169,-0.3441003723764223,-0.21477531525900906,5
9.3,0.27,0.41,2.0,0.091,6.0,16.0,0.998,3.28,0.7,9.7,0.5698180780086255,-1.4181894086668319,0.7043086551761839,-0.3871825083156616,0.05827503821874419,-0.9473236151679025,-0.9498907886577002,0.6910565936420968,-0.19219738022030056,0.2420520543715808,-0.6770246740252962,5
10.4,0.24,0.49,1.8,0.075,6.0,20.0,0.9977,3.18,1.06,11.0,1.2033306801320036,-1.5821561221947416,1.113589947552873,-0.535131623682169,-0.26588265710700865,-0.9473236151679025,-0.8255901216306707,0.5304767418132239,-0.837445007985578,2.352200790664393,0.524823658767051,6
9.4,0.685,0.11,2.7,0.077,6.0,31.0,0.9984,3.19,0.7,10.1,0.6274101327471142,0.8500167951359171,-0.8304961912363995,0.1306393954671148,-0.22536294519128952,-0.9473236151679025,-0.48376328730633966,0.9051630627472605,-0.7729202452090513,0.2420520543715808,-0.30722518701226614,6
10.6,0.28,0.39,15.5,0.069,6.0,23.0,1.0026,3.12,0.66,9.2,1.318514789608981,-1.3635338374908619,0.6019883320820119,9.599382778923594,-0.3874417928541658,-0.9473236151679025,-0.7323646213603986,3.153280988351718,-1.224593584644746,0.007591083672379936,-1.1392740327915833,5
9.4,0.3,0.56,2.8,0.08,6.0,17.0,0.9964,3.15,0.92,11.7,0.6274101327471142,-1.2542226951389224,1.471711078382476,0.2046139531503683,-0.1645833773177108,-0.9473236151679025,-0.9188156219009428,-0.16536928277867724,-1.0310192963151634,1.5315873932171884,1.1719727610398523,8
10.6,0.36,0.59,2.2,0.152,6.0,18.0,0.9986,3.04,1.05,9.4,1.318514789608981,-0.9262892680831034,1.625191563023734,-0.23923339294915397,1.2941262516481769,-0.9473236151679025,-0.8877404551441854,1.0122162972999018,-1.7407916868569702,2.2935855479895926,-0.9543742892850674,5
10.6,0.36,0.6,2.2,0.152,7.0,18.0,0.9986,3.04,1.06,9.4,1.318514789608981,-0.9262892680831034,1.6763517245708202,-0.23923339294915397,1.2941262516481769,-0.8515695956057471,-0.8877404551441854,1.0122162972999018,-1.7407916868569702,2.352200790664393,-0.9543742892850674,5
10.6,0.44,0.68,4.1,0.114,6.0,24.0,0.997,3.06,0.66,13.4,1.318514789608981,-0.4890446986753445,2.0856330169475092,1.1662832030326669,0.524251725249514,-0.9473236151679025,-0.7012894546036412,0.15579042087912787,-1.6117421613039142,0.007591083672379936,2.743620580845229,6
10.2,0.67,0.39,1.9,0.054,6.0,17.0,0.9976,3.17,0.47,10.0,1.088146570655025,0.7680334383719623,0.6019883320820119,-0.4611570659989154,-0.6913396322220592,-0.9473236151679025,-0.9188156219009428,0.476950124536933,-0.9019697707621074,-1.1060985271488266,-0.39967505876552323,5
10.2,0.645,0.36,1.8,0.053,5.0,14.0,0.9982,3.17,0.42,10.0,1.088146570655025,0.6313945104320375,0.4485078474407534,-0.535131623682169,-0.7115994881799188,-1.0430776347300579,-1.012041122171215,0.7981098281946787,-0.9019697707621074,-1.399174740522828,-0.39967505876552323,6
11.6,0.32,0.55,2.8,0.081,35.0,67.0,1.0002,3.32,0.92,10.8,1.8944353369938705,-1.1449115527869826,1.4205509168353898,0.2046139531503683,-0.14432352135985124,1.8295429521346043,0.6349427159369254,1.8686421737206165,0.06590167088581153,1.5315873932171884,0.3399239152605368,7
9.3,0.39,0.4,2.6,0.073,10.0,26.0,0.9984,3.34,0.75,10.2,0.5698180780086255,-0.7623225545551937,0.6531484936290981,0.056664837783860986,-0.3064023690227278,-0.5643075369192809,-0.6391391210901265,0.9051630627472605,0.19495119643886757,0.5351282677455826,-0.21477531525900906,6
9.3,0.775,0.27,2.8,0.078,24.0,56.0,0.9984,3.31,0.67,10.6,0.5698180780086255,1.3419169357196457,-0.011933606483021464,0.2046139531503683,-0.20510308923342996,0.7762487369508947,0.29311588161259444,0.9051630627472605,0.0013769081092849425,0.06620632634718031,0.15502417175402095,6
9.2,0.41,0.5,2.5,0.055,12.0,25.0,0.9952,3.34,0.79,13.3,0.5122260232701357,-0.6530114122032542,1.164750109099959,-0.017309719899392832,-0.6710797762641997,-0.37279949779497007,-0.6702142878468839,-0.8076886900942281,0.19495119643886757,0.7695892384447842,2.6511707090919723,7
8.9,0.4,0.51,2.6,0.052,13.0,27.0,0.995,3.32,0.9,13.4,0.3394498590546695,-0.7076669833792237,1.2159102706470453,0.056664837783860986,-0.7318593441377784,-0.27704547823281467,-0.6080639543333691,-0.9147419246468099,0.06590167088581153,1.4143569078675877,2.743620580845229,7
8.7,0.69,0.31,3.0,0.086,23.0,81.0,1.0002,3.48,0.74,11.6,0.224265749577691,0.8773445807239014,0.1927070397053229,0.3525630685168759,-0.043024241570553665,0.6804947173887393,1.0699950505315285,1.8686421737206165,1.09829787531026,0.4765130250707823,1.0795228892865951,6
6.5,0.39,0.23,8.3,0.051,28.0,91.0,0.9952,3.44,0.55,12.1,-1.0427594546690653,-0.7623225545551937,-0.21657425267136596,4.2732146257293255,-0.7521192000956379,1.1592648151995164,1.3807467180991022,-0.8076886900942281,0.8401988242041478,-0.6371765857504236,1.5417722480528822,6
10.7,0.35,0.53,2.6,0.07,5.0,16.0,0.9972,3.15,0.65,11.0,1.3761068443474698,-0.9809448392590733,1.3182305937412175,0.056664837783860986,-0.36718193689630624,-1.0430776347300579,-0.9498907886577002,0.2628436554317098,-1.0310192963151634,-0.051024159002420445,0.524823658767051,8
7.8,0.52,0.25,1.9,0.081,14.0,38.0,0.9984,3.43,0.65,9.0,-0.2940627430687092,-0.05180012926758561,-0.11425392957719378,-0.4611570659989154,-0.14432352135985124,-0.18129145867065927,-0.2662371200090381,0.9051630627472605,0.7756740614276212,-0.051024159002420445,-1.3241737762980974,6
7.2,0.34,0.32,2.5,0.09,43.0,113.0,0.9966,3.32,0.79,11.1,-0.6396150714996427,-1.035600410435043,0.24386720125240904,-0.017309719899392832,0.03801518226088462,2.5955751086318477,2.064400386747764,-0.05831604822603592,0.06590167088581153,0.7695892384447842,0.6172735305203081,5
10.4,0.44,0.73,6.55,0.074,38.0,76.0,0.999,3.17,0.85,12.0,1.2033306801320036,-0.4890446986753445,2.3414338246829396,2.978659866272384,-0.2861425130648682,2.1168050108210705,0.9146192167477417,1.2263227664050658,-0.9019697707621074,1.1212806944935858,1.4493223762996252,7
10.5,0.26,0.47,1.9,0.078,6.0,24.0,0.9976,3.18,1.04,10.9,1.2609227348704923,-1.4728449798428018,1.0112696244587007,-0.4611570659989154,-0.20510308923342996,-0.9473236151679025,-0.7012894546036412,0.476950124536933,-0.837445007985578,2.2349703053147922,0.43237378701379386,7
10.5,0.24,0.42,1.8,0.077,6.0,22.0,0.9976,3.21,1.05,10.8,1.2609227348704923,-1.5821561221947416,0.75546881672327,-0.535131623682169,-0.22536294519128952,-0.9473236151679025,-0.763439788117156,0.476950124536933,-0.6438707196559953,2.2935855479895926,0.3399239152605368,7
10.2,0.49,0.63,2.9,0.072,10.0,26.0,0.9968,3.16,0.78,12.5,1.088146570655025,-0.2157668427954953,1.8298322092120787,0.2785885108336221,-0.3266622249805874,-0.5643075369192809,-0.6391391210901265,0.04873718632654597,-0.966494533538634,0.7109739957699838,1.9115717350659123,7
10.4,0.24,0.46,1.8,0.075,6.0,21.0,0.9976,3.25,1.02,10.8,1.2033306801320036,-1.5821561221947416,0.9601094629116147,-0.535131623682169,-0.26588265710700865,-0.9473236151679025,-0.7945149548739133,0.476950124536933,-0.3857716685498832,2.1177398199651916,0.3399239152605368,7
11.2,0.67,0.55,2.3,0.084,6.0,13.0,1.0,3.17,0.71,9.5,1.6640671180399145,0.7680334383719623,1.4205509168353898,-0.16525883526590046,-0.08354395348627253,-0.9473236151679025,-1.0431162889279721,1.7615889391680346,-0.9019697707621074,0.3006672970463812,-0.8619244175318104,6
10.0,0.59,0.31,2.2,0.09,26.0,62.0,0.9994,3.18,0.63,10.2,0.9729624611780476,0.33078886896420306,0.1927070397053229,-0.23923339294915397,0.03801518226088462,0.9677567760752055,0.47956688215313864,1.4404292355102295,-0.837445007985578,-0.1682546443520212,-0.21477531525900906,6
13.3,0.29,0.75,2.8,0.084,23.0,43.0,0.9986,3.04,0.68,11.4,2.873500267548183,-1.3088782663148923,2.443754147777112,0.2046139531503683,-0.08354395348627253,0.6804947173887393,-0.1108612862252513,1.0122162972999018,-1.7407916868569702,0.12482156902198069,0.894623145780081,7
12.4,0.42,0.49,4.6,0.073,19.0,43.0,0.9978,3.02,0.61,9.5,2.3551717749017826,-0.5983558410272842,1.113589947552873,1.5361559914489358,-0.3064023690227278,0.29747863914011774,-0.1108612862252513,0.5840033590895148,-1.8698412124100263,-0.28548512970162193,-0.8619244175318104,5
10.7,0.4,0.48,2.1,0.125,15.0,49.0,0.998,3.03,0.81,9.7,1.3761068443474698,-0.7076669833792237,1.0624297860057867,-0.3132079506324078,0.747110140785969,-0.08553743910850388,0.07558971431529289,0.6910565936420968,-1.8053164496334997,0.886819723794385,-0.6770246740252962,6
10.5,0.51,0.64,2.4,0.107,6.0,15.0,0.9973,3.09,0.66,11.8,1.2609227348704923,-0.10645570044355551,1.8809923707591647,-0.09128427758264665,0.382432733544497,-0.9473236151679025,-0.9809659554144575,0.3163702727080007,-1.4181678729743317,0.007591083672379936,1.264422632793111,7
8.5,0.655,0.49,6.1,0.122,34.0,145.84000000000015,1.001,3.31,1.14,9.3,0.10908164010071351,0.6860500816080074,1.113589947552873,2.645774356697742,0.6863305729123903,1.733788932572449,3.0849088630396806,2.296855111930944,0.0013769081092849425,2.8211227320627947,-1.0468241610383244,5
12.5,0.6,0.49,4.3,0.1,5.0,14.0,1.001,3.25,0.74,11.9,2.412763829640271,0.385444440140173,1.113589947552873,1.3142323183991746,0.24061374183948034,-1.0430776347300579,-1.012041122171215,2.296855111930944,-0.3857716685498832,0.4765130250707823,1.356872504546368,6
10.4,0.61,0.49,2.1,0.2,5.0,16.0,0.9994,3.16,0.63,8.4,1.2033306801320036,0.44010001131614285,1.113589947552873,-0.3132079506324078,2.266599337625436,-1.0430776347300579,-0.9498907886577002,1.4404292355102295,-0.966494533538634,-0.1682546443520212,-1.8788730068176416,3
10.9,0.21,0.49,2.8,0.088,11.0,32.0,0.9972,3.22,0.68,11.7,1.4912909538244483,-1.7461228357226513,1.113589947552873,0.2046139531503683,-0.0025045296548345205,-0.46855351735712547,-0.4526881205495823,0.2628436554317098,-0.5793459568794659,0.12482156902198069,1.1719727610398523,6
7.3,0.365,0.49,2.5,0.088,39.0,106.0,0.9966,3.36,0.78,11.0,-0.5820230167611539,-0.8989614824951184,1.113589947552873,-0.017309719899392832,-0.0025045296548345205,2.212559030383226,1.8468742194504626,-0.05831604822603592,0.32400072199192365,0.7109739957699838,0.524823658767051,5
9.8,0.25,0.49,2.7,0.088,15.0,33.0,0.9982,3.42,0.9,10.0,0.8577783517010702,-1.5275005510187716,1.113589947552873,0.1306393954671148,-0.0025045296548345205,-0.08553743910850388,-0.42161295379282493,0.7981098281946787,0.7111492986510918,1.4143569078675877,-0.39967505876552323,6
7.6,0.41,0.49,2.0,0.088,16.0,43.0,0.998,3.48,0.64,9.1,-0.40924685254568716,-0.6530114122032542,1.113589947552873,-0.3871825083156616,-0.0025045296548345205,0.010216580453651524,-0.1108612862252513,0.6910565936420968,1.09829787531026,-0.10963940167722082,-1.2317239045448403,5
8.2,0.39,0.49,2.3,0.099,47.0,133.0,0.9979,3.38,0.99,9.8,-0.06369452411475372,-0.7623225545551937,1.113589947552873,-0.16525883526590046,0.22035388588162075,2.978591186880469,2.6859037218829114,0.6375299763658059,0.4530502475449797,1.9418940919407905,-0.5845748022720374,5
9.3,0.4,0.49,2.5,0.085,38.0,142.0,0.9978,3.22,0.55,9.4,0.5698180780086255,-0.7076669833792237,1.113589947552873,-0.017309719899392832,-0.06328409752841295,2.1168050108210705,2.9655802226937276,0.5840033590895148,-0.5793459568794659,-0.6371765857504236,-0.9543742892850674,5
9.2,0.43,0.49,2.4,0.086,23.0,116.0,0.9976,3.23,0.64,9.5,0.5122260232701357,-0.5437002698513144,1.113589947552873,-0.09128427758264665,-0.043024241570553665,0.6804947173887393,2.1576258870180363,0.476950124536933,-0.5148211941029393,-0.10963940167722082,-0.8619244175318104,5
10.4,0.64,0.24,2.8,0.105,29.0,53.0,0.9998,3.24,0.67,9.9,1.2033306801320036,0.6040667248440525,-0.16541409112427993,0.2046139531503683,0.3419130216287779,1.2550188347616718,0.19989038134232234,1.6545357046154527,-0.4502964313264098,0.06620632634718031,-0.4921249305187803,5
7.0,0.38,0.49,2.5,0.0969999999999999,33.0,85.0,0.9962,3.39,0.77,11.4,-0.7547991809766207,-0.8169781257311636,1.113589947552873,-0.017309719899392832,0.17983417396589965,1.6380349130102936,1.194295717558558,-0.27242251733125916,0.5175750103215091,0.6523587530951834,0.894623145780081,6
8.2,0.42,0.49,2.6,0.084,32.0,55.0,0.9988,3.34,0.75,8.7,-0.06369452411475372,-0.5983558410272842,1.113589947552873,0.056664837783860986,-0.08354395348627253,1.542280893448138,0.2620407148558371,1.119269531852484,0.19495119643886757,0.5351282677455826,-1.6015233915578704,6
9.9,0.63,0.24,2.4,0.077,6.0,33.0,0.9974,3.09,0.57,9.4,0.9153704064395589,0.5494111536680827,-0.16541409112427993,-0.09128427758264665,-0.22536294519128952,-0.9473236151679025,-0.42161295379282493,0.36989688998429165,-1.4181678729743317,-0.5199461004008235,-0.9543742892850674,5
9.1,0.22,0.24,2.1,0.078,1.0,28.0,0.999,3.41,0.87,10.3,0.45463396853164695,-1.6914672645466813,-0.16541409112427993,-0.3132079506324078,-0.20510308923342996,-1.4260937129786795,-0.5769887875766118,1.2263227664050658,0.6466245358745651,1.2385111798431865,-0.12232544350575032,6
11.9,0.38,0.49,2.7,0.098,12.0,42.0,1.0004,3.16,0.61,10.3,2.067211501209338,-0.8169781257311636,1.113589947552873,0.1306393954671148,0.20009402992376119,-0.37279949779497007,-0.14193645298200866,1.9756954082731983,-0.966494533538634,-0.28548512970162193,-0.12232544350575032,5
10.3,0.27,0.24,2.1,0.072,15.0,33.0,0.9956,3.22,0.66,12.8,1.145738625393515,-1.4181894086668319,-0.16541409112427993,-0.3132079506324078,-0.3266622249805874,-0.08553743910850388,-0.42161295379282493,-0.5935822209890048,-0.5793459568794659,0.007591083672379936,2.188921350325685,6
10.0,0.48,0.24,2.7,0.102,13.0,32.0,1.0,3.28,0.56,10.0,0.9729624611780476,-0.2704224139714652,-0.16541409112427993,0.1306393954671148,0.2811334537551992,-0.27704547823281467,-0.4526881205495823,1.7615889391680346,-0.19219738022030056,-0.5785613430756232,-0.39967505876552323,6
8.1,0.825,0.24,2.1,0.084,5.0,13.0,0.9972,3.37,0.77,10.7,-0.12128657885324247,1.6151947915994944,-0.16541409112427993,-0.3132079506324078,-0.08354395348627253,-1.0430776347300579,-1.0431162889279721,0.2628436554317098,0.38852548476845306,0.6523587530951834,0.24747404350727803,6
12.9,0.35,0.49,5.8,0.066,5.0,35.0,1.0014,3.2,0.66,12.0,2.6431320485942273,-0.9809448392590733,1.113589947552873,2.4238506836479807,-0.4482213607277445,-1.0430776347300579,-0.3594626202793102,2.5109615810362267,-0.7083954824325219,0.007591083672379936,1.4493223762996252,7
11.2,0.5,0.74,5.15,0.1,5.0,17.0,0.9996,3.22,0.62,11.2,1.6640671180399145,-0.1611112716195254,2.392593986230026,1.943016058706832,0.24061374183948034,-1.0430776347300579,-0.9188156219009428,1.5474824700628709,-0.5793459568794659,-0.22686988702682157,0.7097234022735651,5
9.2,0.59,0.24,3.3,0.1009999999999999,20.0,47.0,0.9988,3.26,0.67,9.6,0.5122260232701357,0.33078886896420306,-0.16541409112427993,0.574486741566637,0.26087359779733765,0.39323265870227314,0.013439380801778167,1.119269531852484,-0.32124690577335663,0.06620632634718031,-0.7694745457785532,5
9.5,0.46,0.49,6.3,0.064,5.0,17.0,0.9988,3.21,0.73,11.0,0.6850021874856029,-0.3797335563234047,1.113589947552873,2.79372347206425,-0.48874107264346367,-1.0430776347300579,-0.9188156219009428,1.119269531852484,-0.6438707196559953,0.4178977823959819,0.524823658767051,6
9.3,0.715,0.24,2.1,0.07,5.0,20.0,0.9966,3.12,0.59,9.9,0.5698180780086255,1.0139835086638262,-0.16541409112427993,-0.3132079506324078,-0.36718193689630624,-1.0430776347300579,-0.8255901216306707,-0.05831604822603592,-1.224593584644746,-0.4027156150512227,-0.4921249305187803,5
11.2,0.66,0.24,2.5,0.085,16.0,53.0,0.9993,3.06,0.72,11.0,1.6640671180399145,0.7133778671959924,-0.16541409112427993,-0.017309719899392832,-0.06328409752841295,0.010216580453651524,0.19989038134232234,1.3869026182339386,-1.6117421613039142,0.35928253972118157,0.524823658767051,6
14.3,0.31,0.74,1.8,0.075,6.0,15.0,1.0008,2.86,0.79,8.4,3.4494208149330725,-1.1995671239629526,2.392593986230026,-0.535131623682169,-0.26588265710700865,-0.9473236151679025,-0.9809659554144575,2.189801877378362,-2.9022374168344744,0.7695892384447842,-1.8788730068176416,6
9.1,0.47,0.49,2.6,0.094,38.0,106.0,0.9982,3.08,0.59,9.1,0.45463396853164695,-0.3250779851474351,1.113589947552873,0.056664837783860986,0.1190546060923229,2.1168050108210705,1.8468742194504626,0.7981098281946787,-1.482692635750858,-0.4027156150512227,-1.2317239045448403,5
7.5,0.55,0.24,2.0,0.078,10.0,28.0,0.9983,3.45,0.78,9.5,-0.46683890728417593,0.11216658426032408,-0.16541409112427993,-0.3871825083156616,-0.20510308923342996,-0.5643075369192809,-0.5769887875766118,0.8516364454709696,0.9047235869806772,0.7109739957699838,-0.8619244175318104,6
10.6,0.31,0.49,2.5,0.067,6.0,21.0,0.9987,3.26,0.86,10.7,1.318514789608981,-1.1995671239629526,1.113589947552873,-0.017309719899392832,-0.4279615047698849,-0.9473236151679025,-0.7945149548739133,1.0657429145761927,-0.32124690577335663,1.1798959371683861,0.24747404350727803,6
12.4,0.35,0.49,2.6,0.079,27.0,69.0,0.9994,3.12,0.75,10.4,2.3551717749017826,-0.9809448392590733,1.113589947552873,0.056664837783860986,-0.18484323327557037,1.0635107956373608,0.6970930494504401,1.4404292355102295,-1.224593584644746,0.5351282677455826,-0.029875571752493238,6
9.0,0.53,0.49,1.9,0.171,6.0,25.0,0.9975,3.27,0.61,9.4,0.39704191379315823,0.002855441908384288,1.113589947552873,-0.4611570659989154,1.6790635148475088,-0.9473236151679025,-0.6702142878468839,0.42342350726064204,-0.25672214299682716,-0.28548512970162193,-0.9543742892850674,6
6.8,0.51,0.01,2.1,0.074,9.0,25.0,0.9958,3.33,0.56,9.5,-0.8699832904535987,-0.10645570044355551,-1.3420978067072604,-0.3132079506324078,-0.2861425130648682,-0.6600615564814363,-0.6702142878468839,-0.48652898643642295,0.130426433662341,-0.5785613430756232,-0.8619244175318104,6
9.4,0.43,0.24,2.8,0.092,14.0,45.0,0.998,3.19,0.73,10.0,0.6274101327471142,-0.5437002698513144,-0.16541409112427993,0.2046139531503683,0.07853489417660377,-0.18129145867065927,-0.04871095271173656,0.6910565936420968,-0.7729202452090513,0.4178977823959819,-0.39967505876552323,6
9.5,0.46,0.24,2.7,0.092,14.0,44.0,0.998,3.12,0.74,10.0,0.6850021874856029,-0.3797335563234047,-0.16541409112427993,0.1306393954671148,0.07853489417660377,-0.18129145867065927,-0.07978611946849393,0.6910565936420968,-1.224593584644746,0.4765130250707823,-0.39967505876552323,6
5.0,1.04,0.24,1.6,0.05,32.0,96.0,0.9934,3.74,0.62,11.5,-1.9066402757463996,2.7902895718828464,-0.16541409112427993,-0.6830807390486765,-0.7723790560534973,1.542280893448138,1.536122551882889,-1.771167801067584,2.7759417074999884,-0.22686988702682157,0.9870730175333381,5
15.5,0.645,0.49,4.2,0.095,10.0,23.0,1.00315,2.92,0.74,11.1,4.140525471794939,0.6313945104320375,1.113589947552873,1.240257760715921,0.13931446205018247,-0.5643075369192809,-0.7323646213603986,3.447677383371378,-2.5150888401753067,0.4765130250707823,0.6172735305203081,5
10.9,0.53,0.49,4.6,0.118,10.0,17.0,1.0002,3.07,0.56,11.7,1.4912909538244483,0.002855441908384288,1.113589947552873,1.5361559914489358,0.605291149080952,-0.5643075369192809,-0.9188156219009428,1.8686421737206165,-1.5472173985273876,-0.5785613430756232,1.1719727610398523,6
15.6,0.645,0.49,4.2,0.095,10.0,23.0,1.00315,2.92,0.74,11.1,4.198117526533428,0.6313945104320375,1.113589947552873,1.240257760715921,0.13931446205018247,-0.5643075369192809,-0.7323646213603986,3.447677383371378,-2.5150888401753067,0.4765130250707823,0.6172735305203081,5
13.0,0.47,0.49,4.3,0.085,6.0,47.0,1.0021,3.3,0.68,12.7,2.700724103332716,-0.3250779851474351,1.113589947552873,1.3142323183991746,-0.06328409752841295,-0.9473236151679025,0.013439380801778167,2.8856479019702634,-0.06314785466724451,0.12482156902198069,2.0964714785724263,6
12.7,0.6,0.49,2.8,0.075,5.0,19.0,0.9994,3.14,0.57,11.4,2.5279479391172486,0.385444440140173,1.113589947552873,0.2046139531503683,-0.26588265710700865,-1.0430776347300579,-0.8566652883874281,1.4404292355102295,-1.09554405909169,-0.5199461004008235,0.894623145780081,5
9.0,0.44,0.49,2.4,0.078,26.0,121.0,0.9978,3.23,0.58,9.2,0.39704191379315823,-0.4890446986753445,1.113589947552873,-0.09128427758264665,-0.20510308923342996,0.9677567760752055,2.313001720801823,0.5840033590895148,-0.5148211941029393,-0.4613308577260231,-1.1392740327915833,5
9.0,0.54,0.49,2.9,0.094,41.0,110.0,0.9982,3.08,0.61,9.2,0.39704191379315823,0.05751101308435418,1.113589947552873,0.2785885108336221,0.1190546060923229,2.4040670695075366,1.971174886477492,0.7981098281946787,-1.482692635750858,-0.28548512970162193,-1.1392740327915833,5
7.6,0.29,0.49,2.7,0.092,25.0,60.0,0.9971,3.31,0.61,10.1,-0.40924685254568716,-1.3088782663148923,1.113589947552873,0.1306393954671148,0.07853489417660377,0.8720027565130501,0.4174165486396239,0.20931703815541883,0.0013769081092849425,-0.28548512970162193,-0.30722518701226614,6
8.7,0.7,0.24,2.5,0.226,5.0,15.0,0.9991,3.32,0.6,9.0,0.224265749577691,0.9320001518998713,-0.16541409112427993,-0.017309719899392832,2.793355592529784,-1.0430776347300579,-0.9809659554144575,1.2798493836813567,0.06590167088581153,-0.3441003723764223,-1.3241737762980974,6
9.8,0.5,0.49,2.6,0.25,5.0,20.0,0.999,3.31,0.79,10.7,0.8577783517010702,-0.1611112716195254,1.113589947552873,0.056664837783860986,3.2795921355184134,-1.0430776347300579,-0.8255901216306707,1.2263227664050658,0.0013769081092849425,0.7695892384447842,0.24747404350727803,6
6.2,0.36,0.24,2.2,0.095,19.0,42.0,0.9946,3.57,0.57,11.7,-1.215535618884532,-0.9262892680831034,-0.16541409112427993,-0.23923339294915397,0.13931446205018247,0.29747863914011774,-0.14193645298200866,-1.1288483937519738,1.6790207402990107,-0.5199461004008235,1.1719727610398523,6
11.5,0.35,0.49,3.3,0.07,10.0,37.0,1.0003,3.32,0.91,11.0,1.8368432822553817,-0.9809448392590733,1.113589947552873,0.574486741566637,-0.36718193689630624,-0.5643075369192809,-0.29731228676579546,1.9221687909969074,0.06590167088581153,1.472972150542388,0.524823658767051,6
10.2,0.24,0.49,2.4,0.075,10.0,28.0,0.9978,3.14,0.61,10.4,1.088146570655025,-1.5821561221947416,1.113589947552873,-0.09128427758264665,-0.26588265710700865,-0.5643075369192809,-0.5769887875766118,0.5840033590895148,-1.09554405909169,-0.28548512970162193,-0.029875571752493238,5
10.5,0.59,0.49,2.1,0.07,14.0,47.0,0.9991,3.3,0.56,9.6,1.2609227348704923,0.33078886896420306,1.113589947552873,-0.3132079506324078,-0.36718193689630624,-0.18129145867065927,0.013439380801778167,1.2798493836813567,-0.06314785466724451,-0.5785613430756232,-0.7694745457785532,4
10.6,0.34,0.49,3.2,0.078,20.0,78.0,0.9992,3.19,0.7,10.0,1.318514789608981,-1.035600410435043,1.113589947552873,0.5005121838833836,-0.20510308923342996,0.39323265870227314,0.9767695502612564,1.3333760009576476,-0.7729202452090513,0.2420520543715808,-0.39967505876552323,6
12.3,0.27,0.49,3.1,0.079,28.0,46.0,0.9993,3.2,0.8,10.2,2.2975797201632937,-1.4181894086668319,1.113589947552873,0.42653762620012975,-0.18484323327557037,1.1592648151995164,-0.017635785954979197,1.3869026182339386,-0.7083954824325219,0.8282044811195846,-0.21477531525900906,6
9.9,0.5,0.24,2.3,0.103,6.0,14.0,0.9978,3.34,0.52,10.0,0.9153704064395589,-0.1611112716195254,-0.16541409112427993,-0.16525883526590046,0.3013933097130588,-0.9473236151679025,-1.012041122171215,0.5840033590895148,0.19495119643886757,-0.8130223137748247,-0.39967505876552323,4
8.8,0.44,0.49,2.8,0.083,18.0,111.0,0.9982,3.3,0.6,9.5,0.28185780431618074,-0.4890446986753445,1.113589947552873,0.2046139531503683,-0.10380380944413209,0.20172461957796234,2.0022500532342495,0.7981098281946787,-0.06314785466724451,-0.3441003723764223,-0.8619244175318104,5
8.8,0.47,0.49,2.9,0.085,17.0,110.0,0.9982,3.29,0.6,9.8,0.28185780431618074,-0.3250779851474351,1.113589947552873,0.2785885108336221,-0.06328409752841295,0.10597060001580692,1.971174886477492,0.7981098281946787,-0.1276726174437711,-0.3441003723764223,-0.5845748022720374,5
10.6,0.31,0.49,2.2,0.063,18.0,40.0,0.9976,3.14,0.51,9.8,1.318514789608981,-1.1995671239629526,1.113589947552873,-0.23923339294915397,-0.5090009286013232,0.20172461957796234,-0.2040867864955234,0.476950124536933,-1.09554405909169,-0.871637556449625,-0.5845748022720374,6
12.3,0.5,0.49,2.2,0.089,5.0,14.0,1.0002,3.19,0.44,9.6,2.2975797201632937,-0.1611112716195254,1.113589947552873,-0.23923339294915397,0.01775532630302505,-1.0430776347300579,-1.012041122171215,1.8686421737206165,-0.7729202452090513,-1.2819442551732274,-0.7694745457785532,5
11.7,0.49,0.49,2.2,0.083,5.0,15.0,1.0,3.19,0.43,9.2,1.9520273917323594,-0.2157668427954953,1.113589947552873,-0.23923339294915397,-0.10380380944413209,-1.0430776347300579,-0.9809659554144575,1.7615889391680346,-0.7729202452090513,-1.3405594978480277,-1.1392740327915833,5
12.0,0.28,0.49,1.9,0.074,10.0,21.0,0.9976,2.98,0.66,9.9,2.1248035559478264,-1.3635338374908619,1.113589947552873,-0.4611570659989154,-0.2861425130648682,-0.5643075369192809,-0.7945149548739133,0.476950124536933,-2.1279402635161384,0.007591083672379936,-0.4921249305187803,7
11.8,0.33,0.49,3.4,0.093,54.0,80.0,1.0002,3.3,0.76,10.7,2.009619446470849,-1.0902559816110127,1.113589947552873,0.6484612992498909,0.09879475013446333,3.648869323815557,1.038919883774771,1.8686421737206165,-0.06314785466724451,0.5937435104203831,0.24747404350727803,7
7.6,0.51,0.24,2.4,0.091,8.0,38.0,0.998,3.47,0.66,9.6,-0.40924685254568716,-0.10645570044355551,-0.16541409112427993,-0.09128427758264665,0.05827503821874419,-0.7558155760435917,-0.2662371200090381,0.6910565936420968,1.0337731125337333,0.007591083672379936,-0.7694745457785532,6
11.1,0.31,0.49,2.7,0.094,16.0,47.0,0.9986,3.12,1.02,10.6,1.6064750633014258,-1.1995671239629526,1.113589947552873,0.1306393954671148,0.1190546060923229,0.010216580453651524,0.013439380801778167,1.0122162972999018,-1.224593584644746,2.1177398199651916,0.15502417175402095,7
7.3,0.73,0.24,1.9,0.108,18.0,102.0,0.9967,3.26,0.59,9.3,-0.5820230167611539,1.095966865427781,-0.16541409112427993,-0.4611570659989154,0.4026925895023566,0.20172461957796234,1.7225735524234331,-0.004789430949744973,-0.32124690577335663,-0.4027156150512227,-1.0468241610383244,5
5.0,0.42,0.24,2.0,0.06,19.0,50.0,0.9917,3.72,0.74,14.0,-1.9066402757463996,-0.5983558410272842,-0.16541409112427993,-0.3871825083156616,-0.5697804964749019,0.29747863914011774,0.10666488107205026,-2.6811202947645896,2.6468921819469324,0.4765130250707823,3.2983198113647734,8
10.2,0.29,0.49,2.6,0.059,5.0,13.0,0.9976,3.05,0.74,10.5,1.088146570655025,-1.3088782663148923,1.113589947552873,0.056664837783860986,-0.5900403524327615,-1.0430776347300579,-1.0431162889279721,0.476950124536933,-1.6762669240804438,0.4765130250707823,0.06257430000076386,7
9.0,0.45,0.49,2.6,0.084,21.0,75.0,0.9987,3.35,0.57,9.7,0.39704191379315823,-0.4343891274993746,1.113589947552873,0.056664837783860986,-0.08354395348627253,0.48898667826442854,0.8835440499909843,1.0657429145761927,0.259475959215397,-0.5199461004008235,-0.6770246740252962,5
6.6,0.39,0.49,1.7,0.07,23.0,145.84000000000015,0.9922,3.12,0.5,11.5,-0.9851673999305766,-0.7623225545551937,1.113589947552873,-0.6091061813654229,-0.36718193689630624,0.6804947173887393,3.0849088630396806,-2.4134872083831347,-1.224593584644746,-0.9302527991244255,0.9870730175333381,6
9.9,0.49,0.58,3.5,0.094,9.0,43.0,1.0004,3.29,0.58,9.0,0.9153704064395589,-0.2157668427954953,1.5740314014766479,0.7224358569331447,0.1190546060923229,-0.6600615564814363,-0.1108612862252513,1.9756954082731983,-0.1276726174437711,-0.4613308577260231,-1.3241737762980974,5
7.9,0.72,0.17,2.6,0.096,20.0,38.0,0.9978,3.4,0.53,9.5,-0.23647068833021995,1.0413112942518112,-0.5235352219538827,0.056664837783860986,0.15957431800804206,0.39323265870227314,-0.2662371200090381,0.5840033590895148,0.5820997730980357,-0.7544070711000244,-0.8619244175318104,5
8.9,0.595,0.41,7.9,0.086,30.0,109.0,0.9998,3.27,0.57,9.3,0.3394498590546695,0.358116654552188,0.7043086551761839,3.97731639499631,-0.043024241570553665,1.350772854323827,1.9400997197207348,1.6545357046154527,-0.25672214299682716,-0.5199461004008235,-1.0468241610383244,5
12.4,0.4,0.51,2.0,0.059,6.0,24.0,0.9994,3.04,0.6,9.3,2.3551717749017826,-0.7076669833792237,1.2159102706470453,-0.3871825083156616,-0.5900403524327615,-0.9473236151679025,-0.7012894546036412,1.4404292355102295,-1.7407916868569702,-0.3441003723764223,-1.0468241610383244,6
11.9,0.58,0.58,1.9,0.071,5.0,18.0,0.998,3.09,0.63,10.0,2.067211501209338,0.27613329778823315,1.5740314014766479,-0.4611570659989154,-0.34692208093844695,-1.0430776347300579,-0.8877404551441854,0.6910565936420968,-1.4181678729743317,-0.1682546443520212,-0.39967505876552323,6
8.5,0.585,0.18,2.1,0.078,5.0,30.0,0.9967,3.2,0.48,9.8,0.10908164010071351,0.30346108337621813,-0.4723750604067966,-0.3132079506324078,-0.20510308923342996,-1.0430776347300579,-0.514838454063097,-0.004789430949744973,-0.7083954824325219,-1.0474832844740263,-0.5845748022720374,6
12.7,0.59,0.45,2.3,0.0819999999999999,11.0,22.0,1.0,3.0,0.7,9.3,2.5279479391172486,0.33078886896420306,0.9089493013645286,-0.16525883526590046,-0.12406366540199364,-0.46855351735712547,-0.763439788117156,1.7615889391680346,-1.9988907379630823,0.2420520543715808,-1.0468241610383244,6
8.2,0.915,0.27,2.1,0.088,7.0,23.0,0.9962,3.26,0.47,10.0,-0.06369452411475372,2.1070949321832235,-0.011933606483021464,-0.3132079506324078,-0.0025045296548345205,-0.8515695956057471,-0.7323646213603986,-0.27242251733125916,-0.32124690577335663,-1.1060985271488266,-0.39967505876552323,4
13.2,0.46,0.52,2.2,0.071,12.0,35.0,1.0006,3.1,0.56,9.0,2.8159082128096933,-0.3797335563234047,1.2670704321941315,-0.23923339294915397,-0.34692208093844695,-0.37279949779497007,-0.3594626202793102,2.08274864282578,-1.3536431101978021,-0.5785613430756232,-1.3241737762980974,6
7.7,0.835,0.0,2.6,0.081,6.0,14.0,0.9975,3.3,0.52,9.3,-0.35165479780719794,1.6698503627754644,-1.3932579682543467,0.056664837783860986,-0.14432352135985124,-0.9473236151679025,-1.012041122171215,0.42342350726064204,-0.06314785466724451,-0.8130223137748247,-1.0468241610383244,5
8.3,0.58,0.13,2.9,0.096,14.0,63.0,0.9984,3.17,0.62,9.1,-0.0061024693762639646,0.27613329778823315,-0.7281758681422271,0.2785885108336221,0.15957431800804206,-0.18129145867065927,0.510642048909896,0.9051630627472605,-0.9019697707621074,-0.22686988702682157,-1.2317239045448403,6
8.3,0.6,0.13,2.6,0.085,6.0,24.0,0.9984,3.31,0.59,9.2,-0.0061024693762639646,0.385444440140173,-0.7281758681422271,0.056664837783860986,-0.06328409752841295,-0.9473236151679025,-0.7012894546036412,0.9051630627472605,0.0013769081092849425,-0.4027156150512227,-1.1392740327915833,6
9.4,0.41,0.48,4.6,0.072,10.0,20.0,0.9973,3.34,0.79,12.2,0.6274101327471142,-0.6530114122032542,1.0624297860057867,1.5361559914489358,-0.3266622249805874,-0.5643075369192809,-0.8255901216306707,0.3163702727080007,0.19495119643886757,0.7695892384447842,1.6342221198061393,7
8.8,0.48,0.41,3.3,0.092,26.0,52.0,0.9982,3.31,0.53,10.5,0.28185780431618074,-0.2704224139714652,0.7043086551761839,0.574486741566637,0.07853489417660377,0.9677567760752055,0.16881521458556498,0.7981098281946787,0.0013769081092849425,-0.7544070711000244,0.06257430000076386,6
10.1,0.65,0.37,5.1,0.11,11.0,65.0,1.0026,3.32,0.64,10.4,1.0305545159165364,0.6587222960200224,0.4996680089878396,1.9060287798652045,0.44321230141807577,-0.46855351735712547,0.5727923824234107,3.153280988351718,0.06590167088581153,-0.10963940167722082,-0.029875571752493238,6
6.3,0.36,0.19,3.2,0.075,15.0,39.0,0.9956,3.56,0.52,12.7,-1.1579435641460434,-0.9262892680831034,-0.4212148988597105,0.5005121838833836,-0.26588265710700865,-0.08553743910850388,-0.23516195325228073,-0.5935822209890048,1.614495977522484,-0.8130223137748247,2.0964714785724263,6
8.8,0.24,0.54,2.5,0.083,25.0,57.0,0.9983,3.39,0.54,9.2,0.28185780431618074,-1.5821561221947416,1.3693907552883038,-0.017309719899392832,-0.10380380944413209,0.8720027565130501,0.3241910483693518,0.8516364454709696,0.5175750103215091,-0.6957918284252239,-1.1392740327915833,5
13.2,0.38,0.55,2.7,0.081,5.0,16.0,1.0006,2.98,0.54,9.4,2.8159082128096933,-0.8169781257311636,1.4205509168353898,0.1306393954671148,-0.14432352135985124,-1.0430776347300579,-0.9498907886577002,2.08274864282578,-2.1279402635161384,-0.6957918284252239,-0.9543742892850674,5
7.5,0.64,0.0,2.4,0.077,18.0,29.0,0.9965,3.32,0.6,10.0,-0.46683890728417593,0.6040667248440525,-1.3932579682543467,-0.09128427758264665,-0.22536294519128952,0.20172461957796234,-0.5459136208198544,-0.11184266550232687,0.06590167088581153,-0.3441003723764223,-0.39967505876552323,6
8.2,0.39,0.38,1.5,0.0579999999999999,10.0,29.0,0.9962,3.26,0.74,9.8,-0.06369452411475372,-0.7623225545551937,0.5508281705349257,-0.7570552967319304,-0.610300208390623,-0.5643075369192809,-0.5459136208198544,-0.27242251733125916,-0.32124690577335663,0.4765130250707823,-0.5845748022720374,5
9.2,0.755,0.18,2.2,0.148,10.0,103.0,0.9969,2.87,1.36,10.2,0.5122260232701357,1.2326057933677057,-0.4723750604067966,-0.23923339294915397,1.2130868278167386,-0.5643075369192809,1.7536487191801906,0.10226380360283692,-2.8377126540579454,4.1106580709084035,-0.21477531525900906,6
9.6,0.6,0.5,2.3,0.079,28.0,71.0,0.9997,3.5,0.57,9.7,0.7425942422240916,0.385444440140173,1.164750109099959,-0.16525883526590046,-0.18484323327557037,1.1592648151995164,0.7592433829639549,1.6010090873391618,1.2273474008633158,-0.5199461004008235,-0.6770246740252962,5
11.5,0.31,0.51,2.2,0.079,14.0,28.0,0.9982,3.03,0.93,9.8,1.8368432822553817,-1.1995671239629526,1.2159102706470453,-0.23923339294915397,-0.18484323327557037,-0.18129145867065927,-0.5769887875766118,0.7981098281946787,-1.8053164496334997,1.590202635891989,-0.5845748022720374,6
11.4,0.46,0.5,2.7,0.122,4.0,17.0,1.0006,3.13,0.7,10.2,1.779251227516893,-0.3797335563234047,1.164750109099959,0.1306393954671148,0.6863305729123903,-1.1388316542922132,-0.9188156219009428,2.08274864282578,-1.1600688218682194,0.2420520543715808,-0.21477531525900906,5
11.3,0.37,0.41,2.3,0.088,6.0,16.0,0.9988,3.09,0.8,9.3,1.7216591727784043,-0.8716336969071334,0.7043086551761839,-0.16525883526590046,-0.0025045296548345205,-0.9473236151679025,-0.9498907886577002,1.119269531852484,-1.4181678729743317,0.8282044811195846,-1.0468241610383244,5
8.3,0.54,0.24,3.4,0.076,16.0,112.0,0.9976,3.27,0.61,9.4,-0.0061024693762639646,0.05751101308435418,-0.16541409112427993,0.6484612992498909,-0.24562280114914908,0.010216580453651524,2.033325219991007,0.476950124536933,-0.25672214299682716,-0.28548512970162193,-0.9543742892850674,5
8.2,0.56,0.23,3.4,0.078,14.0,104.0,0.9976,3.28,0.62,9.4,-0.06369452411475372,0.16682215543629397,-0.21657425267136596,0.6484612992498909,-0.20510308923342996,-0.18129145867065927,1.7847238859369479,0.476950124536933,-0.19219738022030056,-0.22686988702682157,-0.9543742892850674,5
10.0,0.58,0.22,1.9,0.08,9.0,32.0,0.9974,3.13,0.55,9.5,0.9729624611780476,0.27613329778823315,-0.2677344142184521,-0.4611570659989154,-0.1645833773177108,-0.6600615564814363,-0.4526881205495823,0.36989688998429165,-1.1600688218682194,-0.6371765857504236,-0.8619244175318104,5
7.9,0.51,0.25,2.9,0.077,21.0,45.0,0.9974,3.49,0.96,12.1,-0.23647068833021995,-0.10645570044355551,-0.11425392957719378,0.2785885108336221,-0.22536294519128952,0.48898667826442854,-0.04871095271173656,0.36989688998429165,1.1628226380867894,1.7660483639163893,1.5417722480528822,6
6.8,0.69,0.0,5.6,0.124,21.0,58.0,0.9997,3.46,0.72,10.2,-0.8699832904535987,0.8773445807239014,-1.3932579682543467,2.275901568281473,0.7268502848281094,0.48898667826442854,0.3552662151261092,1.6010090873391618,0.9692483497572039,0.35928253972118157,-0.21477531525900906,5
8.8,0.6,0.29,2.2,0.098,5.0,15.0,0.9988,3.36,0.49,9.1,0.28185780431618074,0.385444440140173,0.09038671661115057,-0.23923339294915397,0.20009402992376119,-1.0430776347300579,-0.9809659554144575,1.119269531852484,0.32400072199192365,-0.9888680417992258,-1.2317239045448403,5
8.7,0.54,0.26,2.5,0.0969999999999999,7.0,31.0,0.9976,3.27,0.6,9.3,0.224265749577691,0.05751101308435418,-0.06309376803010762,-0.017309719899392832,0.17983417396589965,-0.8515695956057471,-0.48376328730633966,0.476950124536933,-0.25672214299682716,-0.3441003723764223,-1.0468241610383244,6
7.6,0.685,0.23,2.3,0.111,20.0,84.0,0.9964,3.21,0.61,9.3,-0.40924685254568716,0.8500167951359171,-0.21657425267136596,-0.16525883526590046,0.46347215737593533,0.39323265870227314,1.1632205508018005,-0.16536928277867724,-0.6438707196559953,-0.28548512970162193,-1.0468241610383244,5
10.4,0.28,0.54,2.7,0.105,5.0,19.0,0.9988,3.25,0.63,9.5,1.2033306801320036,-1.3635338374908619,1.3693907552883038,0.1306393954671148,0.3419130216287779,-1.0430776347300579,-0.8566652883874281,1.119269531852484,-0.3857716685498832,-0.1682546443520212,-0.8619244175318104,5
7.6,0.41,0.14,3.0,0.087,21.0,43.0,0.9964,3.32,0.57,10.5,-0.40924685254568716,-0.6530114122032542,-0.677015706595141,0.3525630685168759,-0.02276438561269409,0.48898667826442854,-0.1108612862252513,-0.16536928277867724,0.06590167088581153,-0.5199461004008235,0.06257430000076386,6
10.1,0.935,0.22,3.4,0.105,11.0,86.0,1.001,3.43,0.64,11.3,1.0305545159165364,2.2164060745351635,-0.2677344142184521,0.6484612992498909,0.3419130216287779,-0.46855351735712547,1.2253708843153153,2.296855111930944,0.7756740614276212,-0.10963940167722082,0.8021732740268238,4
7.9,0.35,0.21,1.9,0.073,46.0,102.0,0.9964,3.27,0.58,9.5,-0.23647068833021995,-0.9809448392590733,-0.3188945757655383,-0.4611570659989154,-0.3064023690227278,2.8828371673183137,1.7225735524234331,-0.16536928277867724,-0.25672214299682716,-0.4613308577260231,-0.8619244175318104,5
8.7,0.84,0.0,1.4,0.065,24.0,33.0,0.9954,3.27,0.55,9.7,0.224265749577691,1.6971781483634494,-1.3932579682543467,-0.8310298544151842,-0.4684812166856041,0.7762487369508947,-0.42161295379282493,-0.7006354555416462,-0.25672214299682716,-0.6371765857504236,-0.6770246740252962,5
9.6,0.88,0.28,2.4,0.086,30.0,145.84000000000015,0.9979,3.24,0.53,9.4,0.7425942422240916,1.9158004330673288,0.039226555064064694,-0.09128427758264665,-0.043024241570553665,1.350772854323827,3.0849088630396806,0.6375299763658059,-0.4502964313264098,-0.7544070711000244,-0.9543742892850674,5
9.5,0.885,0.27,2.3,0.084,31.0,145.0,0.9978,3.24,0.53,9.4,0.6850021874856029,1.9431282186553138,-0.011933606483021464,-0.16525883526590046,-0.08354395348627253,1.4465268738859824,3.0588057229639998,0.5840033590895148,-0.4502964313264098,-0.7544070711000244,-0.9543742892850674,5
7.7,0.915,0.12,2.2,0.143,7.0,23.0,0.9964,3.35,0.65,10.2,-0.35165479780719794,2.1070949321832235,-0.7793360296893133,-0.23923339294915397,1.1117875480274408,-0.8515695956057471,-0.7323646213603986,-0.16536928277867724,0.259475959215397,-0.051024159002420445,-0.21477531525900906,7
8.9,0.29,0.35,1.9,0.067,25.0,57.0,0.997,3.18,1.36,10.3,0.3394498590546695,-1.3088782663148923,0.39734768589366726,-0.4611570659989154,-0.4279615047698849,0.8720027565130501,0.3241910483693518,0.15579042087912787,-0.837445007985578,4.1106580709084035,-0.12232544350575032,6
9.9,0.54,0.45,2.3,0.071,16.0,40.0,0.9991,3.39,0.62,9.4,0.9153704064395589,0.05751101308435418,0.9089493013645286,-0.16525883526590046,-0.34692208093844695,0.010216580453651524,-0.2040867864955234,1.2798493836813567,0.5175750103215091,-0.22686988702682157,-0.9543742892850674,5
9.5,0.59,0.44,2.3,0.071,21.0,68.0,0.9992,3.46,0.63,9.5,0.6850021874856029,0.33078886896420306,0.8577891398174424,-0.16525883526590046,-0.34692208093844695,0.48898667826442854,0.6660178826936828,1.3333760009576476,0.9692483497572039,-0.1682546443520212,-0.8619244175318104,5
7.8,0.64,0.1,6.0,0.115,5.0,11.0,0.9984,3.37,0.69,10.1,-0.2940627430687092,0.6040667248440525,-0.8816563527834855,2.5717997990144887,0.5445115812073736,-1.0430776347300579,-1.1052666224414869,0.9051630627472605,0.38852548476845306,0.18343681169678042,-0.30722518701226614,7
7.3,0.67,0.05,3.6,0.107,6.0,20.0,0.9972,3.4,0.63,10.1,-0.5820230167611539,0.7680334383719623,-1.137457160518916,0.7964104146163985,0.382432733544497,-0.9473236151679025,-0.8255901216306707,0.2628436554317098,0.5820997730980357,-0.1682546443520212,-0.30722518701226614,5
8.3,0.845,0.01,2.2,0.07,5.0,14.0,0.9967,3.32,0.58,11.0,-0.0061024693762639646,1.7245059339514341,-1.3420978067072604,-0.23923339294915397,-0.36718193689630624,-1.0430776347300579,-1.012041122171215,-0.004789430949744973,0.06590167088581153,-0.4613308577260231,0.524823658767051,4
8.7,0.48,0.3,2.8,0.066,10.0,28.0,0.9964,3.33,0.67,11.2,0.224265749577691,-0.2704224139714652,0.14154687815823674,0.2046139531503683,-0.4482213607277445,-0.5643075369192809,-0.5769887875766118,-0.16536928277867724,0.130426433662341,0.06620632634718031,0.7097234022735651,7
6.7,0.42,0.27,8.6,0.068,24.0,145.84000000000015,0.9948,3.16,0.57,11.3,-0.9275753451920874,-0.5983558410272842,-0.011933606483021464,4.495138298779086,-0.40770164881202536,0.7762487369508947,3.0849088630396806,-1.021795159199392,-0.966494533538634,-0.5199461004008235,0.8021732740268238,6
10.7,0.43,0.39,2.2,0.106,8.0,32.0,0.9986,2.89,0.5,9.6,1.3761068443474698,-0.5437002698513144,0.6019883320820119,-0.23923339294915397,0.36217287758663746,-0.7558155760435917,-0.4526881205495823,1.0122162972999018,-2.708663128504889,-0.9302527991244255,-0.7694745457785532,5
9.8,0.88,0.25,2.5,0.104,35.0,145.84000000000015,1.001,3.41,0.67,11.2,0.8577783517010702,1.9158004330673288,-0.11425392957719378,-0.017309719899392832,0.32165316567091834,1.8295429521346043,3.0849088630396806,2.296855111930944,0.6466245358745651,0.06620632634718031,0.7097234022735651,5
15.9,0.36,0.65,7.5,0.096,22.0,71.0,0.9976,2.98,0.84,14.9,4.370893690748895,-0.9262892680831034,1.932152532306251,3.681418164263295,0.15957431800804206,0.5847406978265839,0.7592433829639549,0.476950124536933,-2.1279402635161384,1.0626654518187855,4.130368657144091,5
9.4,0.33,0.59,2.8,0.079,9.0,30.0,0.9976,3.12,0.54,12.0,0.6274101327471142,-1.0902559816110127,1.625191563023734,0.2046139531503683,-0.18484323327557037,-0.6600615564814363,-0.514838454063097,0.476950124536933,-1.224593584644746,-0.6957918284252239,1.4493223762996252,6
8.6,0.47,0.47,2.4,0.074,7.0,29.0,0.9979,3.08,0.46,9.5,0.16667369483920225,-0.3250779851474351,1.0112696244587007,-0.09128427758264665,-0.2861425130648682,-0.8515695956057471,-0.5459136208198544,0.6375299763658059,-1.482692635750858,-1.1647137698236267,-0.8619244175318104,5
9.7,0.55,0.17,2.9,0.087,20.0,53.0,1.0004,3.14,0.61,9.4,0.8001862969625804,0.11216658426032408,-0.5235352219538827,0.2785885108336221,-0.02276438561269409,0.39323265870227314,0.19989038134232234,1.9756954082731983,-1.09554405909169,-0.28548512970162193,-0.9543742892850674,5
12.0,0.5,0.59,1.4,0.073,23.0,42.0,0.998,2.92,0.68,10.5,2.1248035559478264,-0.1611112716195254,1.625191563023734,-0.8310298544151842,-0.3064023690227278,0.6804947173887393,-0.14193645298200866,0.6910565936420968,-2.5150888401753067,0.12482156902198069,0.06257430000076386,7
7.2,0.52,0.07,1.4,0.074,5.0,20.0,0.9973,3.32,0.81,9.6,-0.6396150714996427,-0.05180012926758561,-1.0351368374247438,-0.8310298544151842,-0.2861425130648682,-1.0430776347300579,-0.8255901216306707,0.3163702727080007,0.06590167088581153,0.886819723794385,-0.7694745457785532,6
7.1,0.84,0.02,4.4,0.096,5.0,13.0,0.997,3.41,0.57,11.0,-0.6972071262381319,1.6971781483634494,-1.2909376451601744,1.3882068760824287,0.15957431800804206,-1.0430776347300579,-1.0431162889279721,0.15579042087912787,0.6466245358745651,-0.5199461004008235,0.524823658767051,4
7.5,0.42,0.31,1.6,0.08,15.0,42.0,0.9978,3.31,0.64,9.0,-0.46683890728417593,-0.5983558410272842,0.1927070397053229,-0.6830807390486765,-0.1645833773177108,-0.08553743910850388,-0.14193645298200866,0.5840033590895148,0.0013769081092849425,-0.10963940167722082,-1.3241737762980974,5
7.2,0.57,0.06,1.6,0.076,9.0,27.0,0.9972,3.36,0.7,9.6,-0.6396150714996427,0.22147772661226328,-1.08629699897183,-0.6830807390486765,-0.24562280114914908,-0.6600615564814363,-0.6080639543333691,0.2628436554317098,0.32400072199192365,0.2420520543715808,-0.7694745457785532,6
10.1,0.28,0.46,1.8,0.05,5.0,13.0,0.9974,3.04,0.79,10.2,1.0305545159165364,-1.3635338374908619,0.9601094629116147,-0.535131623682169,-0.7723790560534973,-1.0430776347300579,-1.0431162889279721,0.36989688998429165,-1.7407916868569702,0.7695892384447842,-0.21477531525900906,6
12.1,0.4,0.52,2.0,0.092,15.0,54.0,1.0,3.03,0.66,10.2,2.1823956106863154,-0.7076669833792237,1.2670704321941315,-0.3871825083156616,0.07853489417660377,-0.08553743910850388,0.2309655480990797,1.7615889391680346,-1.8053164496334997,0.007591083672379936,-0.21477531525900906,5
9.4,0.59,0.14,2.0,0.084,25.0,48.0,0.9981,3.14,0.56,9.7,0.6274101327471142,0.33078886896420306,-0.677015706595141,-0.3871825083156616,-0.08354395348627253,0.8720027565130501,0.04451454755853553,0.7445832109183878,-1.09554405909169,-0.5785613430756232,-0.6770246740252962,5
8.3,0.49,0.36,1.8,0.222,6.0,16.0,0.998,3.18,0.6,9.5,-0.0061024693762639646,-0.2157668427954953,0.4485078474407534,-0.535131623682169,2.7123161686983455,-0.9473236151679025,-0.9498907886577002,0.6910565936420968,-0.837445007985578,-0.3441003723764223,-0.8619244175318104,6
11.3,0.34,0.45,2.0,0.0819999999999999,6.0,15.0,0.9988,2.94,0.66,9.2,1.7216591727784043,-1.035600410435043,0.9089493013645286,-0.3871825083156616,-0.12406366540199364,-0.9473236151679025,-0.9809659554144575,1.119269531852484,-2.3860393146222503,0.007591083672379936,-1.1392740327915833,6
10.0,0.73,0.43,2.3,0.059,15.0,31.0,0.9966,3.15,0.57,11.0,0.9729624611780476,1.095966865427781,0.8066289782703563,-0.16525883526590046,-0.5900403524327615,-0.08553743910850388,-0.48376328730633966,-0.05831604822603592,-1.0310192963151634,-0.5199461004008235,0.524823658767051,5
6.9,0.4,0.24,2.5,0.083,30.0,45.0,0.9959,3.26,0.58,10.0,-0.8123912357151094,-0.7076669833792237,-0.16541409112427993,-0.017309719899392832,-0.10380380944413209,1.350772854323827,-0.04871095271173656,-0.43300236916013196,-0.32124690577335663,-0.4613308577260231,-0.39967505876552323,5
8.2,0.73,0.21,1.7,0.074,5.0,13.0,0.9968,3.2,0.52,9.5,-0.06369452411475372,1.095966865427781,-0.3188945757655383,-0.6091061813654229,-0.2861425130648682,-1.0430776347300579,-1.0431162889279721,0.04873718632654597,-0.7083954824325219,-0.8130223137748247,-0.8619244175318104,5
9.8,1.24,0.34,2.0,0.079,32.0,145.84000000000015,0.998,3.15,0.53,9.5,0.8577783517010702,3.8834009954022433,0.3461875243465814,-0.3871825083156616,-0.18484323327557037,1.542280893448138,3.0849088630396806,0.6910565936420968,-1.0310192963151634,-0.7544070711000244,-0.8619244175318104,5
10.8,0.4,0.41,2.2,0.084,7.0,17.0,0.9984,3.08,0.67,9.3,1.4336988990859596,-0.7076669833792237,0.7043086551761839,-0.23923339294915397,-0.08354395348627253,-0.8515695956057471,-0.9188156219009428,0.9051630627472605,-1.482692635750858,0.06620632634718031,-1.0468241610383244,6
9.3,0.41,0.39,2.2,0.064,12.0,31.0,0.9984,3.26,0.65,10.2,0.5698180780086255,-0.6530114122032542,0.6019883320820119,-0.23923339294915397,-0.48874107264346367,-0.37279949779497007,-0.48376328730633966,0.9051630627472605,-0.32124690577335663,-0.051024159002420445,-0.21477531525900906,5
8.6,0.8,0.11,2.3,0.084,12.0,31.0,0.9979,3.4,0.48,9.9,0.16667369483920225,1.4785558636595704,-0.8304961912363995,-0.16525883526590046,-0.08354395348627253,-0.37279949779497007,-0.48376328730633966,0.6375299763658059,0.5820997730980357,-1.0474832844740263,-0.4921249305187803,5
8.3,0.78,0.1,2.6,0.081,45.0,87.0,0.9983,3.48,0.53,10.0,-0.0061024693762639646,1.3692447213076304,-0.8816563527834855,0.056664837783860986,-0.14432352135985124,2.7870831477561584,1.2564460510720727,0.8516364454709696,1.09829787531026,-0.7544070711000244,-0.39967505876552323,5
10.8,0.26,0.45,3.3,0.06,20.0,49.0,0.9972,3.13,0.54,9.6,1.4336988990859596,-1.4728449798428018,0.9089493013645286,0.574486741566637,-0.5697804964749019,0.39323265870227314,0.07558971431529289,0.2628436554317098,-1.1600688218682194,-0.6957918284252239,-0.7694745457785532,5
13.3,0.43,0.58,1.9,0.07,15.0,40.0,1.0004,3.06,0.49,9.0,2.873500267548183,-0.5437002698513144,1.5740314014766479,-0.4611570659989154,-0.36718193689630624,-0.08553743910850388,-0.2040867864955234,1.9756954082731983,-1.6117421613039142,-0.9888680417992258,-1.3241737762980974,5
8.0,0.45,0.23,2.2,0.094,16.0,29.0,0.9962,3.21,0.49,10.2,-0.1788786335917312,-0.4343891274993746,-0.21657425267136596,-0.23923339294915397,0.1190546060923229,0.010216580453651524,-0.5459136208198544,-0.27242251733125916,-0.6438707196559953,-0.9888680417992258,-0.21477531525900906,6
8.5,0.46,0.31,2.25,0.078,32.0,58.0,0.998,3.33,0.54,9.8,0.10908164010071351,-0.3797335563234047,0.1927070397053229,-0.20224611410752721,-0.20510308923342996,1.542280893448138,0.3552662151261092,0.6910565936420968,0.130426433662341,-0.6957918284252239,-0.5845748022720374,5
8.1,0.78,0.23,2.6,0.059,5.0,15.0,0.997,3.37,0.56,11.3,-0.12128657885324247,1.3692447213076304,-0.21657425267136596,0.056664837783860986,-0.5900403524327615,-1.0430776347300579,-0.9809659554144575,0.15579042087912787,0.38852548476845306,-0.5785613430756232,0.8021732740268238,5
9.8,0.98,0.32,2.3,0.078,35.0,145.84000000000015,0.998,3.25,0.48,9.4,0.8577783517010702,2.4623561448270275,0.24386720125240904,-0.16525883526590046,-0.20510308923342996,1.8295429521346043,3.0849088630396806,0.6910565936420968,-0.3857716685498832,-1.0474832844740263,-0.9543742892850674,5
7.1,0.65,0.18,1.8,0.07,13.0,40.0,0.997,3.44,0.6,9.1,-0.6972071262381319,0.6587222960200224,-0.4723750604067966,-0.535131623682169,-0.36718193689630624,-0.27704547823281467,-0.2040867864955234,0.15579042087912787,0.8401988242041478,-0.3441003723764223,-1.2317239045448403,5
9.1,0.64,0.23,3.1,0.095,13.0,38.0,0.9998,3.28,0.59,9.7,0.45463396853164695,0.6040667248440525,-0.21657425267136596,0.42653762620012975,0.13931446205018247,-0.27704547823281467,-0.2662371200090381,1.6545357046154527,-0.19219738022030056,-0.4027156150512227,-0.6770246740252962,5
7.7,0.66,0.04,1.6,0.039,4.0,9.0,0.9962,3.4,0.47,9.4,-0.35165479780719794,0.7133778671959924,-1.1886173220660021,-0.6830807390486765,-0.9952374715899525,-1.1388316542922132,-1.1674169559550016,-0.27242251733125916,0.5820997730980357,-1.1060985271488266,-0.9543742892850674,5
8.1,0.38,0.48,1.8,0.157,5.0,17.0,0.9976,3.3,1.05,9.4,-0.12128657885324247,-0.8169781257311636,1.0624297860057867,-0.535131623682169,1.3954255314374748,-1.0430776347300579,-0.9188156219009428,0.476950124536933,-0.06314785466724451,2.2935855479895926,-0.9543742892850674,5
7.4,1.185,0.0,4.25,0.0969999999999999,5.0,14.0,0.9966,3.63,0.54,10.7,-0.5244309620226647,3.5827953539344097,-1.3932579682543467,1.2772450395575479,0.17983417396589965,-1.0430776347300579,-1.012041122171215,-0.05831604822603592,2.0661693169581787,-0.6957918284252239,0.24747404350727803,3
9.2,0.92,0.24,2.6,0.087,12.0,93.0,0.9998,3.48,0.54,9.8,0.5122260232701357,2.1344227177712085,-0.16541409112427993,0.056664837783860986,-0.02276438561269409,-0.37279949779497007,1.442897051612617,1.6545357046154527,1.09829787531026,-0.6957918284252239,-0.5845748022720374,5
8.6,0.49,0.51,2.0,0.422,16.0,62.0,0.9979,3.03,1.17,9.0,0.16667369483920225,-0.2157668427954953,1.2159102706470453,-0.3871825083156616,6.764287360270256,0.010216580453651524,0.47956688215313864,0.6375299763658059,-1.8053164496334997,2.996968460087196,-1.3241737762980974,5
9.0,0.48,0.32,2.8,0.084,21.0,122.0,0.9984,3.32,0.62,9.4,0.39704191379315823,-0.2704224139714652,0.24386720125240904,0.2046139531503683,-0.08354395348627253,0.48898667826442854,2.3440768875585802,0.9051630627472605,0.06590167088581153,-0.22686988702682157,-0.9543742892850674,5
9.0,0.47,0.31,2.7,0.084,24.0,125.0,0.9984,3.31,0.61,9.4,0.39704191379315823,-0.3250779851474351,0.1927070397053229,0.1306393954671148,-0.08354395348627253,0.7762487369508947,2.4373023878288524,0.9051630627472605,0.0013769081092849425,-0.28548512970162193,-0.9543742892850674,5
5.1,0.47,0.02,1.3,0.034,18.0,44.0,0.9921,3.9,0.62,12.8,-1.8490482210079107,-0.3250779851474351,-1.2909376451601744,-0.9050044120984378,-1.0965367513792503,0.20172461957796234,-0.07978611946849393,-2.467013825659426,3.808337911924434,-0.22686988702682157,2.188921350325685,6
7.0,0.65,0.02,2.1,0.066,8.0,25.0,0.9972,3.47,0.67,9.5,-0.7547991809766207,0.6587222960200224,-1.2909376451601744,-0.3132079506324078,-0.4482213607277445,-0.7558155760435917,-0.6702142878468839,0.2628436554317098,1.0337731125337333,0.06620632634718031,-0.8619244175318104,6
9.4,0.615,0.28,3.2,0.087,18.0,72.0,1.0001,3.31,0.53,9.7,0.6274101327471142,0.46742779690412783,0.039226555064064694,0.5005121838833836,-0.02276438561269409,0.20172461957796234,0.7903185497207122,1.8151155564443255,0.0013769081092849425,-0.7544070711000244,-0.6770246740252962,5
11.8,0.38,0.55,2.1,0.071,5.0,19.0,0.9986,3.11,0.62,10.8,2.009619446470849,-0.8169781257311636,1.4205509168353898,-0.3132079506324078,-0.34692208093844695,-1.0430776347300579,-0.8566652883874281,1.0122162972999018,-1.2891183474212755,-0.22686988702682157,0.3399239152605368,6
10.6,1.02,0.43,2.9,0.076,26.0,88.0,0.9984,3.08,0.57,10.1,1.318514789608981,2.680978429530907,0.8066289782703563,0.2785885108336221,-0.24562280114914908,0.9677567760752055,1.28752121782883,0.9051630627472605,-1.482692635750858,-0.5199461004008235,-0.30722518701226614,6
7.0,0.64,0.02,2.1,0.067,9.0,23.0,0.997,3.47,0.67,9.4,-0.7547991809766207,0.6040667248440525,-1.2909376451601744,-0.3132079506324078,-0.4279615047698849,-0.6600615564814363,-0.7323646213603986,0.15579042087912787,1.0337731125337333,0.06620632634718031,-0.9543742892850674,6
7.5,0.38,0.48,2.6,0.073,22.0,84.0,0.9972,3.32,0.7,9.6,-0.46683890728417593,-0.8169781257311636,1.0624297860057867,0.056664837783860986,-0.3064023690227278,0.5847406978265839,1.1632205508018005,0.2628436554317098,0.06590167088581153,0.2420520543715808,-0.7694745457785532,4
9.1,0.765,0.04,1.6,0.078,4.0,14.0,0.998,3.29,0.54,9.7,0.45463396853164695,1.2872613645436757,-1.1886173220660021,-0.6830807390486765,-0.20510308923342996,-1.1388316542922132,-1.012041122171215,0.6910565936420968,-0.1276726174437711,-0.6957918284252239,-0.6770246740252962,4
8.4,1.035,0.15,6.0,0.073,11.0,54.0,0.999,3.37,0.49,9.9,0.051489585362224775,2.762961786294861,-0.625855545048055,2.5717997990144887,-0.3064023690227278,-0.46855351735712547,0.2309655480990797,1.2263227664050658,0.38852548476845306,-0.9888680417992258,-0.4921249305187803,5
7.0,0.78,0.08,2.0,0.093,10.0,19.0,0.9956,3.4,0.47,10.0,-0.7547991809766207,1.3692447213076304,-0.9839766758776577,-0.3871825083156616,0.09879475013446333,-0.5643075369192809,-0.8566652883874281,-0.5935822209890048,0.5820997730980357,-1.1060985271488266,-0.39967505876552323,5
7.4,0.49,0.19,3.0,0.077,16.0,37.0,0.9966,3.37,0.51,10.5,-0.5244309620226647,-0.2157668427954953,-0.4212148988597105,0.3525630685168759,-0.22536294519128952,0.010216580453651524,-0.29731228676579546,-0.05831604822603592,0.38852548476845306,-0.871637556449625,0.06257430000076386,5
7.8,0.545,0.12,2.5,0.068,11.0,35.0,0.996,3.34,0.61,11.6,-0.2940627430687092,0.08483879867233914,-0.7793360296893133,-0.017309719899392832,-0.40770164881202536,-0.46855351735712547,-0.3594626202793102,-0.37947575188384103,0.19495119643886757,-0.28548512970162193,1.0795228892865951,6
9.7,0.31,0.47,1.6,0.062,13.0,33.0,0.9983,3.27,0.66,10.0,0.8001862969625804,-1.1995671239629526,1.0112696244587007,-0.6830807390486765,-0.5292607845591828,-0.27704547823281467,-0.42161295379282493,0.8516364454709696,-0.25672214299682716,0.007591083672379936,-0.39967505876552323,6
10.6,1.025,0.43,2.8,0.08,21.0,84.0,0.9985,3.06,0.57,10.1,1.318514789608981,2.708306215118891,0.8066289782703563,0.2046139531503683,-0.1645833773177108,0.48898667826442854,1.1632205508018005,0.958689680023611,-1.6117421613039142,-0.5199461004008235,-0.30722518701226614,5
8.9,0.565,0.34,3.0,0.093,16.0,112.0,0.9998,3.38,0.61,9.5,0.3394498590546695,0.19414994102427832,0.3461875243465814,0.3525630685168759,0.09879475013446333,0.010216580453651524,2.033325219991007,1.6545357046154527,0.4530502475449797,-0.28548512970162193,-0.8619244175318104,5
8.7,0.69,0.0,3.2,0.084,13.0,33.0,0.9992,3.36,0.45,9.4,0.224265749577691,0.8773445807239014,-1.3932579682543467,0.5005121838833836,-0.08354395348627253,-0.27704547823281467,-0.42161295379282493,1.3333760009576476,0.32400072199192365,-1.223329012498427,-0.9543742892850674,5
8.0,0.43,0.36,2.3,0.075,10.0,48.0,0.9976,3.34,0.46,9.4,-0.1788786335917312,-0.5437002698513144,0.4485078474407534,-0.16525883526590046,-0.26588265710700865,-0.5643075369192809,0.04451454755853553,0.476950124536933,0.19495119643886757,-1.1647137698236267,-0.9543742892850674,5
9.9,0.74,0.28,2.6,0.078,21.0,77.0,0.998,3.28,0.51,9.8,0.9153704064395589,1.150622436603751,0.039226555064064694,0.056664837783860986,-0.20510308923342996,0.48898667826442854,0.9456943835044991,0.6910565936420968,-0.19219738022030056,-0.871637556449625,-0.5845748022720374,5
7.2,0.49,0.18,2.7,0.069,13.0,34.0,0.9967,3.29,0.48,9.2,-0.6396150714996427,-0.2157668427954953,-0.4723750604067966,0.1306393954671148,-0.3874417928541658,-0.27704547823281467,-0.39053778703606756,-0.004789430949744973,-0.1276726174437711,-1.0474832844740263,-1.1392740327915833,6
7.6,0.46,0.11,2.6,0.079,12.0,49.0,0.9968,3.21,0.57,10.0,-0.40924685254568716,-0.3797335563234047,-0.8304961912363995,0.056664837783860986,-0.18484323327557037,-0.37279949779497007,0.07558971431529289,0.04873718632654597,-0.6438707196559953,-0.5199461004008235,-0.39967505876552323,5
8.4,0.56,0.04,2.0,0.0819999999999999,10.0,22.0,0.9976,3.22,0.44,9.6,0.051489585362224775,0.16682215543629397,-1.1886173220660021,-0.3871825083156616,-0.12406366540199364,-0.5643075369192809,-0.763439788117156,0.476950124536933,-0.5793459568794659,-1.2819442551732274,-0.7694745457785532,5
7.1,0.66,0.0,3.9,0.086,17.0,45.0,0.9976,3.46,0.54,9.5,-0.6972071262381319,0.7133778671959924,-1.3932579682543467,1.0183340876661597,-0.043024241570553665,0.10597060001580692,-0.04871095271173656,0.476950124536933,0.9692483497572039,-0.6957918284252239,-0.8619244175318104,5
8.9,0.48,0.24,2.85,0.094,35.0,106.0,0.9982,3.1,0.53,9.2,0.3394498590546695,-0.2704224139714652,-0.16541409112427993,0.24160123199199537,0.1190546060923229,1.8295429521346043,1.8468742194504626,0.7981098281946787,-1.3536431101978021,-0.7544070711000244,-1.1392740327915833,5
7.6,0.42,0.08,2.7,0.084,15.0,48.0,0.9968,3.21,0.59,10.0,-0.40924685254568716,-0.5983558410272842,-0.9839766758776577,0.1306393954671148,-0.08354395348627253,-0.08553743910850388,0.04451454755853553,0.04873718632654597,-0.6438707196559953,-0.4027156150512227,-0.39967505876552323,5
7.1,0.31,0.3,2.2,0.053,36.0,127.0,0.9965,2.94,1.62,9.5,-0.6972071262381319,-1.1995671239629526,0.14154687815823674,-0.23923339294915397,-0.7115994881799188,1.9252969716967596,2.4994527213423674,-0.11184266550232687,-2.3860393146222503,5.634654380453211,-0.8619244175318104,5
7.5,1.115,0.1,3.1,0.086,5.0,12.0,0.9958,3.54,0.6,11.2,-0.46683890728417593,3.2002063557026204,-0.8816563527834855,0.42653762620012975,-0.043024241570553665,-1.0430776347300579,-1.0741914556847296,-0.48652898643642295,1.485446451969428,-0.3441003723764223,0.7097234022735651,4
9.0,0.66,0.17,3.0,0.077,5.0,13.0,0.9976,3.29,0.55,10.4,0.39704191379315823,0.7133778671959924,-0.5235352219538827,0.3525630685168759,-0.22536294519128952,-1.0430776347300579,-1.0431162889279721,0.476950124536933,-0.1276726174437711,-0.6371765857504236,-0.029875571752493238,5
8.1,0.72,0.09,2.8,0.084,18.0,49.0,0.9994,3.43,0.72,11.1,-0.12128657885324247,1.0413112942518112,-0.9328165143305717,0.2046139531503683,-0.08354395348627253,0.20172461957796234,0.07558971431529289,1.4404292355102295,0.7756740614276212,0.35928253972118157,0.6172735305203081,6
6.4,0.57,0.02,1.8,0.067,4.0,11.0,0.997,3.46,0.68,9.5,-1.100351509407554,0.22147772661226328,-1.2909376451601744,-0.535131623682169,-0.4279615047698849,-1.1388316542922132,-1.1052666224414869,0.15579042087912787,0.9692483497572039,0.12482156902198069,-0.8619244175318104,5
6.4,0.865,0.03,3.2,0.071,27.0,58.0,0.995,3.61,0.49,12.7,-1.100351509407554,1.833817076303374,-1.2397774836130884,0.5005121838833836,-0.34692208093844695,1.0635107956373608,0.3552662151261092,-0.9147419246468099,1.9371197914051228,-0.9888680417992258,2.0964714785724263,6
9.5,0.55,0.66,2.3,0.387,12.0,37.0,0.9982,3.17,0.67,9.6,0.6850021874856029,0.11216658426032408,1.9833126938533372,-0.16525883526590046,6.055192401745172,-0.37279949779497007,-0.29731228676579546,0.7981098281946787,-0.9019697707621074,0.06620632634718031,-0.7694745457785532,5
8.9,0.875,0.13,3.45,0.088,4.0,14.0,0.9994,3.44,0.52,11.5,0.3394498590546695,1.8884726474793438,-0.7281758681422271,0.6854485780915179,-0.0025045296548345205,-1.1388316542922132,-1.012041122171215,1.4404292355102295,0.8401988242041478,-0.8130223137748247,0.9870730175333381,5
7.3,0.835,0.03,2.1,0.092,10.0,19.0,0.9966,3.39,0.47,9.6,-0.5820230167611539,1.6698503627754644,-1.2397774836130884,-0.3132079506324078,0.07853489417660377,-0.5643075369192809,-0.8566652883874281,-0.05831604822603592,0.5175750103215091,-1.1060985271488266,-0.7694745457785532,5
7.0,0.45,0.34,2.7,0.0819999999999999,16.0,72.0,0.998,3.55,0.6,9.5,-0.7547991809766207,-0.4343891274993746,0.3461875243465814,0.1306393954671148,-0.12406366540199364,0.010216580453651524,0.7903185497207122,0.6910565936420968,1.5499712147459546,-0.3441003723764223,-0.8619244175318104,5
7.7,0.56,0.2,2.0,0.075,9.0,39.0,0.9987,3.48,0.62,9.3,-0.35165479780719794,0.16682215543629397,-0.3700547373126243,-0.3871825083156616,-0.26588265710700865,-0.6600615564814363,-0.23516195325228073,1.0657429145761927,1.09829787531026,-0.22686988702682157,-1.0468241610383244,5
7.7,0.965,0.1,2.1,0.1119999999999999,11.0,22.0,0.9963,3.26,0.5,9.5,-0.35165479780719794,2.3803727880630725,-0.8816563527834855,-0.3132079506324078,0.48373201333379295,-0.46855351735712547,-0.763439788117156,-0.2188959000549682,-0.32124690577335663,-0.9302527991244255,-0.8619244175318104,5
8.2,0.59,0.0,2.5,0.093,19.0,58.0,1.0002,3.5,0.65,9.3,-0.06369452411475372,0.33078886896420306,-1.3932579682543467,-0.017309719899392832,0.09879475013446333,0.29747863914011774,0.3552662151261092,1.8686421737206165,1.2273474008633158,-0.051024159002420445,-1.0468241610383244,6
9.0,0.46,0.23,2.8,0.092,28.0,104.0,0.9983,3.1,0.56,9.2,0.39704191379315823,-0.3797335563234047,-0.21657425267136596,0.2046139531503683,0.07853489417660377,1.1592648151995164,1.7847238859369479,0.8516364454709696,-1.3536431101978021,-0.5785613430756232,-1.1392740327915833,5
9.0,0.69,0.0,2.4,0.088,19.0,38.0,0.999,3.35,0.6,9.3,0.39704191379315823,0.8773445807239014,-1.3932579682543467,-0.09128427758264665,-0.0025045296548345205,0.29747863914011774,-0.2662371200090381,1.2263227664050658,0.259475959215397,-0.3441003723764223,-1.0468241610383244,5
8.3,0.76,0.29,4.2,0.075,12.0,16.0,0.9965,3.45,0.68,11.5,-0.0061024693762639646,1.2599335789556907,0.09038671661115057,1.240257760715921,-0.26588265710700865,-0.37279949779497007,-0.9498907886577002,-0.11184266550232687,0.9047235869806772,0.12482156902198069,0.9870730175333381,6
9.2,0.53,0.24,2.6,0.078,28.0,139.0,0.99788,3.21,0.57,9.5,0.5122260232701357,0.002855441908384288,-0.16541409112427993,0.056664837783860986,-0.20510308923342996,1.1592648151995164,2.872354722423456,0.6268246529105358,-0.6438707196559953,-0.5199461004008235,-0.8619244175318104,5
6.5,0.615,0.0,1.9,0.065,9.0,18.0,0.9972,3.46,0.65,9.2,-1.0427594546690653,0.46742779690412783,-1.3932579682543467,-0.4611570659989154,-0.4684812166856041,-0.6600615564814363,-0.8877404551441854,0.2628436554317098,0.9692483497572039,-0.051024159002420445,-1.1392740327915833,5
11.6,0.41,0.58,2.8,0.096,25.0,101.0,1.00024,3.13,0.53,10.0,1.8944353369938705,-0.6530114122032542,1.5740314014766479,0.2046139531503683,0.15957431800804206,0.8720027565130501,1.6914983856666759,1.8900528206311566,-1.1600688218682194,-0.7544070711000244,-0.39967505876552323,5
11.1,0.39,0.54,2.7,0.095,21.0,101.0,1.0001,3.13,0.51,9.5,1.6064750633014258,-0.7623225545551937,1.3693907552883038,0.1306393954671148,0.13931446205018247,0.48898667826442854,1.6914983856666759,1.8151155564443255,-1.1600688218682194,-0.871637556449625,-0.8619244175318104,5
7.3,0.51,0.18,2.1,0.07,12.0,28.0,0.99768,3.52,0.73,9.5,-0.5820230167611539,-0.10645570044355551,-0.4723750604067966,-0.3132079506324078,-0.36718193689630624,-0.37279949779497007,-0.5769887875766118,0.5197714183579538,1.356396926416372,0.4178977823959819,-0.8619244175318104,6
8.2,0.34,0.38,2.5,0.08,12.0,57.0,0.9978,3.3,0.47,9.0,-0.06369452411475372,-1.035600410435043,0.5508281705349257,-0.017309719899392832,-0.1645833773177108,-0.37279949779497007,0.3241910483693518,0.5840033590895148,-0.06314785466724451,-1.1060985271488266,-1.3241737762980974,6
8.6,0.33,0.4,2.6,0.083,16.0,68.0,0.99782,3.3,0.48,9.4,0.16667369483920225,-1.0902559816110127,0.6531484936290981,0.056664837783860986,-0.10380380944413209,0.010216580453651524,0.6660178826936828,0.5947086825447849,-0.06314785466724451,-1.0474832844740263,-0.9543742892850674,5
7.2,0.5,0.18,2.1,0.071,12.0,31.0,0.99761,3.52,0.72,9.6,-0.6396150714996427,-0.1611112716195254,-0.4723750604067966,-0.3132079506324078,-0.34692208093844695,-0.37279949779497007,-0.48376328730633966,0.4823027862645383,1.356396926416372,0.35928253972118157,-0.7694745457785532,6
8.3,0.65,0.1,2.9,0.089,17.0,40.0,0.99803,3.29,0.55,9.5,-0.0061024693762639646,0.6587222960200224,-0.8816563527834855,0.2785885108336221,0.01775532630302505,0.10597060001580692,-0.2040867864955234,0.7071145788249722,-0.1276726174437711,-0.6371765857504236,-0.8619244175318104,5
7.6,0.54,0.13,2.5,0.0969999999999999,24.0,66.0,0.99785,3.39,0.61,9.4,-0.40924685254568716,0.05751101308435418,-0.7281758681422271,-0.017309719899392832,0.17983417396589965,0.7762487369508947,0.603867549180168,0.6107666677276603,0.5175750103215091,-0.28548512970162193,-0.9543742892850674,5
7.8,0.48,0.68,1.7,0.415,14.0,32.0,0.99656,3.09,1.06,9.1,-0.2940627430687092,-0.2704224139714652,2.0856330169475092,-0.6091061813654229,6.622468368565239,-0.18129145867065927,-0.4526881205495823,-0.07972669513657607,-1.4181678729743317,2.352200790664393,-1.2317239045448403,6
7.8,0.91,0.07,1.9,0.0579999999999999,22.0,47.0,0.99525,3.51,0.43,10.7,-0.2940627430687092,2.0797671465952385,-1.0351368374247438,-0.4611570659989154,-0.610300208390623,0.5847406978265839,0.013439380801778167,-0.7809253814560826,1.2918721636398425,-1.3405594978480277,0.24747404350727803,6
6.3,0.98,0.01,2.0,0.057,15.0,33.0,0.99488,3.6,0.46,11.2,-1.1579435641460434,2.4623561448270275,-1.3420978067072604,-0.3871825083156616,-0.6305600643484806,-0.08553743910850388,-0.42161295379282493,-0.9789738653783709,1.8725950286285962,-1.1647137698236267,0.7097234022735651,6
8.1,0.87,0.0,2.2,0.084,10.0,31.0,0.99656,3.25,0.5,9.8,-0.12128657885324247,1.861144861891359,-1.3932579682543467,-0.23923339294915397,-0.08354395348627253,-0.5643075369192809,-0.48376328730633966,-0.07972669513657607,-0.3857716685498832,-0.9302527991244255,-0.5845748022720374,5
8.8,0.42,0.21,2.5,0.092,33.0,88.0,0.99823,3.19,0.52,9.2,0.28185780431618074,-0.5983558410272842,-0.3188945757655383,-0.017309719899392832,0.07853489417660377,1.6380349130102936,1.28752121782883,0.8141678133775541,-0.7729202452090513,-0.8130223137748247,-1.1392740327915833,5
9.0,0.58,0.25,2.8,0.075,9.0,104.0,0.99779,3.23,0.57,9.7,0.39704191379315823,0.27613329778823315,-0.11425392957719378,0.2046139531503683,-0.26588265710700865,-0.6600615564814363,1.7847238859369479,0.5786506973618502,-0.5148211941029393,-0.5199461004008235,-0.6770246740252962,5
9.3,0.655,0.26,2.0,0.096,5.0,35.0,0.99738,3.25,0.42,9.6,0.5698180780086255,0.6860500816080074,-0.06309376803010762,-0.3871825083156616,0.15957431800804206,-1.0430776347300579,-0.3594626202793102,0.359191566529081,-0.3857716685498832,-1.399174740522828,-0.7694745457785532,5
8.8,0.7,0.0,1.7,0.069,8.0,19.0,0.99701,3.31,0.53,10.0,0.28185780431618074,0.9320001518998713,-1.3932579682543467,-0.6091061813654229,-0.3874417928541658,-0.7558155760435917,-0.8566652883874281,0.16114308260673318,0.0013769081092849425,-0.7544070711000244,-0.39967505876552323,6
9.1,0.68,0.11,2.8,0.093,11.0,44.0,0.99888,3.31,0.55,9.5,0.45463396853164695,0.8226890095479321,-0.8304961912363995,0.2046139531503683,0.09879475013446333,-0.46855351735712547,-0.07978611946849393,1.1620908256735047,0.0013769081092849425,-0.6371765857504236,-0.8619244175318104,6
9.2,0.67,0.1,3.0,0.091,12.0,48.0,0.99888,3.31,0.54,9.5,0.5122260232701357,0.7680334383719623,-0.8816563527834855,0.3525630685168759,0.05827503821874419,-0.37279949779497007,0.04451454755853553,1.1620908256735047,0.0013769081092849425,-0.6957918284252239,-0.8619244175318104,6
8.8,0.59,0.18,2.9,0.089,12.0,74.0,0.99738,3.14,0.54,9.4,0.28185780431618074,0.33078886896420306,-0.4723750604067966,0.2785885108336221,0.01775532630302505,-0.37279949779497007,0.852468883234227,0.359191566529081,-1.09554405909169,-0.6957918284252239,-0.9543742892850674,5
7.5,0.6,0.32,2.7,0.103,13.0,98.0,0.99938,3.45,0.62,9.5,-0.46683890728417593,0.385444440140173,0.24386720125240904,0.1306393954671148,0.3013933097130588,-0.27704547823281467,1.5982728853964037,1.429723912055019,0.9047235869806772,-0.22686988702682157,-0.8619244175318104,5
7.1,0.59,0.02,2.3,0.0819999999999999,24.0,94.0,0.99744,3.55,0.53,9.7,-0.6972071262381319,0.33078886896420306,-1.2909376451601744,-0.16525883526590046,-0.12406366540199364,0.7762487369508947,1.4739722183693742,0.39130753689483183,1.5499712147459546,-0.7544070711000244,-0.6770246740252962,6
7.9,0.72,0.01,1.9,0.076,7.0,32.0,0.99668,3.39,0.54,9.6,-0.23647068833021995,1.0413112942518112,-1.3420978067072604,-0.4611570659989154,-0.24562280114914908,-0.8515695956057471,-0.4526881205495823,-0.015494754405015047,0.5175750103215091,-0.6957918284252239,-0.7694745457785532,5
9.4,0.685,0.26,2.4,0.0819999999999999,23.0,143.0,0.9978,3.28,0.55,9.4,0.6274101327471142,0.8500167951359171,-0.06309376803010762,-0.09128427758264665,-0.12406366540199364,0.6804947173887393,2.9966553894504853,0.5840033590895148,-0.19219738022030056,-0.6371765857504236,-0.9543742892850674,5
9.5,0.57,0.27,2.3,0.0819999999999999,23.0,144.0,0.99782,3.27,0.55,9.4,0.6850021874856029,0.22147772661226328,-0.011933606483021464,-0.16525883526590046,-0.12406366540199364,0.6804947173887393,3.0277305562072425,0.5947086825447849,-0.25672214299682716,-0.6371765857504236,-0.9543742892850674,5
7.9,0.4,0.29,1.8,0.157,1.0,44.0,0.9973,3.3,0.92,9.5,-0.23647068833021995,-0.7076669833792237,0.09038671661115057,-0.535131623682169,1.3954255314374748,-1.4260937129786795,-0.07978611946849393,0.3163702727080007,-0.06314785466724451,1.5315873932171884,-0.8619244175318104,6
7.9,0.4,0.3,1.8,0.157,2.0,45.0,0.99727,3.31,0.91,9.5,-0.23647068833021995,-0.7076669833792237,0.14154687815823674,-0.535131623682169,1.3954255314374748,-1.3303396934165241,-0.04871095271173656,0.30031228752512534,0.0013769081092849425,1.472972150542388,-0.8619244175318104,6
7.2,1.0,0.0,3.0,0.102,7.0,16.0,0.99586,3.43,0.46,10.0,-0.6396150714996427,2.571667287178967,-1.3932579682543467,0.3525630685168759,0.2811334537551992,-0.8515695956057471,-0.9498907886577002,-0.45441301607067214,0.7756740614276212,-1.1647137698236267,-0.39967505876552323,5
6.9,0.765,0.18,2.4,0.243,5.5,48.0,0.99612,3.4,0.6,10.3,-0.8123912357151094,1.2872613645436757,-0.4723750604067966,-0.09128427758264665,3.1377731438133964,-0.9952006249489802,0.04451454755853553,-0.31524381115228,0.5820997730980357,-0.3441003723764223,-0.12232544350575032,6
6.9,0.635,0.17,2.4,0.241,6.0,18.0,0.9961,3.4,0.59,10.3,-0.8123912357151094,0.5767389392560676,-0.5235352219538827,-0.09128427758264665,3.0972534318976774,-0.9473236151679025,-0.8877404551441854,-0.3259491346075501,0.5820997730980357,-0.4027156150512227,-0.12232544350575032,6
8.3,0.43,0.3,3.4,0.079,7.0,34.0,0.99788,3.36,0.61,10.5,-0.0061024693762639646,-0.5437002698513144,0.14154687815823674,0.6484612992498909,-0.18484323327557037,-0.8515695956057471,-0.39053778703606756,0.6268246529105358,0.32400072199192365,-0.28548512970162193,0.06257430000076386,5
7.1,0.52,0.03,2.6,0.076,21.0,92.0,0.99745,3.5,0.6,9.8,-0.6972071262381319,-0.05180012926758561,-1.2397774836130884,0.056664837783860986,-0.24562280114914908,0.48898667826442854,1.4118218848558595,0.3966601986224371,1.2273474008633158,-0.3441003723764223,-0.5845748022720374,5
7.0,0.57,0.0,2.0,0.19,12.0,45.0,0.99676,3.31,0.6,9.4,-0.7547991809766207,0.22147772661226328,-1.3932579682543467,-0.3871825083156616,2.06400077804684,-0.37279949779497007,-0.04871095271173656,0.027326539416005824,0.0013769081092849425,-0.3441003723764223,-0.9543742892850674,6
6.5,0.46,0.14,2.4,0.114,9.0,37.0,0.99732,3.66,0.65,9.8,-1.0427594546690653,-0.3797335563234047,-0.677015706595141,-0.09128427758264665,0.524251725249514,-0.6600615564814363,-0.29731228676579546,0.3270755961632708,2.259743605287764,-0.051024159002420445,-0.5845748022720374,5
9.0,0.82,0.05,2.4,0.081,26.0,96.0,0.99814,3.36,0.53,10.0,0.39704191379315823,1.5878670060115094,-1.137457160518916,-0.09128427758264665,-0.14432352135985124,0.9677567760752055,1.536122551882889,0.7659938578289279,0.32400072199192365,-0.7544070711000244,-0.39967505876552323,5
7.1,0.59,0.01,2.5,0.077,20.0,85.0,0.99746,3.55,0.59,9.8,-0.6972071262381319,0.33078886896420306,-1.3420978067072604,-0.017309719899392832,-0.22536294519128952,0.39323265870227314,1.194295717558558,0.40201286035010186,1.5499712147459546,-0.4027156150512227,-0.5845748022720374,5
9.9,0.35,0.41,2.3,0.083,11.0,61.0,0.9982,3.21,0.5,9.5,0.9153704064395589,-0.9809448392590733,0.7043086551761839,-0.16525883526590046,-0.10380380944413209,-0.46855351735712547,0.4484917153963813,0.7981098281946787,-0.6438707196559953,-0.9302527991244255,-0.8619244175318104,5
10.0,0.56,0.24,2.2,0.079,19.0,58.0,0.9991,3.18,0.56,10.1,0.9729624611780476,0.16682215543629397,-0.16541409112427993,-0.23923339294915397,-0.18484323327557037,0.29747863914011774,0.3552662151261092,1.2798493836813567,-0.837445007985578,-0.5785613430756232,-0.30722518701226614,6
8.6,0.63,0.17,2.9,0.099,21.0,119.0,0.998,3.09,0.52,9.3,0.16667369483920225,0.5494111536680827,-0.5235352219538827,0.2785885108336221,0.22035388588162075,0.48898667826442854,2.2508513872883085,0.6910565936420968,-1.4181678729743317,-0.8130223137748247,-1.0468241610383244,5
7.4,0.37,0.43,2.6,0.0819999999999999,18.0,82.0,0.99708,3.33,0.68,9.7,-0.5244309620226647,-0.8716336969071334,0.8066289782703563,0.056664837783860986,-0.12406366540199364,0.20172461957796234,1.1010702172882858,0.19861171470014874,0.130426433662341,0.12482156902198069,-0.6770246740252962,6
8.8,0.64,0.17,2.9,0.084,25.0,130.0,0.99818,3.23,0.54,9.6,0.28185780431618074,0.6040667248440525,-0.5235352219538827,0.2785885108336221,-0.08354395348627253,0.8720027565130501,2.592678221612639,0.7874045047394086,-0.5148211941029393,-0.6957918284252239,-0.7694745457785532,5
7.1,0.61,0.02,2.5,0.081,17.0,87.0,0.99745,3.48,0.6,9.7,-0.6972071262381319,0.44010001131614285,-1.2909376451601744,-0.017309719899392832,-0.14432352135985124,0.10597060001580692,1.2564460510720727,0.3966601986224371,1.09829787531026,-0.3441003723764223,-0.6770246740252962,6
7.7,0.6,0.0,2.6,0.055,7.0,13.0,0.99639,3.38,0.56,10.8,-0.35165479780719794,0.385444440140173,-1.3932579682543467,0.056664837783860986,-0.6710797762641997,-0.8515695956057471,-1.0431162889279721,-0.17072194450628256,0.4530502475449797,-0.5785613430756232,0.3399239152605368,5
10.1,0.27,0.54,2.3,0.065,7.0,26.0,0.99531,3.17,0.53,12.5,1.0305545159165364,-1.4181894086668319,1.3693907552883038,-0.16525883526590046,-0.4684812166856041,-0.8515695956057471,-0.6391391210901265,-0.7488094110902723,-0.9019697707621074,-0.7544070711000244,1.9115717350659123,6
10.8,0.89,0.3,2.6,0.132,7.0,60.0,0.99786,2.99,1.18,10.2,1.4336988990859596,1.9704560042432988,0.14154687815823674,0.056664837783860986,0.888929132490986,-0.8515695956057471,0.4174165486396239,0.6161193294552657,-2.063415500739609,3.0555837027619965,-0.21477531525900906,5
8.7,0.46,0.31,2.5,0.126,24.0,64.0,0.99746,3.1,0.74,9.6,0.224265749577691,-0.3797335563234047,0.1927070397053229,-0.017309719899392832,0.7673699967438286,0.7762487369508947,0.5417172156666533,0.40201286035010186,-1.3536431101978021,0.4765130250707823,-0.7694745457785532,5
9.3,0.37,0.44,1.6,0.038,21.0,42.0,0.99526,3.24,0.81,10.8,0.5698180780086255,-0.8716336969071334,0.8577891398174424,-0.6830807390486765,-1.015497327547812,0.48898667826442854,-0.14193645298200866,-0.7755727197284178,-0.4502964313264098,0.886819723794385,0.3399239152605368,7
9.4,0.5,0.34,3.6,0.0819999999999999,5.0,14.0,0.9987,3.29,0.52,10.7,0.6274101327471142,-0.1611112716195254,0.3461875243465814,0.7964104146163985,-0.12406366540199364,-1.0430776347300579,-1.012041122171215,1.0657429145761927,-0.1276726174437711,-0.8130223137748247,0.24747404350727803,6
7.2,0.61,0.08,4.0,0.0819999999999999,26.0,108.0,0.99641,3.25,0.51,9.4,-0.6396150714996427,0.44010001131614285,-0.9839766758776577,1.0923086453494135,-0.12406366540199364,0.9677567760752055,1.9090245529639773,-0.1600166210510125,-0.3857716685498832,-0.871637556449625,-0.9543742892850674,5
8.6,0.55,0.09,3.3,0.068,8.0,17.0,0.99735,3.23,0.44,10.0,0.16667369483920225,0.11216658426032408,-0.9328165143305717,0.574486741566637,-0.40770164881202536,-0.7558155760435917,-0.9188156219009428,0.3431335813461462,-0.5148211941029393,-1.2819442551732274,-0.39967505876552323,5
5.1,0.585,0.0,1.7,0.044,14.0,86.0,0.99264,3.56,0.94,12.9,-1.8490482210079107,0.30346108337621813,-1.3932579682543467,-0.6091061813654229,-0.8939381918006548,-0.18129145867065927,1.2253708843153153,-2.1779700923674308,1.614495977522484,1.6488178785667886,2.2813712220789424,7
7.7,0.56,0.08,2.5,0.114,14.0,46.0,0.9971,3.24,0.66,9.6,-0.35165479780719794,0.16682215543629397,-0.9839766758776577,-0.017309719899392832,0.524251725249514,-0.18129145867065927,-0.017635785954979197,0.20931703815541883,-0.4502964313264098,0.007591083672379936,-0.7694745457785532,6
8.4,0.52,0.22,2.7,0.084,4.0,18.0,0.99682,3.26,0.57,9.9,0.051489585362224775,-0.05180012926758561,-0.2677344142184521,0.1306393954671148,-0.08354395348627253,-1.1388316542922132,-0.8877404551441854,0.05944250978181605,-0.32124690577335663,-0.5199461004008235,-0.4921249305187803,6
8.2,0.28,0.4,2.4,0.052,4.0,10.0,0.99356,3.33,0.7,12.8,-0.06369452411475372,-1.3635338374908619,0.6531484936290981,-0.09128427758264665,-0.7318593441377784,-1.1388316542922132,-1.1363417891982444,-1.6855252134254828,0.130426433662341,0.2420520543715808,2.188921350325685,7
8.4,0.25,0.39,2.0,0.0409999999999999,4.0,10.0,0.99386,3.27,0.71,12.5,0.051489585362224775,-1.5275005510187716,0.6019883320820119,-0.3871825083156616,-0.9547177596742354,-1.1388316542922132,-1.1363417891982444,-1.52494536159661,-0.25672214299682716,0.3006672970463812,1.9115717350659123,7
7.4,0.53,0.12,1.9,0.165,4.0,12.0,0.99702,3.26,0.86,9.2,-0.5244309620226647,0.002855441908384288,-0.7793360296893133,-0.4611570659989154,1.5575043791003513,-1.1388316542922132,-1.0741914556847296,0.16649574433439795,-0.32124690577335663,1.1798959371683861,-1.1392740327915833,5
7.6,0.48,0.31,2.8,0.07,4.0,15.0,0.99693,3.22,0.55,10.3,-0.40924685254568716,-0.2704224139714652,0.1927070397053229,0.2046139531503683,-0.36718193689630624,-1.1388316542922132,-0.9809659554144575,0.11832178878571233,-0.5793459568794659,-0.6371765857504236,-0.12232544350575032,6
7.3,0.49,0.1,2.6,0.068,4.0,14.0,0.99562,3.3,0.47,10.5,-0.5820230167611539,-0.2157668427954953,-0.8816563527834855,0.056664837783860986,-0.40770164881202536,-1.1388316542922132,-1.012041122171215,-0.5828768975337941,-0.06314785466724451,-1.1060985271488266,0.06257430000076386,5
12.9,0.5,0.55,2.8,0.072,7.0,24.0,1.00012,3.09,0.68,10.9,2.6431320485942273,-0.1611112716195254,1.4205509168353898,0.2046139531503683,-0.3266622249805874,-0.8515695956057471,-0.7012894546036412,1.8258208798995361,-1.4181678729743317,0.12482156902198069,0.43237378701379386,6
10.8,0.45,0.33,2.5,0.099,20.0,38.0,0.99818,3.24,0.71,10.8,1.4336988990859596,-0.4343891274993746,0.2950273627994952,-0.017309719899392832,0.22035388588162075,0.39323265870227314,-0.2662371200090381,0.7874045047394086,-0.4502964313264098,0.3006672970463812,0.3399239152605368,5
6.9,0.39,0.24,2.1,0.102,4.0,7.0,0.99462,3.44,0.58,11.4,-0.8123912357151094,-0.7623225545551937,-0.16541409112427993,-0.3132079506324078,0.2811334537551992,-1.1388316542922132,-1.2295672894685163,-1.1181430702967632,0.8401988242041478,-0.4613308577260231,0.894623145780081,4
12.6,0.41,0.54,2.8,0.103,19.0,41.0,0.99939,3.21,0.76,11.3,2.47035588437876,-0.6530114122032542,1.3693907552883038,0.2046139531503683,0.3013933097130588,0.29747863914011774,-0.17301161973876603,1.435076573782624,-0.6438707196559953,0.5937435104203831,0.8021732740268238,6
9.8,0.51,0.19,3.2,0.081,8.0,30.0,0.9984,3.23,0.58,10.5,0.8577783517010702,-0.10645570044355551,-0.4212148988597105,0.5005121838833836,-0.14432352135985124,-0.7558155760435917,-0.514838454063097,0.9051630627472605,-0.5148211941029393,-0.4613308577260231,0.06257430000076386,6
10.8,0.29,0.42,1.6,0.084,19.0,27.0,0.99545,3.28,0.73,11.9,1.4336988990859596,-1.3088782663148923,0.75546881672327,-0.6830807390486765,-0.08354395348627253,0.29747863914011774,-0.6080639543333691,-0.6738721469035007,-0.19219738022030056,0.4178977823959819,1.356872504546368,6
7.1,0.715,0.0,2.35,0.071,21.0,47.0,0.99632,3.29,0.45,9.4,-0.6972071262381319,1.0139835086638262,-1.3932579682543467,-0.1282715564242734,-0.34692208093844695,0.48898667826442854,0.013439380801778167,-0.2081905765996981,-0.1276726174437711,-1.223329012498427,-0.9543742892850674,5
9.1,0.66,0.15,3.2,0.0969999999999999,9.0,59.0,0.99976,3.28,0.54,9.6,0.45463396853164695,0.7133778671959924,-0.625855545048055,0.5005121838833836,0.17983417396589965,-0.6600615564814363,0.38634138188286654,1.6331250577049126,-0.19219738022030056,-0.6957918284252239,-0.7694745457785532,5
7.0,0.685,0.0,1.9,0.099,9.0,22.0,0.99606,3.34,0.6,9.7,-0.7547991809766207,0.8500167951359171,-1.3932579682543467,-0.4611570659989154,0.22035388588162075,-0.6600615564814363,-0.763439788117156,-0.3473597815180902,0.19495119643886757,-0.3441003723764223,-0.6770246740252962,5
4.9,0.42,0.0,2.1,0.048,16.0,42.0,0.99154,3.71,0.74,14.0,-1.9642323304848883,-0.5983558410272842,-1.3932579682543467,-0.3132079506324078,-0.8128987679692166,0.010216580453651524,-0.14193645298200866,-2.7667628824066908,2.582367419170403,0.4765130250707823,3.2983198113647734,7
6.7,0.54,0.13,2.0,0.076,15.0,36.0,0.9973,3.61,0.64,9.8,-0.9275753451920874,0.05751101308435418,-0.7281758681422271,-0.3871825083156616,-0.24562280114914908,-0.08553743910850388,-0.32838745352255283,0.3163702727080007,1.9371197914051228,-0.10963940167722082,-0.5845748022720374,5
7.1,0.48,0.28,2.8,0.068,6.0,16.0,0.99682,3.24,0.53,10.3,-0.6972071262381319,-0.2704224139714652,0.039226555064064694,0.2046139531503683,-0.40770164881202536,-0.9473236151679025,-0.9498907886577002,0.05944250978181605,-0.4502964313264098,-0.7544070711000244,-0.12232544350575032,5
7.1,0.46,0.14,2.8,0.076,15.0,37.0,0.99624,3.36,0.49,10.7,-0.6972071262381319,-0.3797335563234047,-0.677015706595141,0.2046139531503683,-0.24562280114914908,-0.08553743910850388,-0.29731228676579546,-0.251011870420719,0.32400072199192365,-0.9888680417992258,0.24747404350727803,5
7.5,0.27,0.34,2.3,0.05,4.0,8.0,0.9951,3.4,0.64,11.0,-0.46683890728417593,-1.4181894086668319,0.3461875243465814,-0.16525883526590046,-0.7723790560534973,-1.1388316542922132,-1.198492122711759,-0.861215307370519,0.5820997730980357,-0.10963940167722082,0.524823658767051,7
7.8,0.57,0.09,2.3,0.065,34.0,45.0,0.99417,3.46,0.74,12.7,-0.2940627430687092,0.22147772661226328,-0.9328165143305717,-0.16525883526590046,-0.4684812166856041,1.733788932572449,-0.04871095271173656,-1.3590128480400723,0.9692483497572039,0.4765130250707823,2.0964714785724263,8
5.9,0.61,0.08,2.1,0.071,16.0,24.0,0.99376,3.56,0.77,11.1,-1.3883117830999987,0.44010001131614285,-0.9839766758776577,-0.3132079506324078,-0.34692208093844695,0.010216580453651524,-0.7012894546036412,-1.578471978872901,1.614495977522484,0.6523587530951834,0.6172735305203081,6
7.5,0.685,0.07,2.5,0.0579999999999999,5.0,9.0,0.99632,3.38,0.55,10.9,-0.46683890728417593,0.8500167951359171,-1.0351368374247438,-0.017309719899392832,-0.610300208390623,-1.0430776347300579,-1.1674169559550016,-0.2081905765996981,0.4530502475449797,-0.6371765857504236,0.43237378701379386,4
10.4,0.44,0.42,1.5,0.145,34.0,48.0,0.99832,3.38,0.86,9.9,1.2033306801320036,-0.4890446986753445,0.75546881672327,-0.7570552967319304,1.1523072599431599,1.733788932572449,0.04451454755853553,0.8623417689262397,0.4530502475449797,1.1798959371683861,-0.4921249305187803,3
11.6,0.47,0.44,1.6,0.147,36.0,51.0,0.99836,3.38,0.86,9.9,1.8944353369938705,-0.3250779851474351,0.8577891398174424,-0.6830807390486765,1.192826971858879,1.9252969716967596,0.1377400478288076,0.8837524158367799,0.4530502475449797,1.1798959371683861,-0.4921249305187803,4
8.8,0.685,0.26,1.6,0.088,16.0,23.0,0.99694,3.32,0.47,9.4,0.28185780431618074,0.8500167951359171,-0.06309376803010762,-0.6830807390486765,-0.0025045296548345205,0.010216580453651524,-0.7323646213603986,0.12367445051337707,0.06590167088581153,-1.1060985271488266,-0.9543742892850674,5
7.6,0.665,0.1,1.5,0.066,27.0,55.0,0.99655,3.39,0.51,9.3,-0.40924685254568716,0.7407056527839773,-0.8816563527834855,-0.7570552967319304,-0.4482213607277445,1.0635107956373608,0.2620407148558371,-0.0850793568641814,0.5175750103215091,-0.871637556449625,-1.0468241610383244,5
6.7,0.28,0.28,2.4,0.012,36.0,100.0,0.99064,3.26,0.39,11.7,-0.9275753451920874,-1.3635338374908619,0.039226555064064694,-0.09128427758264665,-1.5422535824521606,1.9252969716967596,1.6604232189099184,-3.2485024378933685,-0.32124690577335663,-1.5750204685472289,1.1719727610398523,7
10.1,0.31,0.35,1.6,0.075,9.0,28.0,0.99672,3.24,0.83,11.2,1.0305545159165364,-1.1995671239629526,0.39734768589366726,-0.6830807390486765,-0.26588265710700865,-0.6600615564814363,-0.5769887875766118,0.005915892505525102,-0.4502964313264098,1.0040502091439851,0.7097234022735651,7
6.0,0.5,0.04,2.2,0.092,13.0,26.0,0.99647,3.46,0.47,10.0,-1.33071972836151,-0.1611112716195254,-1.1886173220660021,-0.23923339294915397,0.07853489417660377,-0.27704547823281467,-0.6391391210901265,-0.12790065068526169,0.9692483497572039,-1.1060985271488266,-0.39967505876552323,5
11.1,0.42,0.47,2.65,0.085,9.0,34.0,0.99736,3.24,0.77,12.1,1.6064750633014258,-0.5983558410272842,1.0112696244587007,0.09365211662548774,-0.06328409752841295,-0.6600615564814363,-0.39053778703606756,0.34848624307381093,-0.4502964313264098,0.6523587530951834,1.5417722480528822,7
6.6,0.66,0.0,3.0,0.115,21.0,31.0,0.99629,3.45,0.63,10.3,-0.9851673999305766,0.7133778671959924,-1.3932579682543467,0.3525630685168759,0.5445115812073736,0.48898667826442854,-0.48376328730633966,-0.22424856178257352,0.9047235869806772,-0.1682546443520212,-0.12232544350575032,5
10.6,0.5,0.45,2.6,0.119,34.0,68.0,0.99708,3.23,0.72,10.9,1.318514789608981,-0.1611112716195254,0.9089493013645286,0.056664837783860986,0.6255510050388116,1.733788932572449,0.6660178826936828,0.19861171470014874,-0.5148211941029393,0.35928253972118157,0.43237378701379386,6
7.1,0.685,0.35,2.0,0.088,9.0,92.0,0.9963,3.28,0.62,9.4,-0.6972071262381319,0.8500167951359171,0.39734768589366726,-0.3871825083156616,-0.0025045296548345205,-0.6600615564814363,1.4118218848558595,-0.2188959000549682,-0.19219738022030056,-0.22686988702682157,-0.9543742892850674,5
9.9,0.25,0.46,1.7,0.062,26.0,42.0,0.9959,3.18,0.83,10.6,0.9153704064395589,-1.5275005510187716,0.9601094629116147,-0.6091061813654229,-0.5292607845591828,0.9677567760752055,-0.14193645298200866,-0.43300236916013196,-0.837445007985578,1.0040502091439851,0.15502417175402095,6
6.4,0.64,0.21,1.8,0.081,14.0,31.0,0.99689,3.59,0.66,9.8,-1.100351509407554,0.6040667248440525,-0.3188945757655383,-0.535131623682169,-0.14432352135985124,-0.18129145867065927,-0.48376328730633966,0.0969111418752316,1.8080702658520666,0.007591083672379936,-0.5845748022720374,5
7.4,0.68,0.16,1.8,0.078,12.0,39.0,0.9977,3.5,0.7,9.9,-0.5244309620226647,0.8226890095479321,-0.5746953835009688,-0.535131623682169,-0.20510308923342996,-0.37279949779497007,-0.23516195325228073,0.5304767418132239,1.2273474008633158,0.2420520543715808,-0.4921249305187803,6
6.4,0.63,0.21,1.6,0.08,12.0,32.0,0.99689,3.58,0.66,9.8,-1.100351509407554,0.5494111536680827,-0.3188945757655383,-0.6830807390486765,-0.1645833773177108,-0.37279949779497007,-0.4526881205495823,0.0969111418752316,1.74354550307554,0.007591083672379936,-0.5845748022720374,5
9.3,0.43,0.44,1.9,0.085,9.0,22.0,0.99708,3.28,0.55,9.5,0.5698180780086255,-0.5437002698513144,0.8577891398174424,-0.4611570659989154,-0.06328409752841295,-0.6600615564814363,-0.763439788117156,0.19861171470014874,-0.19219738022030056,-0.6371765857504236,-0.8619244175318104,5
8.0,0.42,0.32,2.5,0.08,26.0,122.0,0.99801,3.22,1.07,9.7,-0.1788786335917312,-0.5983558410272842,0.24386720125240904,-0.017309719899392832,-0.1645833773177108,0.9677567760752055,2.3440768875585802,0.6964092553697021,-0.5793459568794659,2.4108160333391937,-0.6770246740252962,5
9.3,0.36,0.39,1.5,0.08,41.0,55.0,0.99652,3.47,0.73,10.9,0.5698180780086255,-0.9262892680831034,0.6019883320820119,-0.7570552967319304,-0.1645833773177108,2.4040670695075366,0.2620407148558371,-0.10113734204711622,1.0337731125337333,0.4178977823959819,0.43237378701379386,6
7.6,0.735,0.02,2.5,0.071,10.0,14.0,0.99538,3.51,0.71,11.7,-0.40924685254568716,1.123294651015766,-1.2909376451601744,-0.017309719899392832,-0.34692208093844695,-0.5643075369192809,-1.012041122171215,-0.7113407789968568,1.2918721636398425,0.3006672970463812,1.1719727610398523,7
8.2,0.26,0.34,2.5,0.073,16.0,47.0,0.99594,3.4,0.78,11.3,-0.06369452411475372,-1.4728449798428018,0.3461875243465814,-0.017309719899392832,-0.3064023690227278,0.010216580453651524,0.013439380801778167,-0.41159172224959184,0.5820997730980357,0.7109739957699838,0.8021732740268238,7
11.7,0.28,0.47,1.7,0.054,17.0,32.0,0.99686,3.15,0.67,10.6,1.9520273917323594,-1.3635338374908619,1.0112696244587007,-0.6091061813654229,-0.6913396322220592,0.10597060001580692,-0.4526881205495823,0.08085315669229677,-1.0310192963151634,0.06620632634718031,0.15502417175402095,7
6.8,0.56,0.22,1.8,0.074,15.0,24.0,0.99438,3.4,0.82,11.2,-0.8699832904535987,0.16682215543629397,-0.2677344142184521,-0.535131623682169,-0.2861425130648682,-0.08553743910850388,-0.7012894546036412,-1.2466069517598257,0.5820997730980357,0.9454349664691847,0.7097234022735651,6
7.2,0.62,0.06,2.7,0.077,15.0,85.0,0.99746,3.51,0.54,9.5,-0.6396150714996427,0.49475558249211277,-1.08629699897183,0.1306393954671148,-0.22536294519128952,-0.08553743910850388,1.194295717558558,0.40201286035010186,1.2918721636398425,-0.6957918284252239,-0.8619244175318104,5
5.8,1.01,0.66,2.0,0.039,15.0,88.0,0.99357,3.66,0.6,11.5,-1.445903837838488,2.626322858354937,1.9833126938533372,-0.3871825083156616,-0.9952374715899525,-0.08553743910850388,1.28752121782883,-1.6801725516978774,2.259743605287764,-0.3441003723764223,0.9870730175333381,6
7.5,0.42,0.32,2.7,0.067,7.0,25.0,0.99628,3.24,0.44,10.4,-0.46683890728417593,-0.5983558410272842,0.24386720125240904,0.1306393954671148,-0.4279615047698849,-0.8515695956057471,-0.6702142878468839,-0.22960122351017884,-0.4502964313264098,-1.2819442551732274,-0.029875571752493238,5
7.2,0.62,0.06,2.5,0.078,17.0,84.0,0.99746,3.51,0.53,9.7,-0.6396150714996427,0.49475558249211277,-1.08629699897183,-0.017309719899392832,-0.20510308923342996,0.10597060001580692,1.1632205508018005,0.40201286035010186,1.2918721636398425,-0.7544070711000244,-0.6770246740252962,5
7.2,0.635,0.07,2.6,0.077,16.0,86.0,0.99748,3.51,0.54,9.7,-0.6396150714996427,0.5767389392560676,-1.0351368374247438,0.056664837783860986,-0.22536294519128952,0.010216580453651524,1.2253708843153153,0.41271818380537195,1.2918721636398425,-0.6957918284252239,-0.6770246740252962,5
6.8,0.49,0.22,2.3,0.071,13.0,24.0,0.99438,3.41,0.83,11.3,-0.8699832904535987,-0.2157668427954953,-0.2677344142184521,-0.16525883526590046,-0.34692208093844695,-0.27704547823281467,-0.7012894546036412,-1.2466069517598257,0.6466245358745651,1.0040502091439851,0.8021732740268238,6
6.9,0.51,0.23,2.0,0.072,13.0,22.0,0.99438,3.4,0.84,11.2,-0.8123912357151094,-0.10645570044355551,-0.21657425267136596,-0.3871825083156616,-0.3266622249805874,-0.27704547823281467,-0.763439788117156,-1.2466069517598257,0.5820997730980357,1.0626654518187855,0.7097234022735651,6
7.6,0.63,0.03,2.0,0.08,27.0,43.0,0.99578,3.44,0.64,10.9,-0.40924685254568716,0.5494111536680827,-1.2397774836130884,-0.3871825083156616,-0.1645833773177108,1.0635107956373608,-0.1108612862252513,-0.497234309891693,0.8401988242041478,-0.10963940167722082,0.43237378701379386,6
7.7,0.715,0.01,2.1,0.064,31.0,43.0,0.99371,3.41,0.57,11.8,-0.35165479780719794,1.0139835086638262,-1.3420978067072604,-0.3132079506324078,-0.48874107264346367,1.4465268738859824,-0.1108612862252513,-1.6052352875110463,0.6466245358745651,-0.5199461004008235,1.264422632793111,6
6.9,0.56,0.03,1.5,0.086,36.0,46.0,0.99522,3.53,0.57,10.6,-0.8123912357151094,0.16682215543629397,-1.2397774836130884,-0.7570552967319304,-0.043024241570553665,1.9252969716967596,-0.017635785954979197,-0.796983366638958,1.4209216891928986,-0.5199461004008235,0.15502417175402095,5
7.3,0.35,0.24,2.0,0.067,28.0,48.0,0.99576,3.43,0.54,10.0,-0.5820230167611539,-0.9809448392590733,-0.16541409112427993,-0.3871825083156616,-0.4279615047698849,1.1592648151995164,0.04451454755853553,-0.5079396333469631,0.7756740614276212,-0.6957918284252239,-0.39967505876552323,4
9.1,0.21,0.37,1.6,0.067,6.0,10.0,0.99552,3.23,0.58,11.1,0.45463396853164695,-1.7461228357226513,0.4996680089878396,-0.6830807390486765,-0.4279615047698849,-0.9473236151679025,-1.1363417891982444,-0.6364035148100852,-0.5148211941029393,-0.4613308577260231,0.6172735305203081,7
10.4,0.38,0.46,2.1,0.104,6.0,10.0,0.99664,3.12,0.65,11.8,1.2033306801320036,-0.8169781257311636,0.9601094629116147,-0.3132079506324078,0.32165316567091834,-0.9473236151679025,-1.1363417891982444,-0.0369054013155552,-1.224593584644746,-0.051024159002420445,1.264422632793111,7
8.8,0.31,0.4,2.8,0.109,7.0,16.0,0.99614,3.31,0.79,11.8,0.28185780431618074,-1.1995671239629526,0.6531484936290981,0.2046139531503683,0.4229524454602162,-0.8515695956057471,-0.9498907886577002,-0.3045384876970099,0.0013769081092849425,0.7695892384447842,1.264422632793111,7
7.1,0.47,0.0,2.2,0.067,7.0,14.0,0.99517,3.4,0.58,10.9,-0.6972071262381319,-0.3250779851474351,-1.3932579682543467,-0.23923339294915397,-0.4279615047698849,-0.8515695956057471,-1.012041122171215,-0.8237466752771034,0.5820997730980357,-0.4613308577260231,0.43237378701379386,4
8.8,0.61,0.19,4.0,0.094,30.0,69.0,0.99787,3.22,0.5,10.0,0.28185780431618074,0.44010001131614285,-0.4212148988597105,1.0923086453494135,0.1190546060923229,1.350772854323827,0.6970930494504401,0.6214719911829304,-0.5793459568794659,-0.9302527991244255,-0.39967505876552323,6
7.2,0.6,0.04,2.5,0.076,18.0,88.0,0.99745,3.53,0.55,9.5,-0.6396150714996427,0.385444440140173,-1.1886173220660021,-0.017309719899392832,-0.24562280114914908,0.20172461957796234,1.28752121782883,0.3966601986224371,1.4209216891928986,-0.6371765857504236,-0.8619244175318104,5
9.2,0.56,0.18,1.6,0.078,10.0,21.0,0.99576,3.15,0.49,9.9,0.5122260232701357,0.16682215543629397,-0.4723750604067966,-0.6830807390486765,-0.20510308923342996,-0.5643075369192809,-0.7945149548739133,-0.5079396333469631,-1.0310192963151634,-0.9888680417992258,-0.4921249305187803,5
7.6,0.715,0.0,2.1,0.068,30.0,35.0,0.99533,3.48,0.65,11.4,-0.40924685254568716,1.0139835086638262,-1.3932579682543467,-0.3132079506324078,-0.40770164881202536,1.350772854323827,-0.3594626202793102,-0.7381040876350022,1.09829787531026,-0.051024159002420445,0.894623145780081,6
8.4,0.31,0.29,3.1,0.1939999999999999,14.0,26.0,0.99536,3.22,0.78,12.0,0.051489585362224775,-1.1995671239629526,0.09038671661115057,0.42653762620012975,2.145040201878276,-0.18129145867065927,-0.6391391210901265,-0.7220461024521269,-0.5793459568794659,0.7109739957699838,1.4493223762996252,6
8.9,0.75,0.14,2.5,0.086,9.0,30.0,0.99824,3.34,0.64,10.5,0.3394498590546695,1.2052780077797207,-0.677015706595141,-0.017309719899392832,-0.043024241570553665,-0.6600615564814363,-0.514838454063097,0.8195204751052189,0.19495119643886757,-0.10963940167722082,0.06257430000076386,5
9.0,0.8,0.12,2.4,0.083,8.0,28.0,0.99836,3.33,0.65,10.4,0.39704191379315823,1.4785558636595704,-0.7793360296893133,-0.09128427758264665,-0.10380380944413209,-0.7558155760435917,-0.5769887875766118,0.8837524158367799,0.130426433662341,-0.051024159002420445,-0.029875571752493238,6
10.7,0.52,0.38,2.6,0.066,29.0,56.0,0.99577,3.15,0.79,12.1,1.3761068443474698,-0.05180012926758561,0.5508281705349257,0.056664837783860986,-0.4482213607277445,1.2550188347616718,0.29311588161259444,-0.5025869716192983,-1.0310192963151634,0.7695892384447842,1.5417722480528822,7
6.8,0.57,0.0,2.5,0.072,32.0,64.0,0.99491,3.43,0.56,11.2,-0.8699832904535987,0.22147772661226328,-1.3932579682543467,-0.017309719899392832,-0.3266622249805874,1.542280893448138,0.5417172156666533,-0.9629158801954956,0.7756740614276212,-0.5785613430756232,0.7097234022735651,6
10.7,0.9,0.34,6.6,0.1119999999999999,23.0,99.0,1.00289,3.22,0.68,9.3,1.3761068443474698,2.0251115754192686,0.3461875243465814,3.015647145114011,0.48373201333379295,0.6804947173887393,1.6293480521531611,3.308508178453045,-0.5793459568794659,0.12482156902198069,-1.0468241610383244,5
7.2,0.34,0.24,2.0,0.071,30.0,52.0,0.99576,3.44,0.58,10.1,-0.6396150714996427,-1.035600410435043,-0.16541409112427993,-0.3871825083156616,-0.34692208093844695,1.350772854323827,0.16881521458556498,-0.5079396333469631,0.8401988242041478,-0.4613308577260231,-0.30722518701226614,5
7.2,0.66,0.03,2.3,0.078,16.0,86.0,0.99743,3.53,0.57,9.7,-0.6396150714996427,0.7133778671959924,-1.2397774836130884,-0.16525883526590046,-0.20510308923342996,0.010216580453651524,1.2253708843153153,0.3859548751672265,1.4209216891928986,-0.5199461004008235,-0.6770246740252962,5
10.1,0.45,0.23,1.9,0.0819999999999999,10.0,18.0,0.99774,3.22,0.65,9.3,1.0305545159165364,-0.4343891274993746,-0.21657425267136596,-0.4611570659989154,-0.12406366540199364,-0.5643075369192809,-0.8877404551441854,0.5518873887237047,-0.5793459568794659,-0.051024159002420445,-1.0468241610383244,6
7.2,0.63,0.03,2.2,0.08,17.0,88.0,0.99745,3.53,0.58,9.8,-0.6396150714996427,0.5494111536680827,-1.2397774836130884,-0.23923339294915397,-0.1645833773177108,0.10597060001580692,1.28752121782883,0.3966601986224371,1.4209216891928986,-0.4613308577260231,-0.5845748022720374,6
7.1,0.59,0.01,2.3,0.08,27.0,43.0,0.9955,3.42,0.58,10.7,-0.6972071262381319,0.33078886896420306,-1.3420978067072604,-0.16525883526590046,-0.1645833773177108,1.0635107956373608,-0.1108612862252513,-0.6471088382652957,0.7111492986510918,-0.4613308577260231,0.24747404350727803,6
8.3,0.31,0.39,2.4,0.078,17.0,43.0,0.99444,3.31,0.77,12.5,-0.0061024693762639646,-1.1995671239629526,0.6019883320820119,-0.09128427758264665,-0.20510308923342996,0.10597060001580692,-0.1108612862252513,-1.214490981394075,0.0013769081092849425,0.6523587530951834,1.9115717350659123,7
8.3,1.02,0.02,3.4,0.084,6.0,11.0,0.99892,3.48,0.49,11.0,-0.0061024693762639646,2.680978429530907,-1.2909376451601744,0.6484612992498909,-0.08354395348627253,-0.9473236151679025,-1.1052666224414869,1.183501472584045,1.09829787531026,-0.9888680417992258,0.524823658767051,3
8.9,0.31,0.36,2.6,0.0559999999999999,10.0,39.0,0.99562,3.4,0.69,11.8,0.3394498590546695,-1.1995671239629526,0.4485078474407534,0.056664837783860986,-0.6508199203063422,-0.5643075369192809,-0.23516195325228073,-0.5828768975337941,0.5820997730980357,0.18343681169678042,1.264422632793111,5
7.4,0.635,0.1,2.4,0.08,16.0,33.0,0.99736,3.58,0.69,10.8,-0.5244309620226647,0.5767389392560676,-0.8816563527834855,-0.09128427758264665,-0.1645833773177108,0.010216580453651524,-0.42161295379282493,0.34848624307381093,1.74354550307554,0.18343681169678042,0.3399239152605368,7
6.8,0.59,0.06,6.0,0.06,11.0,18.0,0.9962,3.41,0.59,10.8,-0.8699832904535987,0.33078886896420306,-1.08629699897183,2.5717997990144887,-0.5697804964749019,-0.46855351735712547,-0.8877404551441854,-0.27242251733125916,0.6466245358745651,-0.4027156150512227,0.3399239152605368,7
9.2,0.58,0.2,3.0,0.081,15.0,115.0,0.998,3.23,0.59,9.5,0.5122260232701357,0.27613329778823315,-0.3700547373126243,0.3525630685168759,-0.14432352135985124,-0.08553743910850388,2.126550720261279,0.6910565936420968,-0.5148211941029393,-0.4027156150512227,-0.8619244175318104,5
7.2,0.54,0.27,2.6,0.084,12.0,78.0,0.9964,3.39,0.71,11.0,-0.6396150714996427,0.05751101308435418,-0.011933606483021464,0.056664837783860986,-0.08354395348627253,-0.37279949779497007,0.9767695502612564,-0.16536928277867724,0.5175750103215091,0.3006672970463812,0.524823658767051,5
6.1,0.56,0.0,2.2,0.079,6.0,9.0,0.9948,3.59,0.54,11.5,-1.2731276736230213,0.16682215543629397,-1.3932579682543467,-0.23923339294915397,-0.18484323327557037,-0.9473236151679025,-1.1674169559550016,-1.021795159199392,1.8080702658520666,-0.6957918284252239,0.9870730175333381,6
7.4,0.52,0.13,2.4,0.078,34.0,61.0,0.99528,3.43,0.59,10.8,-0.5244309620226647,-0.05180012926758561,-0.7281758681422271,-0.09128427758264665,-0.20510308923342996,1.733788932572449,0.4484917153963813,-0.7648673962731477,0.7756740614276212,-0.4027156150512227,0.3399239152605368,6
7.3,0.305,0.39,1.2,0.059,7.0,11.0,0.99331,3.29,0.52,11.5,-0.5820230167611539,-1.2268949095509376,0.6019883320820119,-0.9789789697816916,-0.5900403524327615,-0.8515695956057471,-1.1052666224414869,-1.8193417566162102,-0.1276726174437711,-0.8130223137748247,0.9870730175333381,6
9.3,0.38,0.48,3.8,0.132,3.0,11.0,0.99577,3.23,0.57,13.2,0.5698180780086255,-0.8169781257311636,1.0624297860057867,0.9443595299829058,0.888929132490986,-1.2345856738543688,-1.1052666224414869,-0.5025869716192983,-0.5148211941029393,-0.5199461004008235,2.5587208373387136,6
9.1,0.28,0.46,9.0,0.114,3.0,9.0,0.99901,3.18,0.6,10.9,0.45463396853164695,-1.3635338374908619,0.9601094629116147,4.791036529512101,0.524251725249514,-1.2345856738543688,-1.1674169559550016,1.231675428132671,-0.837445007985578,-0.3441003723764223,0.43237378701379386,6
10.0,0.46,0.44,2.9,0.065,4.0,8.0,0.99674,3.33,0.62,12.2,0.9729624611780476,-0.3797335563234047,0.8577891398174424,0.2785885108336221,-0.4684812166856041,-1.1388316542922132,-1.198492122711759,0.01662121596073575,0.130426433662341,-0.22686988702682157,1.6342221198061393,6
9.4,0.395,0.46,4.6,0.094,3.0,10.0,0.99639,3.27,0.64,12.2,0.6274101327471142,-0.7349947689672087,0.9601094629116147,1.5361559914489358,0.1190546060923229,-1.2345856738543688,-1.1363417891982444,-0.17072194450628256,-0.25672214299682716,-0.10963940167722082,1.6342221198061393,7
8.6,0.315,0.4,2.2,0.079,3.0,6.0,0.99512,3.27,0.67,11.9,0.16667369483920225,-1.1722393383749676,0.6531484936290981,-0.23923339294915397,-0.18484323327557037,-1.2345856738543688,-1.2606424562252738,-0.8505099839152489,-0.25672214299682716,0.06620632634718031,1.356872504546368,6
5.3,0.715,0.19,1.5,0.161,7.0,62.0,0.99395,3.62,0.61,11.0,-1.7338641115309328,1.0139835086638262,-0.4212148988597105,-0.7570552967319304,1.476464955268913,-0.8515695956057471,0.47956688215313864,-1.4767714060479242,2.0016445541816523,-0.28548512970162193,0.524823658767051,5
6.8,0.41,0.31,8.8,0.084,26.0,45.0,0.99824,3.38,0.64,10.1,-0.8699832904535987,-0.6530114122032542,0.1927070397053229,4.643087414145594,-0.08354395348627253,0.9677567760752055,-0.04871095271173656,0.8195204751052189,0.4530502475449797,-0.10963940167722082,-0.30722518701226614,6
8.4,0.36,0.32,2.2,0.081,32.0,79.0,0.9964,3.3,0.72,11.0,0.051489585362224775,-0.9262892680831034,0.24386720125240904,-0.23923339294915397,-0.14432352135985124,1.542280893448138,1.0078447170180138,-0.16536928277867724,-0.06314785466724451,0.35928253972118157,0.524823658767051,6
8.4,0.62,0.12,1.8,0.072,38.0,46.0,0.99504,3.38,0.89,11.8,0.051489585362224775,0.49475558249211277,-0.7793360296893133,-0.535131623682169,-0.3266622249805874,2.1168050108210705,-0.017635785954979197,-0.8933312777362697,0.4530502475449797,1.3557416651927874,1.264422632793111,6
9.6,0.41,0.37,2.3,0.091,10.0,23.0,0.99786,3.24,0.56,10.5,0.7425942422240916,-0.6530114122032542,0.4996680089878396,-0.16525883526590046,0.05827503821874419,-0.5643075369192809,-0.7323646213603986,0.6161193294552657,-0.4502964313264098,-0.5785613430756232,0.06257430000076386,5
8.6,0.47,0.27,2.3,0.055,14.0,28.0,0.99516,3.18,0.8,11.2,0.16667369483920225,-0.3250779851474351,-0.011933606483021464,-0.16525883526590046,-0.6710797762641997,-0.18129145867065927,-0.5769887875766118,-0.8290993370047087,-0.837445007985578,0.8282044811195846,0.7097234022735651,5
8.6,0.22,0.36,1.9,0.064,53.0,77.0,0.99604,3.47,0.87,11.0,0.16667369483920225,-1.6914672645466813,0.4485078474407534,-0.4611570659989154,-0.48874107264346367,3.5531153042534016,0.9456943835044991,-0.3580651049733009,1.0337731125337333,1.2385111798431865,0.524823658767051,7
9.4,0.24,0.33,2.3,0.061,52.0,73.0,0.99786,3.47,0.9,10.2,0.6274101327471142,-1.5821561221947416,0.2950273627994952,-0.16525883526590046,-0.5495206405170424,3.4573612846912463,0.8213937164774696,0.6161193294552657,1.0337731125337333,1.4143569078675877,-0.21477531525900906,6
8.4,0.67,0.19,2.2,0.093,11.0,75.0,0.99736,3.2,0.59,9.2,0.051489585362224775,0.7680334383719623,-0.4212148988597105,-0.23923339294915397,0.09879475013446333,-0.46855351735712547,0.8835440499909843,0.34848624307381093,-0.7083954824325219,-0.4027156150512227,-1.1392740327915833,4
8.7,0.33,0.38,3.3,0.063,10.0,19.0,0.99468,3.3,0.73,12.0,0.224265749577691,-1.0902559816110127,0.5508281705349257,0.574486741566637,-0.5090009286013232,-0.5643075369192809,-0.8566652883874281,-1.086027099930953,-0.06314785466724451,0.4178977823959819,1.4493223762996252,7
6.6,0.61,0.01,1.9,0.08,8.0,25.0,0.99746,3.69,0.73,10.5,-0.9851673999305766,0.44010001131614285,-1.3420978067072604,-0.4611570659989154,-0.1645833773177108,-0.7558155760435917,-0.6702142878468839,0.40201286035010186,2.453317893617347,0.4178977823959819,0.06257430000076386,5
7.4,0.61,0.01,2.0,0.074,13.0,38.0,0.99748,3.48,0.65,9.8,-0.5244309620226647,0.44010001131614285,-1.3420978067072604,-0.3871825083156616,-0.2861425130648682,-0.27704547823281467,-0.2662371200090381,0.41271818380537195,1.09829787531026,-0.051024159002420445,-0.5845748022720374,5
7.6,0.4,0.29,1.9,0.078,29.0,66.0,0.9971,3.45,0.59,9.5,-0.40924685254568716,-0.7076669833792237,0.09038671661115057,-0.4611570659989154,-0.20510308923342996,1.2550188347616718,0.603867549180168,0.20931703815541883,0.9047235869806772,-0.4027156150512227,-0.8619244175318104,6
8.8,0.3,0.38,2.3,0.06,19.0,72.0,0.99543,3.39,0.72,11.8,0.28185780431618074,-1.2542226951389224,0.5508281705349257,-0.16525883526590046,-0.5697804964749019,0.29747863914011774,0.7903185497207122,-0.6845774703587113,0.5175750103215091,0.35928253972118157,1.264422632793111,6
12.0,0.63,0.5,1.4,0.071,6.0,26.0,0.99791,3.07,0.6,10.4,2.1248035559478264,0.5494111536680827,1.164750109099959,-0.8310298544151842,-0.34692208093844695,-0.9473236151679025,-0.6391391210901265,0.6428826380934112,-1.5472173985273876,-0.3441003723764223,-0.029875571752493238,4
7.2,0.38,0.38,2.8,0.068,23.0,42.0,0.99356,3.34,0.72,12.9,-0.6396150714996427,-0.8169781257311636,0.5508281705349257,0.2046139531503683,-0.40770164881202536,0.6804947173887393,-0.14193645298200866,-1.6855252134254828,0.19495119643886757,0.35928253972118157,2.2813712220789424,7
6.2,0.46,0.17,1.6,0.073,7.0,11.0,0.99425,3.61,0.54,11.4,-1.215535618884532,-0.3797335563234047,-0.5235352219538827,-0.6830807390486765,-0.3064023690227278,-0.8515695956057471,-1.1052666224414869,-1.3161915542190514,1.9371197914051228,-0.6957918284252239,0.894623145780081,5
9.6,0.33,0.52,2.2,0.074,13.0,25.0,0.99509,3.36,0.76,12.4,0.7425942422240916,-1.0902559816110127,1.2670704321941315,-0.23923339294915397,-0.2861425130648682,-0.27704547823281467,-0.6702142878468839,-0.8665679690981243,0.32400072199192365,0.5937435104203831,1.8191218633126551,7
9.9,0.27,0.49,5.0,0.0819999999999999,9.0,17.0,0.99484,3.19,0.52,12.5,0.9153704064395589,-1.4181894086668319,1.113589947552873,1.832054222181951,-0.12406366540199364,-0.6600615564814363,-0.9188156219009428,-1.000384512288911,-0.7729202452090513,-0.8130223137748247,1.9115717350659123,7
10.1,0.43,0.4,2.6,0.092,13.0,52.0,0.99834,3.22,0.64,10.0,1.0305545159165364,-0.5437002698513144,0.6531484936290981,0.056664837783860986,0.07853489417660377,-0.27704547823281467,0.16881521458556498,0.8730470923815098,-0.5793459568794659,-0.10963940167722082,-0.39967505876552323,7
9.8,0.5,0.34,2.3,0.094,10.0,45.0,0.99864,3.24,0.6,9.7,0.8577783517010702,-0.1611112716195254,0.3461875243465814,-0.16525883526590046,0.1190546060923229,-0.5643075369192809,-0.04871095271173656,1.0336269442103827,-0.4502964313264098,-0.3441003723764223,-0.6770246740252962,7
8.3,0.3,0.49,3.8,0.09,11.0,24.0,0.99498,3.27,0.64,12.1,-0.0061024693762639646,-1.2542226951389224,1.113589947552873,0.9443595299829058,0.03801518226088462,-0.46855351735712547,-0.7012894546036412,-0.92544724810208,-0.25672214299682716,-0.10963940167722082,1.5417722480528822,7
10.2,0.44,0.42,2.0,0.071,7.0,20.0,0.99566,3.14,0.79,11.1,1.088146570655025,-0.4890446986753445,0.75546881672327,-0.3871825083156616,-0.34692208093844695,-0.8515695956057471,-0.8255901216306707,-0.5614662506232541,-1.09554405909169,0.7695892384447842,0.6172735305203081,7
10.2,0.44,0.58,4.1,0.092,11.0,24.0,0.99745,3.29,0.99,12.0,1.088146570655025,-0.4890446986753445,1.5740314014766479,1.1662832030326669,0.07853489417660377,-0.46855351735712547,-0.7012894546036412,0.3966601986224371,-0.1276726174437711,1.9418940919407905,1.4493223762996252,7
8.3,0.28,0.48,2.1,0.093,6.0,12.0,0.99408,3.26,0.62,12.4,-0.0061024693762639646,-1.3635338374908619,1.0624297860057867,-0.3132079506324078,0.09879475013446333,-0.9473236151679025,-1.0741914556847296,-1.407186803588758,-0.32124690577335663,-0.22686988702682157,1.8191218633126551,7
8.9,0.12,0.45,1.8,0.075,10.0,21.0,0.99552,3.41,0.76,11.9,0.3394498590546695,-2.2380229763063797,0.9089493013645286,-0.535131623682169,-0.26588265710700865,-0.5643075369192809,-0.7945149548739133,-0.6364035148100852,0.6466245358745651,0.5937435104203831,1.356872504546368,7
8.2,0.31,0.4,2.2,0.0579999999999999,6.0,10.0,0.99536,3.31,0.68,11.2,-0.06369452411475372,-1.1995671239629526,0.6531484936290981,-0.23923339294915397,-0.610300208390623,-0.9473236151679025,-1.1363417891982444,-0.7220461024521269,0.0013769081092849425,0.12482156902198069,0.7097234022735651,7
10.2,0.34,0.48,2.1,0.052,5.0,9.0,0.99458,3.2,0.69,12.1,1.088146570655025,-1.035600410435043,1.0624297860057867,-0.3132079506324078,-0.7318593441377784,-1.0430776347300579,-1.1674169559550016,-1.1395537172072439,-0.7083954824325219,0.18343681169678042,1.5417722480528822,7
7.6,0.43,0.4,2.7,0.0819999999999999,6.0,11.0,0.99538,3.44,0.54,12.2,-0.40924685254568716,-0.5437002698513144,0.6531484936290981,0.1306393954671148,-0.12406366540199364,-0.9473236151679025,-1.1052666224414869,-0.7113407789968568,0.8401988242041478,-0.6957918284252239,1.6342221198061393,6
8.5,0.21,0.52,1.9,0.09,9.0,23.0,0.99648,3.36,0.67,10.4,0.10908164010071351,-1.7461228357226513,1.2670704321941315,-0.4611570659989154,0.03801518226088462,-0.6600615564814363,-0.7323646213603986,-0.12254798895759694,0.32400072199192365,0.06620632634718031,-0.029875571752493238,5
9.0,0.36,0.52,2.1,0.111,5.0,10.0,0.99568,3.31,0.62,11.3,0.39704191379315823,-0.9262892680831034,1.2670704321941315,-0.3132079506324078,0.46347215737593533,-1.0430776347300579,-1.1363417891982444,-0.550760927167984,0.0013769081092849425,-0.22686988702682157,0.8021732740268238,6
9.5,0.37,0.52,2.0,0.088,12.0,51.0,0.99613,3.29,0.58,11.1,0.6850021874856029,-0.8716336969071334,1.2670704321941315,-0.3871825083156616,-0.0025045296548345205,-0.37279949779497007,0.1377400478288076,-0.30989114942467466,-0.1276726174437711,-0.4613308577260231,0.6172735305203081,6
6.4,0.57,0.12,2.3,0.12,25.0,36.0,0.99519,3.47,0.71,11.3,-1.100351509407554,0.22147772661226328,-0.7793360296893133,-0.16525883526590046,0.6458108609966712,0.8720027565130501,-0.32838745352255283,-0.8130413518218333,1.0337731125337333,0.3006672970463812,0.8021732740268238,7
8.0,0.59,0.05,2.0,0.089,12.0,32.0,0.99735,3.36,0.61,10.0,-0.1788786335917312,0.33078886896420306,-1.137457160518916,-0.3871825083156616,0.01775532630302505,-0.37279949779497007,-0.4526881205495823,0.3431335813461462,0.32400072199192365,-0.28548512970162193,-0.39967505876552323,5
8.5,0.47,0.27,1.9,0.0579999999999999,18.0,38.0,0.99518,3.16,0.85,11.1,0.10908164010071351,-0.3250779851474351,-0.011933606483021464,-0.4611570659989154,-0.610300208390623,0.20172461957796234,-0.2662371200090381,-0.8183940135494981,-0.966494533538634,1.1212806944935858,0.6172735305203081,6
7.1,0.56,0.14,1.6,0.078,7.0,18.0,0.99592,3.27,0.62,9.3,-0.6972071262381319,0.16682215543629397,-0.677015706595141,-0.6830807390486765,-0.20510308923342996,-0.8515695956057471,-0.8877404551441854,-0.42229704570486193,-0.25672214299682716,-0.22686988702682157,-1.0468241610383244,5
6.6,0.57,0.02,2.1,0.115,6.0,16.0,0.99654,3.38,0.69,9.5,-0.9851673999305766,0.22147772661226328,-1.2909376451601744,-0.3132079506324078,0.5445115812073736,-0.9473236151679025,-0.9498907886577002,-0.09043201859184614,0.4530502475449797,0.18343681169678042,-0.8619244175318104,5
8.8,0.27,0.39,2.0,0.1,20.0,27.0,0.99546,3.15,0.69,11.2,0.28185780431618074,-1.4181894086668319,0.6019883320820119,-0.3871825083156616,0.24061374183948034,0.39323265870227314,-0.6080639543333691,-0.6685194851758359,-1.0310192963151634,0.18343681169678042,0.7097234022735651,6
8.3,0.34,0.4,2.4,0.065,24.0,48.0,0.99554,3.34,0.86,11.0,-0.0061024693762639646,-1.035600410435043,0.6531484936290981,-0.09128427758264665,-0.4684812166856041,0.7762487369508947,0.04451454755853553,-0.6256981913548151,0.19495119643886757,1.1798959371683861,0.524823658767051,6
9.0,0.38,0.41,2.4,0.103,6.0,10.0,0.99604,3.13,0.58,11.9,0.39704191379315823,-0.8169781257311636,0.7043086551761839,-0.09128427758264665,0.3013933097130588,-0.9473236151679025,-1.1363417891982444,-0.3580651049733009,-1.1600688218682194,-0.4613308577260231,1.356872504546368,7
8.5,0.66,0.2,2.1,0.0969999999999999,23.0,113.0,0.99733,3.13,0.48,9.2,0.10908164010071351,0.7133778671959924,-0.3700547373126243,-0.3132079506324078,0.17983417396589965,0.6804947173887393,2.064400386747764,0.33242825789093555,-1.1600688218682194,-1.0474832844740263,-1.1392740327915833,5
9.0,0.4,0.43,2.4,0.068,29.0,46.0,0.9943,3.2,0.6,12.2,0.39704191379315823,-0.7076669833792237,0.8066289782703563,-0.09128427758264665,-0.40770164881202536,1.2550188347616718,-0.017635785954979197,-1.289428245580906,-0.7083954824325219,-0.3441003723764223,1.6342221198061393,6
6.7,0.56,0.09,2.9,0.079,7.0,22.0,0.99669,3.46,0.61,10.2,-0.9275753451920874,0.16682215543629397,-0.9328165143305717,0.2785885108336221,-0.18484323327557037,-0.8515695956057471,-0.763439788117156,-0.010142092677409724,0.9692483497572039,-0.28548512970162193,-0.21477531525900906,5
10.4,0.26,0.48,1.9,0.066,6.0,10.0,0.99724,3.33,0.87,10.9,1.2033306801320036,-1.4728449798428018,1.0624297860057867,-0.4611570659989154,-0.4482213607277445,-0.9473236151679025,-1.1363417891982444,0.2842543023422499,0.130426433662341,1.2385111798431865,0.43237378701379386,6
10.1,0.38,0.5,2.4,0.104,6.0,13.0,0.99643,3.22,0.65,11.6,1.0305545159165364,-0.8169781257311636,1.164750109099959,-0.09128427758264665,0.32165316567091834,-0.9473236151679025,-1.0431162889279721,-0.1493112975957424,-0.5793459568794659,-0.051024159002420445,1.0795228892865951,7
8.5,0.34,0.44,1.7,0.079,6.0,12.0,0.99605,3.52,0.63,10.7,0.10908164010071351,-1.035600410435043,0.8577891398174424,-0.6091061813654229,-0.18484323327557037,-0.9473236151679025,-1.0741914556847296,-0.35271244324569556,1.356396926416372,-0.1682546443520212,0.24747404350727803,5
8.8,0.33,0.41,5.9,0.073,7.0,13.0,0.99658,3.3,0.62,12.1,0.28185780431618074,-1.0902559816110127,0.7043086551761839,2.497825241331235,-0.3064023690227278,-0.8515695956057471,-1.0431162889279721,-0.069021371681306,-0.06314785466724451,-0.22686988702682157,1.5417722480528822,7
7.2,0.41,0.3,2.1,0.083,35.0,72.0,0.997,3.44,0.52,9.4,-0.6396150714996427,-0.6530114122032542,0.14154687815823674,-0.3132079506324078,-0.10380380944413209,1.8295429521346043,0.7903185497207122,0.15579042087912787,0.8401988242041478,-0.8130223137748247,-0.9543742892850674,5
8.4,0.59,0.29,2.6,0.109,31.0,119.0,0.99801,3.15,0.5,9.1,0.051489585362224775,0.33078886896420306,0.09038671661115057,0.056664837783860986,0.4229524454602162,1.4465268738859824,2.2508513872883085,0.6964092553697021,-1.0310192963151634,-0.9302527991244255,-1.2317239045448403,5
7.0,0.4,0.32,3.6,0.061,9.0,29.0,0.99416,3.28,0.49,11.3,-0.7547991809766207,-0.7076669833792237,0.24386720125240904,0.7964104146163985,-0.5495206405170424,-0.6600615564814363,-0.5459136208198544,-1.3643655097676777,-0.19219738022030056,-0.9888680417992258,0.8021732740268238,7
12.2,0.45,0.49,1.4,0.075,3.0,6.0,0.9969,3.13,0.63,10.4,2.239987665424804,-0.4343891274993746,1.113589947552873,-0.8310298544151842,-0.26588265710700865,-1.2345856738543688,-1.2606424562252738,0.10226380360283692,-1.1600688218682194,-0.1682546443520212,-0.029875571752493238,5
9.1,0.5,0.3,1.9,0.065,8.0,17.0,0.99774,3.32,0.71,10.5,0.45463396853164695,-0.1611112716195254,0.14154687815823674,-0.4611570659989154,-0.4684812166856041,-0.7558155760435917,-0.9188156219009428,0.5518873887237047,0.06590167088581153,0.3006672970463812,0.06257430000076386,6
9.5,0.86,0.26,1.9,0.079,13.0,28.0,0.99712,3.25,0.62,10.0,0.6850021874856029,1.806489290715389,-0.06309376803010762,-0.4611570659989154,-0.18484323327557037,-0.27704547823281467,-0.5769887875766118,0.2200223616106889,-0.3857716685498832,-0.22686988702682157,-0.39967505876552323,5
7.3,0.52,0.32,2.1,0.07,51.0,70.0,0.99418,3.34,0.82,12.9,-0.5820230167611539,-0.05180012926758561,0.24386720125240904,-0.3132079506324078,-0.36718193689630624,3.361607265129091,0.7281682162071975,-1.353660186312467,0.19495119643886757,0.9454349664691847,2.2813712220789424,6
7.4,0.58,0.0,2.0,0.064,7.0,11.0,0.99562,3.45,0.58,11.3,-0.5244309620226647,0.27613329778823315,-1.3932579682543467,-0.3871825083156616,-0.48874107264346367,-0.8515695956057471,-1.1052666224414869,-0.5828768975337941,0.9047235869806772,-0.4613308577260231,0.8021732740268238,6
9.8,0.34,0.39,1.4,0.066,3.0,7.0,0.9947,3.19,0.55,11.4,0.8577783517010702,-1.035600410435043,0.6019883320820119,-0.8310298544151842,-0.4482213607277445,-1.2345856738543688,-1.2295672894685163,-1.0753217764756828,-0.7729202452090513,-0.6371765857504236,0.894623145780081,7
7.1,0.36,0.3,1.6,0.08,35.0,70.0,0.99693,3.44,0.5,9.4,-0.6972071262381319,-0.9262892680831034,0.14154687815823674,-0.6830807390486765,-0.1645833773177108,1.8295429521346043,0.7281682162071975,0.11832178878571233,0.8401988242041478,-0.9302527991244255,-0.9543742892850674,5
7.7,0.39,0.12,1.7,0.0969999999999999,19.0,27.0,0.99596,3.16,0.49,9.4,-0.35165479780719794,-0.7623225545551937,-0.7793360296893133,-0.6091061813654229,0.17983417396589965,0.29747863914011774,-0.6080639543333691,-0.4008863987943812,-0.966494533538634,-0.9888680417992258,-0.9543742892850674,5
9.7,0.295,0.4,1.5,0.073,14.0,21.0,0.99556,3.14,0.51,10.9,0.8001862969625804,-1.2815504807269074,0.6531484936290981,-0.7570552967319304,-0.3064023690227278,-0.18129145867065927,-0.7945149548739133,-0.614992867899545,-1.09554405909169,-0.871637556449625,0.43237378701379386,6
7.1,0.34,0.28,2.0,0.0819999999999999,31.0,68.0,0.99694,3.45,0.48,9.4,-0.6972071262381319,-1.035600410435043,0.039226555064064694,-0.3871825083156616,-0.12406366540199364,1.4465268738859824,0.6660178826936828,0.12367445051337707,0.9047235869806772,-1.0474832844740263,-0.9543742892850674,5
6.5,0.4,0.1,2.0,0.076,30.0,47.0,0.99554,3.36,0.48,9.4,-1.0427594546690653,-0.7076669833792237,-0.8816563527834855,-0.3871825083156616,-0.24562280114914908,1.350772854323827,0.013439380801778167,-0.6256981913548151,0.32400072199192365,-1.0474832844740263,-0.9543742892850674,6
10.0,0.35,0.45,2.5,0.092,20.0,88.0,0.99918,3.15,0.43,9.4,0.9729624611780476,-0.9809448392590733,0.9089493013645286,-0.017309719899392832,0.07853489417660377,0.39323265870227314,1.28752121782883,1.3226706775023775,-1.0310192963151634,-1.3405594978480277,-0.9543742892850674,5
7.7,0.6,0.06,2.0,0.079,19.0,41.0,0.99697,3.39,0.62,10.1,-0.35165479780719794,0.385444440140173,-1.08629699897183,-0.3871825083156616,-0.18484323327557037,0.29747863914011774,-0.17301161973876603,0.13973243569625246,0.5175750103215091,-0.22686988702682157,-0.30722518701226614,6
5.6,0.66,0.0,2.2,0.087,3.0,11.0,0.99378,3.71,0.63,12.8,-1.561087947315466,0.7133778671959924,-1.3932579682543467,-0.23923339294915397,-0.02276438561269409,-1.2345856738543688,-1.1052666224414869,-1.5677666554176308,2.582367419170403,-0.1682546443520212,2.188921350325685,7
8.9,0.84,0.34,1.4,0.05,4.0,10.0,0.99554,3.12,0.48,9.1,0.3394498590546695,1.6971781483634494,0.3461875243465814,-0.8310298544151842,-0.7723790560534973,-1.1388316542922132,-1.1363417891982444,-0.6256981913548151,-1.224593584644746,-1.0474832844740263,-1.2317239045448403,6
6.4,0.69,0.0,1.65,0.055,7.0,12.0,0.99162,3.47,0.53,12.9,-1.100351509407554,0.8773445807239014,-1.3932579682543467,-0.6460934602070498,-0.6710797762641997,-0.8515695956057471,-1.0741914556847296,-2.72394158858567,1.0337731125337333,-0.7544070711000244,2.2813712220789424,6
7.5,0.43,0.3,2.2,0.062,6.0,12.0,0.99495,3.44,0.72,11.5,-0.46683890728417593,-0.5437002698513144,0.14154687815823674,-0.23923339294915397,-0.5292607845591828,-0.9473236151679025,-1.0741914556847296,-0.9415052332849554,0.8401988242041478,0.35928253972118157,0.9870730175333381,7
9.9,0.35,0.38,1.5,0.0579999999999999,31.0,47.0,0.99676,3.26,0.82,10.6,0.9153704064395589,-0.9809448392590733,0.5508281705349257,-0.7570552967319304,-0.610300208390623,1.4465268738859824,0.013439380801778167,0.027326539416005824,-0.32124690577335663,0.9454349664691847,0.15502417175402095,7
9.1,0.29,0.33,2.05,0.063,13.0,27.0,0.99516,3.26,0.84,11.7,0.45463396853164695,-1.3088782663148923,0.2950273627994952,-0.35019522947403486,-0.5090009286013232,-0.27704547823281467,-0.6080639543333691,-0.8290993370047087,-0.32124690577335663,1.0626654518187855,1.1719727610398523,7
6.8,0.36,0.32,1.8,0.067,4.0,8.0,0.9928,3.36,0.55,12.8,-0.8699832904535987,-0.9262892680831034,0.24386720125240904,-0.535131623682169,-0.4279615047698849,-1.1388316542922132,-1.198492122711759,-2.0923275047253296,0.32400072199192365,-0.6371765857504236,2.188921350325685,7
8.2,0.43,0.29,1.6,0.081,27.0,45.0,0.99603,3.25,0.54,10.3,-0.06369452411475372,-0.5437002698513144,0.09038671661115057,-0.6830807390486765,-0.14432352135985124,1.0635107956373608,-0.04871095271173656,-0.36341776670096565,-0.3857716685498832,-0.6957918284252239,-0.12232544350575032,5
9.1,0.3,0.34,2.0,0.064,12.0,25.0,0.99516,3.26,0.84,11.7,0.45463396853164695,-1.2542226951389224,0.3461875243465814,-0.3871825083156616,-0.48874107264346367,-0.37279949779497007,-0.6702142878468839,-0.8290993370047087,-0.32124690577335663,1.0626654518187855,1.1719727610398523,7
8.9,0.35,0.4,3.6,0.11,12.0,24.0,0.99549,3.23,0.7,12.0,0.3394498590546695,-0.9809448392590733,0.6531484936290981,0.7964104146163985,0.44321230141807577,-0.37279949779497007,-0.7012894546036412,-0.6524614999929605,-0.5148211941029393,0.2420520543715808,1.4493223762996252,7
9.6,0.5,0.36,2.8,0.1159999999999999,26.0,55.0,0.99722,3.18,0.68,10.9,0.7425942422240916,-0.1611112716195254,0.4485078474407534,0.2046139531503683,0.5647714371652309,0.9677567760752055,0.2620407148558371,0.2735489788869798,-0.837445007985578,0.12482156902198069,0.43237378701379386,5
8.9,0.28,0.45,1.7,0.067,7.0,12.0,0.99354,3.25,0.55,12.3,0.3394498590546695,-1.3635338374908619,0.9089493013645286,-0.6091061813654229,-0.4279615047698849,-0.8515695956057471,-1.0741914556847296,-1.6962305368807529,-0.3857716685498832,-0.6371765857504236,1.726671991559398,7
8.9,0.32,0.31,2.0,0.088,12.0,19.0,0.9957,3.17,0.55,10.4,0.3394498590546695,-1.1449115527869826,0.1927070397053229,-0.3871825083156616,-0.0025045296548345205,-0.37279949779497007,-0.8566652883874281,-0.5400556037127139,-0.9019697707621074,-0.6371765857504236,-0.029875571752493238,6
7.7,1.005,0.15,2.1,0.102,11.0,32.0,0.99604,3.23,0.48,10.0,-0.35165479780719794,2.5989950727669515,-0.625855545048055,-0.3132079506324078,0.2811334537551992,-0.46855351735712547,-0.4526881205495823,-0.3580651049733009,-0.5148211941029393,-1.0474832844740263,-0.39967505876552323,5
7.5,0.71,0.0,1.6,0.092,22.0,31.0,0.99635,3.38,0.58,10.0,-0.46683890728417593,0.9866557230758413,-1.3932579682543467,-0.6830807390486765,0.07853489417660377,0.5847406978265839,-0.48376328730633966,-0.1921325914168227,0.4530502475449797,-0.4613308577260231,-0.39967505876552323,6
8.0,0.58,0.16,2.0,0.12,3.0,7.0,0.99454,3.22,0.58,11.2,-0.1788786335917312,0.27613329778823315,-0.5746953835009688,-0.3871825083156616,0.6458108609966712,-1.2345856738543688,-1.2295672894685163,-1.160964364117784,-0.5793459568794659,-0.4613308577260231,0.7097234022735651,6
10.5,0.39,0.46,2.2,0.075,14.0,27.0,0.99598,3.06,0.84,11.4,1.2609227348704923,-0.7623225545551937,0.9601094629116147,-0.23923339294915397,-0.26588265710700865,-0.18129145867065927,-0.6080639543333691,-0.3901810753391111,-1.6117421613039142,1.0626654518187855,0.894623145780081,6
8.9,0.38,0.4,2.2,0.068,12.0,28.0,0.99486,3.27,0.75,12.6,0.3394498590546695,-0.8169781257311636,0.6531484936290981,-0.23923339294915397,-0.40770164881202536,-0.37279949779497007,-0.5769887875766118,-0.989679188833641,-0.25672214299682716,0.5351282677455826,2.0040216068191694,7
8.0,0.18,0.37,0.9,0.049,36.0,109.0,0.99007,2.89,0.44,12.7,-0.1788786335917312,-1.9100895492505605,0.4996680089878396,-1.2009026428314529,-0.7926389120113569,1.9252969716967596,1.9400997197207348,-3.553604156368239,-2.708663128504889,-1.2819442551732274,2.0964714785724263,6
7.0,0.5,0.14,1.8,0.078,10.0,23.0,0.99636,3.53,0.61,10.4,-0.7547991809766207,-0.1611112716195254,-0.677015706595141,-0.535131623682169,-0.20510308923342996,-0.5643075369192809,-0.7323646213603986,-0.18677992968915796,1.4209216891928986,-0.28548512970162193,-0.029875571752493238,5
11.3,0.36,0.66,2.4,0.123,3.0,8.0,0.99642,3.2,0.53,11.9,1.7216591727784043,-0.9262892680831034,1.9833126938533372,-0.09128427758264665,0.7065904288702499,-1.2345856738543688,-1.198492122711759,-0.15466395932340718,-0.7083954824325219,-0.7544070711000244,1.356872504546368,6
7.0,0.51,0.09,2.1,0.062,4.0,9.0,0.99584,3.35,0.54,10.5,-0.7547991809766207,-0.10645570044355551,-0.9328165143305717,-0.3132079506324078,-0.5292607845591828,-1.1388316542922132,-1.1674169559550016,-0.4651183395259422,0.259475959215397,-0.6957918284252239,0.06257430000076386,5
8.2,0.32,0.42,2.3,0.098,3.0,9.0,0.99506,3.27,0.55,12.3,-0.06369452411475372,-1.1449115527869826,0.75546881672327,-0.16525883526590046,0.20009402992376119,-1.2345856738543688,-1.1674169559550016,-0.8826259542810592,-0.25672214299682716,-0.6371765857504236,1.726671991559398,6
7.7,0.58,0.01,1.8,0.088,12.0,18.0,0.99568,3.32,0.56,10.5,-0.35165479780719794,0.27613329778823315,-1.3420978067072604,-0.535131623682169,-0.0025045296548345205,-0.37279949779497007,-0.8877404551441854,-0.550760927167984,0.06590167088581153,-0.5785613430756232,0.06257430000076386,7
8.6,0.83,0.0,2.8,0.095,17.0,43.0,0.99822,3.33,0.6,10.4,0.16667369483920225,1.6425225771874794,-1.3932579682543467,0.2046139531503683,0.13931446205018247,0.10597060001580692,-0.1108612862252513,0.8088151516499488,0.130426433662341,-0.3441003723764223,-0.029875571752493238,6
7.9,0.31,0.32,1.9,0.066,14.0,36.0,0.99364,3.41,0.56,12.6,-0.23647068833021995,-1.1995671239629526,0.24386720125240904,-0.4611570659989154,-0.4482213607277445,-0.18129145867065927,-0.32838745352255283,-1.642703919604462,0.6466245358745651,-0.5785613430756232,2.0040216068191694,6
6.4,0.795,0.0,2.2,0.065,28.0,52.0,0.99378,3.49,0.52,11.6,-1.100351509407554,1.4512280780715854,-1.3932579682543467,-0.23923339294915397,-0.4684812166856041,1.1592648151995164,0.16881521458556498,-1.5677666554176308,1.1628226380867894,-0.8130223137748247,1.0795228892865951,5
7.2,0.34,0.21,2.5,0.075,41.0,68.0,0.99586,3.37,0.54,10.1,-0.6396150714996427,-1.035600410435043,-0.3188945757655383,-0.017309719899392832,-0.26588265710700865,2.4040670695075366,0.6660178826936828,-0.45441301607067214,0.38852548476845306,-0.6957918284252239,-0.30722518701226614,6
7.1,0.59,0.0,2.1,0.091,9.0,14.0,0.99488,3.42,0.55,11.5,-0.6972071262381319,0.33078886896420306,-1.3932579682543467,-0.3132079506324078,0.05827503821874419,-0.6600615564814363,-1.012041122171215,-0.9789738653783709,0.7111492986510918,-0.6371765857504236,0.9870730175333381,7
7.3,0.55,0.01,1.8,0.093,9.0,15.0,0.99514,3.35,0.58,11.0,-0.5820230167611539,0.11216658426032408,-1.3420978067072604,-0.535131623682169,0.09879475013446333,-0.6600615564814363,-0.9809659554144575,-0.8398046604599788,0.259475959215397,-0.4613308577260231,0.524823658767051,7
8.1,0.82,0.0,4.1,0.095,5.0,14.0,0.99854,3.36,0.53,9.6,-0.12128657885324247,1.5878670060115094,-1.3932579682543467,1.1662832030326669,0.13931446205018247,-1.0430776347300579,-1.012041122171215,0.9801003269340917,0.32400072199192365,-0.7544070711000244,-0.7694745457785532,5
7.5,0.57,0.08,2.6,0.089,14.0,27.0,0.99592,3.3,0.59,10.4,-0.46683890728417593,0.22147772661226328,-0.9839766758776577,0.056664837783860986,0.01775532630302505,-0.18129145867065927,-0.6080639543333691,-0.42229704570486193,-0.06314785466724451,-0.4027156150512227,-0.029875571752493238,6
8.9,0.745,0.18,2.5,0.077,15.0,48.0,0.99739,3.2,0.47,9.7,0.3394498590546695,1.177950222191736,-0.4723750604067966,-0.017309719899392832,-0.22536294519128952,-0.08553743910850388,0.04451454755853553,0.36454422825668636,-0.7083954824325219,-1.1060985271488266,-0.6770246740252962,6
10.1,0.37,0.34,2.4,0.085,5.0,17.0,0.99683,3.17,0.65,10.6,1.0305545159165364,-0.8716336969071334,0.3461875243465814,-0.09128427758264665,-0.06328409752841295,-1.0430776347300579,-0.9188156219009428,0.06479517150942138,-0.9019697707621074,-0.051024159002420445,0.15502417175402095,7
7.6,0.31,0.34,2.5,0.0819999999999999,26.0,35.0,0.99356,3.22,0.59,12.5,-0.40924685254568716,-1.1995671239629526,0.3461875243465814,-0.017309719899392832,-0.12406366540199364,0.9677567760752055,-0.3594626202793102,-1.6855252134254828,-0.5793459568794659,-0.4027156150512227,1.9115717350659123,7
7.3,0.91,0.1,1.8,0.074,20.0,56.0,0.99672,3.35,0.56,9.2,-0.5820230167611539,2.0797671465952385,-0.8816563527834855,-0.535131623682169,-0.2861425130648682,0.39323265870227314,0.29311588161259444,0.005915892505525102,0.259475959215397,-0.5785613430756232,-1.1392740327915833,5
8.7,0.41,0.41,6.2,0.078,25.0,42.0,0.9953,3.24,0.77,12.6,0.224265749577691,-0.6530114122032542,0.7043086551761839,2.7197489143809963,-0.20510308923342996,0.8720027565130501,-0.14193645298200866,-0.7541620728179371,-0.4502964313264098,0.6523587530951834,2.0040216068191694,7
8.9,0.5,0.21,2.2,0.088,21.0,39.0,0.99692,3.33,0.83,11.1,0.3394498590546695,-0.1611112716195254,-0.3188945757655383,-0.23923339294915397,-0.0025045296548345205,0.48898667826442854,-0.23516195325228073,0.112969127058107,0.130426433662341,1.0040502091439851,0.6172735305203081,6
7.4,0.965,0.0,2.2,0.088,16.0,32.0,0.99756,3.58,0.67,10.2,-0.5244309620226647,2.3803727880630725,-1.3932579682543467,-0.23923339294915397,-0.0025045296548345205,0.010216580453651524,-0.4526881205495823,0.45553947762639285,1.74354550307554,0.06620632634718031,-0.21477531525900906,5
6.9,0.49,0.19,1.7,0.079,13.0,26.0,0.99547,3.38,0.64,9.8,-0.8123912357151094,-0.2157668427954953,-0.4212148988597105,-0.6091061813654229,-0.18484323327557037,-0.27704547823281467,-0.6391391210901265,-0.6631668234482306,0.4530502475449797,-0.10963940167722082,-0.5845748022720374,6
9.5,0.39,0.41,8.9,0.069,18.0,39.0,0.99859,3.29,0.81,10.9,0.6850021874856029,-0.7623225545551937,0.7043086551761839,4.717061971828848,-0.3874417928541658,0.20172461957796234,-0.23516195325228073,1.0068636355722371,-0.1276726174437711,0.886819723794385,0.43237378701379386,7
6.4,0.39,0.33,3.3,0.046,12.0,53.0,0.99294,3.36,0.62,12.2,-1.100351509407554,-0.7623225545551937,0.2950273627994952,0.574486741566637,-0.8534184798849357,-0.37279949779497007,0.19989038134232234,-2.0173902405384987,0.32400072199192365,-0.22686988702682157,1.6342221198061393,6
6.9,0.44,0.0,1.4,0.07,32.0,38.0,0.99438,3.32,0.58,11.4,-0.8123912357151094,-0.4890446986753445,-1.3932579682543467,-0.8310298544151842,-0.36718193689630624,1.542280893448138,-0.2662371200090381,-1.2466069517598257,0.06590167088581153,-0.4613308577260231,0.894623145780081,6
7.6,0.78,0.0,1.7,0.076,33.0,45.0,0.99612,3.31,0.62,10.7,-0.40924685254568716,1.3692447213076304,-1.3932579682543467,-0.6091061813654229,-0.24562280114914908,1.6380349130102936,-0.04871095271173656,-0.31524381115228,0.0013769081092849425,-0.22686988702682157,0.24747404350727803,6
7.1,0.43,0.17,1.8,0.0819999999999999,27.0,51.0,0.99634,3.49,0.64,10.4,-0.6972071262381319,-0.5437002698513144,-0.5235352219538827,-0.535131623682169,-0.12406366540199364,1.0635107956373608,0.1377400478288076,-0.19748525314442805,1.1628226380867894,-0.10963940167722082,-0.029875571752493238,5
9.3,0.49,0.36,1.7,0.081,3.0,14.0,0.99702,3.27,0.78,10.9,0.5698180780086255,-0.2157668427954953,0.4485078474407534,-0.6091061813654229,-0.14432352135985124,-1.2345856738543688,-1.012041122171215,0.16649574433439795,-0.25672214299682716,0.7109739957699838,0.43237378701379386,6
9.3,0.5,0.36,1.8,0.084,6.0,17.0,0.99704,3.27,0.77,10.8,0.5698180780086255,-0.1611112716195254,0.4485078474407534,-0.535131623682169,-0.08354395348627253,-0.9473236151679025,-0.9188156219009428,0.17720106778966802,-0.25672214299682716,0.6523587530951834,0.3399239152605368,6
8.5,0.46,0.59,1.4,0.414,16.0,45.0,0.99702,3.03,1.34,9.2,0.10908164010071351,-0.3797335563234047,1.625191563023734,-0.8310298544151842,6.60220851260738,0.010216580453651524,-0.04871095271173656,0.16649574433439795,-1.8053164496334997,3.9934275855588024,-1.1392740327915833,5
5.6,0.605,0.05,2.4,0.073,19.0,25.0,0.99258,3.56,0.55,12.9,-1.561087947315466,0.4127722257281579,-1.137457160518916,-0.09128427758264665,-0.3064023690227278,0.29747863914011774,-0.6702142878468839,-2.2100860627331818,1.614495977522484,-0.6371765857504236,2.2813712220789424,5
8.3,0.33,0.42,2.3,0.07,9.0,20.0,0.99426,3.38,0.77,12.7,-0.0061024693762639646,-1.0902559816110127,0.75546881672327,-0.16525883526590046,-0.36718193689630624,-0.6600615564814363,-0.8255901216306707,-1.3108388924913867,0.4530502475449797,0.6523587530951834,2.0964714785724263,7
8.2,0.64,0.27,2.0,0.095,5.0,77.0,0.99747,3.13,0.62,9.1,-0.06369452411475372,0.6040667248440525,-0.011933606483021464,-0.3871825083156616,0.13931446205018247,-1.0430776347300579,0.9456943835044991,0.4073655220777072,-1.1600688218682194,-0.22686988702682157,-1.2317239045448403,6
8.9,0.48,0.53,4.0,0.1009999999999999,3.0,10.0,0.99586,3.21,0.59,12.1,0.3394498590546695,-0.2704224139714652,1.3182305937412175,1.0923086453494135,0.26087359779733765,-1.2345856738543688,-1.1363417891982444,-0.45441301607067214,-0.6438707196559953,-0.4027156150512227,1.5417722480528822,7
7.6,0.42,0.25,3.9,0.104,28.0,90.0,0.99784,3.15,0.57,9.1,-0.40924685254568716,-0.5983558410272842,-0.11425392957719378,1.0183340876661597,0.32165316567091834,1.1592648151995164,1.3496715513423447,0.6054140059999956,-1.0310192963151634,-0.5199461004008235,-1.2317239045448403,5
9.9,0.53,0.57,2.4,0.093,30.0,52.0,0.9971,3.19,0.76,11.6,0.9153704064395589,0.002855441908384288,1.5228712399295616,-0.09128427758264665,0.09879475013446333,1.350772854323827,0.16881521458556498,0.20931703815541883,-0.7729202452090513,0.5937435104203831,1.0795228892865951,7
11.6,0.23,0.57,1.8,0.074,3.0,8.0,0.9981,3.14,0.7,9.9,1.8944353369938705,-1.6368116933707115,1.5228712399295616,-0.535131623682169,-0.2861425130648682,-1.2345856738543688,-1.198492122711759,0.7445832109183878,-1.09554405909169,0.2420520543715808,-0.4921249305187803,6
9.1,0.4,0.5,1.8,0.071,7.0,16.0,0.99462,3.21,0.69,12.5,0.45463396853164695,-0.7076669833792237,1.164750109099959,-0.535131623682169,-0.34692208093844695,-0.8515695956057471,-0.9498907886577002,-1.1181430702967632,-0.6438707196559953,0.18343681169678042,1.9115717350659123,8
8.0,0.38,0.44,1.9,0.098,6.0,15.0,0.9956,3.3,0.64,11.4,-0.1788786335917312,-0.8169781257311636,0.8577891398174424,-0.4611570659989154,0.20009402992376119,-0.9473236151679025,-0.9809659554144575,-0.5935822209890048,-0.06314785466724451,-0.10963940167722082,0.894623145780081,6
10.2,0.29,0.65,2.4,0.075,6.0,17.0,0.99565,3.22,0.63,11.8,1.088146570655025,-1.3088782663148923,1.932152532306251,-0.09128427758264665,-0.26588265710700865,-0.9473236151679025,-0.9188156219009428,-0.5668189123508593,-0.5793459568794659,-0.1682546443520212,1.264422632793111,6
8.2,0.74,0.09,2.0,0.067,5.0,10.0,0.99418,3.28,0.57,11.8,-0.06369452411475372,1.150622436603751,-0.9328165143305717,-0.3871825083156616,-0.4279615047698849,-1.0430776347300579,-1.1363417891982444,-1.353660186312467,-0.19219738022030056,-0.5199461004008235,1.264422632793111,6
7.7,0.61,0.18,2.4,0.083,6.0,20.0,0.9963,3.29,0.6,10.2,-0.35165479780719794,0.44010001131614285,-0.4723750604067966,-0.09128427758264665,-0.10380380944413209,-0.9473236151679025,-0.8255901216306707,-0.2188959000549682,-0.1276726174437711,-0.3441003723764223,-0.21477531525900906,6
6.6,0.52,0.08,2.4,0.07,13.0,26.0,0.99358,3.4,0.72,12.5,-0.9851673999305766,-0.05180012926758561,-0.9839766758776577,-0.09128427758264665,-0.36718193689630624,-0.27704547823281467,-0.6391391210901265,-1.6748198899702127,0.5820997730980357,0.35928253972118157,1.9115717350659123,7
11.1,0.31,0.53,2.2,0.06,3.0,10.0,0.99572,3.02,0.83,10.9,1.6064750633014258,-1.1995671239629526,1.3182305937412175,-0.23923339294915397,-0.5697804964749019,-1.2345856738543688,-1.1363417891982444,-0.5293502802574438,-1.8698412124100263,1.0040502091439851,0.43237378701379386,7
8.0,0.62,0.35,2.8,0.086,28.0,52.0,0.997,3.31,0.62,10.8,-0.1788786335917312,0.49475558249211277,0.39734768589366726,0.2046139531503683,-0.043024241570553665,1.1592648151995164,0.16881521458556498,0.15579042087912787,0.0013769081092849425,-0.22686988702682157,0.3399239152605368,5
9.3,0.33,0.45,1.5,0.057,19.0,37.0,0.99498,3.18,0.89,11.1,0.5698180780086255,-1.0902559816110127,0.9089493013645286,-0.7570552967319304,-0.6305600643484806,0.29747863914011774,-0.29731228676579546,-0.92544724810208,-0.837445007985578,1.3557416651927874,0.6172735305203081,7
7.5,0.77,0.2,8.1,0.098,30.0,92.0,0.99892,3.2,0.58,9.2,-0.46683890728417593,1.3145891501316607,-0.3700547373126243,4.1252655103628175,0.20009402992376119,1.350772854323827,1.4118218848558595,1.183501472584045,-0.7083954824325219,-0.4613308577260231,-1.1392740327915833,5
7.2,0.35,0.26,1.8,0.083,33.0,75.0,0.9968,3.4,0.58,9.5,-0.6396150714996427,-0.9809448392590733,-0.06309376803010762,-0.535131623682169,-0.10380380944413209,1.6380349130102936,0.8835440499909843,0.04873718632654597,0.5820997730980357,-0.4613308577260231,-0.8619244175318104,6
8.0,0.62,0.33,2.7,0.088,16.0,37.0,0.9972,3.31,0.58,10.7,-0.1788786335917312,0.49475558249211277,0.2950273627994952,0.1306393954671148,-0.0025045296548345205,0.010216580453651524,-0.29731228676579546,0.2628436554317098,0.0013769081092849425,-0.4613308577260231,0.24747404350727803,6
9.1,0.25,0.34,2.0,0.071,45.0,67.0,0.99769,3.44,0.86,10.2,0.45463396853164695,-1.5275005510187716,0.3461875243465814,-0.3871825083156616,-0.34692208093844695,2.7870831477561584,0.6349427159369254,0.5251240800855592,0.8401988242041478,1.1798959371683861,-0.21477531525900906,7
9.9,0.32,0.56,2.0,0.073,3.0,8.0,0.99534,3.15,0.73,11.4,0.9153704064395589,-1.1449115527869826,1.471711078382476,-0.3871825083156616,-0.3064023690227278,-1.2345856738543688,-1.198492122711759,-0.732751425907397,-1.0310192963151634,0.4178977823959819,0.894623145780081,6
8.6,0.37,0.65,6.4,0.08,3.0,8.0,0.99817,3.27,0.58,11.0,0.16667369483920225,-0.8716336969071334,1.932152532306251,2.867698029747504,-0.1645833773177108,-1.2345856738543688,-1.198492122711759,0.7820518430118033,-0.25672214299682716,-0.4613308577260231,0.524823658767051,5
7.9,0.3,0.68,8.3,0.05,37.5,145.84000000000015,0.99316,3.01,0.51,12.3,-0.23647068833021995,-1.2542226951389224,2.0856330169475092,4.2732146257293255,-0.7723790560534973,2.0689280010399926,3.0849088630396806,-1.8996316825306465,-1.9343659751865558,-0.871637556449625,1.726671991559398,7
10.3,0.27,0.56,1.4,0.047,3.0,8.0,0.99471,3.16,0.51,11.8,1.145738625393515,-1.4181894086668319,1.471711078382476,-0.8310298544151842,-0.8331586239270761,-1.2345856738543688,-1.198492122711759,-1.0699691147480774,-0.966494533538634,-0.871637556449625,1.264422632793111,6
7.9,0.3,0.68,8.3,0.05,37.5,145.84000000000015,0.99316,3.01,0.51,12.3,-0.23647068833021995,-1.2542226951389224,2.0856330169475092,4.2732146257293255,-0.7723790560534973,2.0689280010399926,3.0849088630396806,-1.8996316825306465,-1.9343659751865558,-0.871637556449625,1.726671991559398,7
7.2,0.38,0.3,1.8,0.073,31.0,70.0,0.99685,3.42,0.59,9.5,-0.6396150714996427,-0.8169781257311636,0.14154687815823674,-0.535131623682169,-0.3064023690227278,1.4465268738859824,0.7281682162071975,0.07550049496469145,0.7111492986510918,-0.4027156150512227,-0.8619244175318104,6
8.7,0.42,0.45,2.4,0.072,32.0,59.0,0.99617,3.33,0.77,12.0,0.224265749577691,-0.5983558410272842,0.9089493013645286,-0.09128427758264665,-0.3266622249805874,1.542280893448138,0.38634138188286654,-0.28848050251413454,0.130426433662341,0.6523587530951834,1.4493223762996252,6
6.8,0.48,0.08,1.8,0.074,40.0,64.0,0.99529,3.12,0.49,9.6,-0.8699832904535987,-0.2704224139714652,-0.9839766758776577,-0.535131623682169,-0.2861425130648682,2.3083130499453812,0.5417172156666533,-0.7595147345455424,-1.224593584644746,-0.9888680417992258,-0.7694745457785532,5
8.5,0.34,0.4,4.7,0.055,3.0,9.0,0.99738,3.38,0.66,11.6,0.10908164010071351,-1.035600410435043,0.6531484936290981,1.6101305491321898,-0.6710797762641997,-1.2345856738543688,-1.1674169559550016,0.359191566529081,0.4530502475449797,0.007591083672379936,1.0795228892865951,7
7.9,0.19,0.42,1.6,0.057,18.0,30.0,0.994,3.29,0.69,11.2,-0.23647068833021995,-1.8554339780745908,0.75546881672327,-0.6830807390486765,-0.6305600643484806,0.20172461957796234,-0.514838454063097,-1.4500080974097789,-0.1276726174437711,0.18343681169678042,0.7097234022735651,6
11.6,0.41,0.54,1.5,0.095,22.0,41.0,0.99735,3.02,0.76,9.9,1.8944353369938705,-0.6530114122032542,1.3693907552883038,-0.7570552967319304,0.13931446205018247,0.5847406978265839,-0.17301161973876603,0.3431335813461462,-1.8698412124100263,0.5937435104203831,-0.4921249305187803,7
10.0,0.26,0.54,1.9,0.083,42.0,74.0,0.99451,2.98,0.63,11.8,0.9729624611780476,-1.4728449798428018,1.3693907552883038,-0.4611570659989154,-0.10380380944413209,2.499821089069692,0.852468883234227,-1.1770223493006593,-2.1279402635161384,-0.1682546443520212,1.264422632793111,8
7.9,0.34,0.42,2.0,0.086,8.0,19.0,0.99546,3.35,0.6,11.4,-0.23647068833021995,-1.035600410435043,0.75546881672327,-0.3871825083156616,-0.043024241570553665,-0.7558155760435917,-0.8566652883874281,-0.6685194851758359,0.259475959215397,-0.3441003723764223,0.894623145780081,6
7.0,0.54,0.09,2.0,0.081,10.0,16.0,0.99479,3.43,0.59,11.5,-0.7547991809766207,0.05751101308435418,-0.9328165143305717,-0.3871825083156616,-0.14432352135985124,-0.5643075369192809,-0.9498907886577002,-1.0271478209270566,0.7756740614276212,-0.4027156150512227,0.9870730175333381,6
9.2,0.31,0.36,2.2,0.079,11.0,31.0,0.99615,3.33,0.86,12.0,0.5122260232701357,-1.1995671239629526,0.4485078474407534,-0.23923339294915397,-0.18484323327557037,-0.46855351735712547,-0.48376328730633966,-0.29918582596940463,0.130426433662341,1.1798959371683861,1.4493223762996252,7
6.6,0.725,0.09,5.5,0.1169999999999999,9.0,17.0,0.99655,3.35,0.49,10.8,-0.9851673999305766,1.068639079839796,-0.9328165143305717,2.2019270105982196,0.5850312931230905,-0.6600615564814363,-0.9188156219009428,-0.0850793568641814,0.259475959215397,-0.9888680417992258,0.3399239152605368,6
9.4,0.4,0.47,2.5,0.087,6.0,20.0,0.99772,3.15,0.5,10.5,0.6274101327471142,-0.7076669833792237,1.0112696244587007,-0.017309719899392832,-0.02276438561269409,-0.9473236151679025,-0.8255901216306707,0.541182065268494,-1.0310192963151634,-0.9302527991244255,0.06257430000076386,5
8.6,0.52,0.38,1.5,0.096,5.0,18.0,0.99666,3.2,0.52,9.4,0.16667369483920225,-0.05180012926758561,0.5508281705349257,-0.7570552967319304,0.15957431800804206,-1.0430776347300579,-0.8877404551441854,-0.026200077860285123,-0.7083954824325219,-0.8130223137748247,-0.9543742892850674,5
8.0,0.31,0.45,2.1,0.216,5.0,16.0,0.99358,3.15,0.81,12.5,-0.1788786335917312,-1.1995671239629526,0.9089493013645286,-0.3132079506324078,2.590757032951188,-1.0430776347300579,-0.9498907886577002,-1.6748198899702127,-1.0310192963151634,0.886819723794385,1.9115717350659123,7
8.4,0.34,0.42,2.1,0.072,23.0,36.0,0.99392,3.11,0.78,12.4,0.051489585362224775,-1.035600410435043,0.75546881672327,-0.3132079506324078,-0.3266622249805874,0.6804947173887393,-0.32838745352255283,-1.4928293912307997,-1.2891183474212755,0.7109739957699838,1.8191218633126551,6
7.4,0.49,0.27,2.1,0.071,14.0,25.0,0.99388,3.35,0.63,12.0,-0.5244309620226647,-0.2157668427954953,-0.011933606483021464,-0.3132079506324078,-0.34692208093844695,-0.18129145867065927,-0.6702142878468839,-1.51424003814134,0.259475959215397,-0.1682546443520212,1.4493223762996252,6
6.1,0.48,0.09,1.7,0.078,18.0,30.0,0.99402,3.45,0.54,11.2,-1.2731276736230213,-0.2704224139714652,-0.9328165143305717,-0.6091061813654229,-0.20510308923342996,0.20172461957796234,-0.514838454063097,-1.4393027739545088,0.9047235869806772,-0.6957918284252239,0.7097234022735651,6
8.0,0.48,0.34,2.2,0.073,16.0,25.0,0.9936,3.28,0.66,12.4,-0.1788786335917312,-0.2704224139714652,0.3461875243465814,-0.23923339294915397,-0.3064023690227278,0.010216580453651524,-0.6702142878468839,-1.6641145665149426,-0.19219738022030056,0.007591083672379936,1.8191218633126551,6
6.3,0.57,0.28,2.1,0.048,13.0,49.0,0.99374,3.41,0.6,12.8,-1.1579435641460434,0.22147772661226328,0.039226555064064694,-0.3132079506324078,-0.8128987679692166,-0.27704547823281467,0.07558971431529289,-1.589177302328171,0.6466245358745651,-0.3441003723764223,2.188921350325685,5
8.2,0.23,0.42,1.9,0.069,9.0,17.0,0.99376,3.21,0.54,12.3,-0.06369452411475372,-1.6368116933707115,0.75546881672327,-0.4611570659989154,-0.3874417928541658,-0.6600615564814363,-0.9188156219009428,-1.578471978872901,-0.6438707196559953,-0.6957918284252239,1.726671991559398,6
9.1,0.3,0.41,2.0,0.068,10.0,24.0,0.99523,3.27,0.85,11.7,0.45463396853164695,-1.2542226951389224,0.7043086551761839,-0.3871825083156616,-0.40770164881202536,-0.5643075369192809,-0.7012894546036412,-0.7916307049113527,-0.25672214299682716,1.1212806944935858,1.1719727610398523,7
8.1,0.78,0.1,3.3,0.09,4.0,13.0,0.99855,3.36,0.49,9.5,-0.12128657885324247,1.3692447213076304,-0.8816563527834855,0.574486741566637,0.03801518226088462,-1.1388316542922132,-1.0431162889279721,0.9854529886617565,0.32400072199192365,-0.9888680417992258,-0.8619244175318104,5
10.8,0.47,0.43,2.1,0.171,27.0,66.0,0.9982,3.17,0.76,10.8,1.4336988990859596,-0.3250779851474351,0.8066289782703563,-0.3132079506324078,1.6790635148475088,1.0635107956373608,0.603867549180168,0.7981098281946787,-0.9019697707621074,0.5937435104203831,0.3399239152605368,6
8.3,0.53,0.0,1.4,0.07,6.0,14.0,0.99593,3.25,0.64,10.0,-0.0061024693762639646,0.002855441908384288,-1.3932579682543467,-0.8310298544151842,-0.36718193689630624,-0.9473236151679025,-1.012041122171215,-0.4169443839772566,-0.3857716685498832,-0.10963940167722082,-0.39967505876552323,6
5.4,0.42,0.27,2.0,0.092,23.0,55.0,0.99471,3.78,0.64,12.3,-1.6762720567924436,-0.5983558410272842,-0.011933606483021464,-0.3871825083156616,0.07853489417660377,0.6804947173887393,0.2620407148558371,-1.0699691147480774,3.0340407586060976,-0.10963940167722082,1.726671991559398,7
7.9,0.33,0.41,1.5,0.0559999999999999,6.0,35.0,0.99396,3.29,0.71,11.0,-0.23647068833021995,-1.0902559816110127,0.7043086551761839,-0.7570552967319304,-0.6508199203063422,-0.9473236151679025,-0.3594626202793102,-1.471418744320319,-0.1276726174437711,0.3006672970463812,0.524823658767051,6
8.9,0.24,0.39,1.6,0.074,3.0,10.0,0.99698,3.12,0.59,9.5,0.3394498590546695,-1.5821561221947416,0.6019883320820119,-0.6830807390486765,-0.2861425130648682,-1.2345856738543688,-1.1363417891982444,0.1450850974238578,-1.224593584644746,-0.4027156150512227,-0.8619244175318104,6
5.0,0.4,0.5,4.3,0.046,29.0,80.0,0.9902,3.49,0.66,13.6,-1.9066402757463996,-0.7076669833792237,1.164750109099959,1.3142323183991746,-0.8534184798849357,1.2550188347616718,1.038919883774771,-3.4840195539090724,1.1628226380867894,0.007591083672379936,2.9285203243517435,6
7.0,0.69,0.07,2.5,0.091,15.0,21.0,0.99572,3.38,0.6,11.3,-0.7547991809766207,0.8773445807239014,-1.0351368374247438,-0.017309719899392832,0.05827503821874419,-0.08553743910850388,-0.7945149548739133,-0.5293502802574438,0.4530502475449797,-0.3441003723764223,0.8021732740268238,6
7.1,0.39,0.12,2.1,0.065,14.0,24.0,0.99252,3.3,0.53,13.3,-0.6972071262381319,-0.7623225545551937,-0.7793360296893133,-0.3132079506324078,-0.4684812166856041,-0.18129145867065927,-0.7012894546036412,-2.242202033098992,-0.06314785466724451,-0.7544070711000244,2.6511707090919723,6
5.6,0.66,0.0,2.5,0.066,7.0,15.0,0.99256,3.52,0.58,12.9,-1.561087947315466,0.7133778671959924,-1.3932579682543467,-0.017309719899392832,-0.4482213607277445,-0.8515695956057471,-0.9809659554144575,-2.2207913861884516,1.356396926416372,-0.4613308577260231,2.2813712220789424,5
7.9,0.54,0.34,2.5,0.076,8.0,17.0,0.99235,3.2,0.72,13.1,-0.23647068833021995,0.05751101308435418,0.3461875243465814,-0.017309719899392832,-0.24562280114914908,-0.7558155760435917,-0.9188156219009428,-2.3331972824686984,-0.7083954824325219,0.35928253972118157,2.466270965585456,8
6.6,0.5,0.0,1.8,0.062,21.0,28.0,0.99352,3.44,0.55,12.3,-0.9851673999305766,-0.1611112716195254,-1.3932579682543467,-0.535131623682169,-0.5292607845591828,0.48898667826442854,-0.5769887875766118,-1.706935860336023,0.8401988242041478,-0.6371765857504236,1.726671991559398,6
6.3,0.47,0.0,1.4,0.055,27.0,33.0,0.9922,3.45,0.48,12.3,-1.1579435641460434,-0.3250779851474351,-1.3932579682543467,-0.8310298544151842,-0.6710797762641997,1.0635107956373608,-0.42161295379282493,-2.4134872083831347,0.9047235869806772,-1.0474832844740263,1.726671991559398,6
10.7,0.4,0.37,1.9,0.081,17.0,29.0,0.99674,3.12,0.65,11.2,1.3761068443474698,-0.7076669833792237,0.4996680089878396,-0.4611570659989154,-0.14432352135985124,0.10597060001580692,-0.5459136208198544,0.01662121596073575,-1.224593584644746,-0.051024159002420445,0.7097234022735651,6
6.5,0.58,0.0,2.2,0.096,3.0,13.0,0.99557,3.62,0.62,11.5,-1.0427594546690653,0.27613329778823315,-1.3932579682543467,-0.23923339294915397,0.15957431800804206,-1.2345856738543688,-1.0431162889279721,-0.6096402061719397,2.0016445541816523,-0.22686988702682157,0.9870730175333381,4
8.8,0.24,0.35,1.7,0.055,13.0,27.0,0.99394,3.14,0.59,11.3,0.28185780431618074,-1.5821561221947416,0.39734768589366726,-0.6091061813654229,-0.6710797762641997,-0.27704547823281467,-0.6080639543333691,-1.4821240677755296,-1.09554405909169,-0.4027156150512227,0.8021732740268238,7
5.8,0.29,0.26,1.7,0.063,3.0,11.0,0.9915,3.39,0.54,13.5,-1.445903837838488,-1.3088782663148923,-0.06309376803010762,-0.6091061813654229,-0.5090009286013232,-1.2345856738543688,-1.1052666224414869,-2.7881735293171714,0.5175750103215091,-0.6957918284252239,2.8360704525984866,6
6.3,0.76,0.0,2.9,0.072,26.0,52.0,0.99379,3.51,0.6,11.5,-1.1579435641460434,1.2599335789556907,-1.3932579682543467,0.2785885108336221,-0.3266622249805874,0.9677567760752055,0.16881521458556498,-1.5624139936900254,1.2918721636398425,-0.3441003723764223,0.9870730175333381,6
10.0,0.43,0.33,2.7,0.095,28.0,89.0,0.9984,3.22,0.68,10.0,0.9729624611780476,-0.5437002698513144,0.2950273627994952,0.1306393954671148,0.13931446205018247,1.1592648151995164,1.3185963845855875,0.9051630627472605,-0.5793459568794659,0.12482156902198069,-0.39967505876552323,5
10.5,0.43,0.35,3.3,0.092,24.0,70.0,0.99798,3.21,0.69,10.5,1.2609227348704923,-0.5437002698513144,0.39734768589366726,0.574486741566637,0.07853489417660377,0.7762487369508947,0.7281682162071975,0.6803512701868267,-0.6438707196559953,0.18343681169678042,0.06257430000076386,6
9.1,0.6,0.0,1.9,0.0579999999999999,5.0,10.0,0.9977,3.18,0.63,10.4,0.45463396853164695,0.385444440140173,-1.3932579682543467,-0.4611570659989154,-0.610300208390623,-1.0430776347300579,-1.1363417891982444,0.5304767418132239,-0.837445007985578,-0.1682546443520212,-0.029875571752493238,6
5.9,0.19,0.21,1.7,0.045,57.0,135.0,0.99341,3.32,0.44,9.5,-1.3883117830999987,-1.8554339780745908,-0.3188945757655383,-0.6091061813654229,-0.8736783358427952,3.936131382502023,2.7480540553964263,-1.7658151393399193,0.06590167088581153,-1.2819442551732274,-0.8619244175318104,5
7.4,0.36,0.34,1.8,0.075,18.0,38.0,0.9933,3.38,0.88,13.6,-0.5244309620226647,-0.9262892680831034,0.3461875243465814,-0.535131623682169,-0.26588265710700865,0.20172461957796234,-0.2662371200090381,-1.824694418343875,0.4530502475449797,1.297126422517987,2.9285203243517435,7
7.2,0.48,0.07,5.5,0.089,10.0,18.0,0.99684,3.37,0.68,11.2,-0.6396150714996427,-0.2704224139714652,-1.0351368374247438,2.2019270105982196,0.01775532630302505,-0.5643075369192809,-0.8877404551441854,0.0701478332370267,0.38852548476845306,0.12482156902198069,0.7097234022735651,7
8.5,0.28,0.35,1.7,0.061,6.0,15.0,0.99524,3.3,0.74,11.8,0.10908164010071351,-1.3635338374908619,0.39734768589366726,-0.6091061813654229,-0.5495206405170424,-0.9473236151679025,-0.9809659554144575,-0.7862780431836879,-0.06314785466724451,0.4765130250707823,1.264422632793111,7
8.0,0.25,0.43,1.7,0.067,22.0,50.0,0.9946,3.38,0.6,11.9,-0.1788786335917312,-1.5275005510187716,0.8066289782703563,-0.6091061813654229,-0.4279615047698849,0.5847406978265839,0.10666488107205026,-1.1288483937519738,0.4530502475449797,-0.3441003723764223,1.356872504546368,6
10.4,0.52,0.45,2.0,0.08,6.0,13.0,0.99774,3.22,0.76,11.4,1.2033306801320036,-0.05180012926758561,0.9089493013645286,-0.3871825083156616,-0.1645833773177108,-0.9473236151679025,-1.0431162889279721,0.5518873887237047,-0.5793459568794659,0.5937435104203831,0.894623145780081,6
7.5,0.41,0.15,3.7,0.104,29.0,94.0,0.99786,3.14,0.58,9.1,-0.46683890728417593,-0.6530114122032542,-0.625855545048055,0.8703849722996524,0.32165316567091834,1.2550188347616718,1.4739722183693742,0.6161193294552657,-1.09554405909169,-0.4613308577260231,-1.2317239045448403,5
8.2,0.51,0.24,2.0,0.079,16.0,86.0,0.99764,3.34,0.64,9.5,-0.06369452411475372,-0.10645570044355551,-0.16541409112427993,-0.3871825083156616,-0.18484323327557037,0.010216580453651524,1.2253708843153153,0.4983607714474137,0.19495119643886757,-0.10963940167722082,-0.8619244175318104,6
7.3,0.4,0.3,1.7,0.08,33.0,79.0,0.9969,3.41,0.65,9.5,-0.5820230167611539,-0.7076669833792237,0.14154687815823674,-0.6091061813654229,-0.1645833773177108,1.6380349130102936,1.0078447170180138,0.10226380360283692,0.6466245358745651,-0.051024159002420445,-0.8619244175318104,6
8.2,0.38,0.32,2.5,0.08,24.0,71.0,0.99624,3.27,0.85,11.0,-0.06369452411475372,-0.8169781257311636,0.24386720125240904,-0.017309719899392832,-0.1645833773177108,0.7762487369508947,0.7592433829639549,-0.251011870420719,-0.25672214299682716,1.1212806944935858,0.524823658767051,6
6.9,0.45,0.11,2.4,0.043,6.0,12.0,0.99354,3.3,0.65,11.4,-0.8123912357151094,-0.4343891274993746,-0.8304961912363995,-0.09128427758264665,-0.9141980477585143,-0.9473236151679025,-1.0741914556847296,-1.6962305368807529,-0.06314785466724451,-0.051024159002420445,0.894623145780081,6
7.0,0.22,0.3,1.8,0.065,16.0,20.0,0.99672,3.61,0.82,10.0,-0.7547991809766207,-1.6914672645466813,0.14154687815823674,-0.535131623682169,-0.4684812166856041,0.010216580453651524,-0.8255901216306707,0.005915892505525102,1.9371197914051228,0.9454349664691847,-0.39967505876552323,6
7.3,0.32,0.23,2.3,0.066,35.0,70.0,0.99588,3.43,0.62,10.1,-0.5820230167611539,-1.1449115527869826,-0.21657425267136596,-0.16525883526590046,-0.4482213607277445,1.8295429521346043,0.7281682162071975,-0.44370769261540205,0.7756740614276212,-0.22686988702682157,-0.30722518701226614,5
8.2,0.2,0.43,2.5,0.076,31.0,51.0,0.99672,3.53,0.81,10.4,-0.06369452411475372,-1.8007784068986208,0.8066289782703563,-0.017309719899392832,-0.24562280114914908,1.4465268738859824,0.1377400478288076,0.005915892505525102,1.4209216891928986,0.886819723794385,-0.029875571752493238,6
7.8,0.5,0.12,1.8,0.178,6.0,21.0,0.996,3.28,0.87,9.8,-0.2940627430687092,-0.1611112716195254,-0.7793360296893133,-0.535131623682169,1.8208825065525251,-0.9473236151679025,-0.7945149548739133,-0.37947575188384103,-0.19219738022030056,1.2385111798431865,-0.5845748022720374,6
10.0,0.41,0.45,6.2,0.071,6.0,14.0,0.99702,3.21,0.49,11.8,0.9729624611780476,-0.6530114122032542,0.9089493013645286,2.7197489143809963,-0.34692208093844695,-0.9473236151679025,-1.012041122171215,0.16649574433439795,-0.6438707196559953,-0.9888680417992258,1.264422632793111,7
7.8,0.39,0.42,2.0,0.086,9.0,21.0,0.99526,3.39,0.66,11.6,-0.2940627430687092,-0.7623225545551937,0.75546881672327,-0.3871825083156616,-0.043024241570553665,-0.6600615564814363,-0.7945149548739133,-0.7755727197284178,0.5175750103215091,0.007591083672379936,1.0795228892865951,6
10.0,0.35,0.47,2.0,0.061,6.0,11.0,0.99585,3.23,0.52,12.0,0.9729624611780476,-0.9809448392590733,1.0112696244587007,-0.3871825083156616,-0.5495206405170424,-0.9473236151679025,-1.1052666224414869,-0.4597656777982775,-0.5148211941029393,-0.8130223137748247,1.4493223762996252,6
8.2,0.33,0.32,2.8,0.067,4.0,12.0,0.99473,3.3,0.76,12.8,-0.06369452411475372,-1.0902559816110127,0.24386720125240904,0.2046139531503683,-0.4279615047698849,-1.1388316542922132,-1.0741914556847296,-1.0592637912928073,-0.06314785466724451,0.5937435104203831,2.188921350325685,7
6.1,0.58,0.23,2.5,0.044,16.0,70.0,0.99352,3.46,0.65,12.5,-1.2731276736230213,0.27613329778823315,-0.21657425267136596,-0.017309719899392832,-0.8939381918006548,0.010216580453651524,0.7281682162071975,-1.706935860336023,0.9692483497572039,-0.051024159002420445,1.9115717350659123,6
8.3,0.6,0.25,2.2,0.118,9.0,38.0,0.99616,3.15,0.53,9.8,-0.0061024693762639646,0.385444440140173,-0.11425392957719378,-0.23923339294915397,0.605291149080952,-0.6600615564814363,-0.2662371200090381,-0.2938331642417399,-1.0310192963151634,-0.7544070711000244,-0.5845748022720374,5
9.6,0.42,0.35,2.1,0.083,17.0,38.0,0.99622,3.23,0.66,11.1,0.7425942422240916,-0.5983558410272842,0.39734768589366726,-0.3132079506324078,-0.10380380944413209,0.10597060001580692,-0.2662371200090381,-0.2617171938759891,-0.5148211941029393,0.007591083672379936,0.6172735305203081,6
6.6,0.58,0.0,2.2,0.1,50.0,63.0,0.99544,3.59,0.68,11.4,-0.9851673999305766,0.27613329778823315,-1.3932579682543467,-0.23923339294915397,0.24061374183948034,3.265853245566935,0.510642048909896,-0.679224808631106,1.8080702658520666,0.12482156902198069,0.894623145780081,6
8.5,0.18,0.51,1.75,0.071,45.0,88.0,0.99524,3.33,0.76,11.8,0.10908164010071351,-1.9100895492505605,1.2159102706470453,-0.5721189025237959,-0.34692208093844695,2.7870831477561584,1.28752121782883,-0.7862780431836879,0.130426433662341,0.5937435104203831,1.264422632793111,7
5.1,0.51,0.18,2.1,0.042,16.0,101.0,0.9924,3.46,0.87,12.9,-1.8490482210079107,-0.10645570044355551,-0.4723750604067966,-0.3132079506324078,-0.9344579037163738,0.010216580453651524,1.6914983856666759,-2.306433973830553,0.9692483497572039,1.2385111798431865,2.2813712220789424,7
6.7,0.41,0.43,2.8,0.076,22.0,54.0,0.99572,3.42,1.16,10.6,-0.9275753451920874,-0.6530114122032542,0.8066289782703563,0.2046139531503683,-0.24562280114914908,0.5847406978265839,0.2309655480990797,-0.5293502802574438,0.7111492986510918,2.9383532174123954,0.15502417175402095,6
10.2,0.41,0.43,2.2,0.11,11.0,37.0,0.99728,3.16,0.67,10.8,1.088146570655025,-0.6530114122032542,0.8066289782703563,-0.23923339294915397,0.44321230141807577,-0.46855351735712547,-0.29731228676579546,0.3056649492527901,-0.966494533538634,0.06620632634718031,0.3399239152605368,5
10.6,0.36,0.57,2.3,0.087,6.0,20.0,0.99676,3.14,0.72,11.1,1.318514789608981,-0.9262892680831034,1.5228712399295616,-0.16525883526590046,-0.02276438561269409,-0.9473236151679025,-0.8255901216306707,0.027326539416005824,-1.09554405909169,0.35928253972118157,0.6172735305203081,7
8.8,0.45,0.43,1.4,0.076,12.0,21.0,0.99551,3.21,0.75,10.2,0.28185780431618074,-0.4343891274993746,0.8066289782703563,-0.8310298544151842,-0.24562280114914908,-0.37279949779497007,-0.7945149548739133,-0.6417561765376905,-0.6438707196559953,0.5351282677455826,-0.21477531525900906,6
8.5,0.32,0.42,2.3,0.075,12.0,19.0,0.99434,3.14,0.71,11.8,0.10908164010071351,-1.1449115527869826,0.75546881672327,-0.16525883526590046,-0.26588265710700865,-0.37279949779497007,-0.8566652883874281,-1.268017598670366,-1.09554405909169,0.3006672970463812,1.264422632793111,7
9.0,0.785,0.24,1.7,0.078,10.0,21.0,0.99692,3.29,0.67,10.0,0.39704191379315823,1.3965725068956154,-0.16541409112427993,-0.6091061813654229,-0.20510308923342996,-0.5643075369192809,-0.7945149548739133,0.112969127058107,-0.1276726174437711,0.06620632634718031,-0.39967505876552323,5
8.5,0.44,0.5,1.9,0.369,15.0,38.0,0.99634,3.01,1.1,9.4,0.10908164010071351,-0.4890446986753445,1.164750109099959,-0.4611570659989154,5.6905149945037,-0.08553743910850388,-0.2662371200090381,-0.19748525314442805,-1.9343659751865558,2.5866617613635947,-0.9543742892850674,5
9.9,0.54,0.26,2.0,0.111,7.0,60.0,0.99709,2.94,0.98,10.2,0.9153704064395589,0.05751101308435418,-0.06309376803010762,-0.3871825083156616,0.46347215737593533,-0.8515695956057471,0.4174165486396239,0.20396437642781348,-2.3860393146222503,1.88327884926599,-0.21477531525900906,5
8.2,0.33,0.39,2.5,0.074,29.0,48.0,0.99528,3.32,0.88,12.4,-0.06369452411475372,-1.0902559816110127,0.6019883320820119,-0.017309719899392832,-0.2861425130648682,1.2550188347616718,0.04451454755853553,-0.7648673962731477,0.06590167088581153,1.297126422517987,1.8191218633126551,7
6.5,0.34,0.27,2.8,0.067,8.0,44.0,0.99384,3.21,0.56,12.0,-1.0427594546690653,-1.035600410435043,-0.011933606483021464,0.2046139531503683,-0.4279615047698849,-0.7558155760435917,-0.07978611946849393,-1.53565068505188,-0.6438707196559953,-0.5785613430756232,1.4493223762996252,6
7.6,0.5,0.29,2.3,0.086,5.0,14.0,0.99502,3.32,0.62,11.5,-0.40924685254568716,-0.1611112716195254,0.09038671661115057,-0.16525883526590046,-0.043024241570553665,-1.0430776347300579,-1.012041122171215,-0.9040366011915398,0.06590167088581153,-0.22686988702682157,0.9870730175333381,6
9.2,0.36,0.34,1.6,0.062,5.0,12.0,0.99667,3.2,0.67,10.5,0.5122260232701357,-0.9262892680831034,0.3461875243465814,-0.6830807390486765,-0.5292607845591828,-1.0430776347300579,-1.0741914556847296,-0.020847416132679798,-0.7083954824325219,0.06620632634718031,0.06257430000076386,6
7.1,0.59,0.0,2.2,0.078,26.0,44.0,0.99522,3.42,0.68,10.8,-0.6972071262381319,0.33078886896420306,-1.3932579682543467,-0.23923339294915397,-0.20510308923342996,0.9677567760752055,-0.07978611946849393,-0.796983366638958,0.7111492986510918,0.12482156902198069,0.3399239152605368,6
9.7,0.42,0.46,2.1,0.074,5.0,16.0,0.99649,3.27,0.74,12.3,0.8001862969625804,-0.5983558410272842,0.9601094629116147,-0.3132079506324078,-0.2861425130648682,-1.0430776347300579,-0.9498907886577002,-0.11719532722999162,-0.25672214299682716,0.4765130250707823,1.726671991559398,6
7.6,0.36,0.31,1.7,0.079,26.0,65.0,0.99716,3.46,0.62,9.5,-0.40924685254568716,-0.9262892680831034,0.1927070397053229,-0.6091061813654229,-0.18484323327557037,0.9677567760752055,0.5727923824234107,0.24143300852122904,0.9692483497572039,-0.22686988702682157,-0.8619244175318104,6
6.5,0.61,0.0,2.2,0.095,48.0,59.0,0.99541,3.61,0.7,11.5,-1.0427594546690653,0.44010001131614285,-1.3932579682543467,-0.23923339294915397,0.13931446205018247,3.0743452064426244,0.38634138188286654,-0.6952827938139814,1.9371197914051228,0.2420520543715808,0.9870730175333381,6
6.5,0.88,0.03,5.6,0.079,23.0,47.0,0.99572,3.58,0.5,11.2,-1.0427594546690653,1.9158004330673288,-1.2397774836130884,2.275901568281473,-0.18484323327557037,0.6804947173887393,0.013439380801778167,-0.5293502802574438,1.74354550307554,-0.9302527991244255,0.7097234022735651,4
7.1,0.66,0.0,2.4,0.052,6.0,11.0,0.99318,3.35,0.66,12.7,-0.6972071262381319,0.7133778671959924,-1.3932579682543467,-0.09128427758264665,-0.7318593441377784,-0.9473236151679025,-1.1052666224414869,-1.888926359075436,0.259475959215397,0.007591083672379936,2.0964714785724263,7
5.6,0.915,0.0,2.1,0.0409999999999999,17.0,78.0,0.99346,3.68,0.73,11.4,-1.561087947315466,2.1070949321832235,-1.3932579682543467,-0.3132079506324078,-0.9547177596742354,0.10597060001580692,0.9767695502612564,-1.7390518307017737,2.3887931308408206,0.4178977823959819,0.894623145780081,5
8.2,0.35,0.33,2.4,0.076,11.0,47.0,0.99599,3.27,0.81,11.0,-0.06369452411475372,-0.9809448392590733,0.2950273627994952,-0.09128427758264665,-0.24562280114914908,-0.46855351735712547,0.013439380801778167,-0.3848284136114464,-0.25672214299682716,0.886819723794385,0.524823658767051,6
9.8,0.39,0.43,1.65,0.068,5.0,11.0,0.99478,3.19,0.46,11.4,0.8577783517010702,-0.7623225545551937,0.8066289782703563,-0.6460934602070498,-0.40770164881202536,-1.0430776347300579,-1.1052666224414869,-1.032500482654662,-0.7729202452090513,-1.1647137698236267,0.894623145780081,5
10.2,0.4,0.4,2.5,0.068,41.0,54.0,0.99754,3.38,0.86,10.5,1.088146570655025,-0.7076669833792237,0.6531484936290981,-0.017309719899392832,-0.40770164881202536,2.4040670695075366,0.2309655480990797,0.44483415417112276,0.4530502475449797,1.1798959371683861,0.06257430000076386,6
6.8,0.66,0.07,1.6,0.07,16.0,61.0,0.99572,3.29,0.6,9.3,-0.8699832904535987,0.7133778671959924,-1.0351368374247438,-0.6830807390486765,-0.36718193689630624,0.010216580453651524,0.4484917153963813,-0.5293502802574438,-0.1276726174437711,-0.3441003723764223,-1.0468241610383244,5
6.7,0.64,0.23,2.1,0.08,11.0,119.0,0.99538,3.36,0.7,10.9,-0.9275753451920874,0.6040667248440525,-0.21657425267136596,-0.3132079506324078,-0.1645833773177108,-0.46855351735712547,2.2508513872883085,-0.7113407789968568,0.32400072199192365,0.2420520543715808,0.43237378701379386,5
7.0,0.43,0.3,2.0,0.085,6.0,39.0,0.99346,3.33,0.46,11.9,-0.7547991809766207,-0.5437002698513144,0.14154687815823674,-0.3871825083156616,-0.06328409752841295,-0.9473236151679025,-0.23516195325228073,-1.7390518307017737,0.130426433662341,-1.1647137698236267,1.356872504546368,6
6.6,0.8,0.03,7.8,0.079,6.0,12.0,0.9963,3.52,0.5,12.2,-0.9851673999305766,1.4785558636595704,-1.2397774836130884,3.903341837313056,-0.18484323327557037,-0.9473236151679025,-1.0741914556847296,-0.2188959000549682,1.356396926416372,-0.9302527991244255,1.6342221198061393,5
8.8,0.955,0.05,1.8,0.075,5.0,19.0,0.99616,3.3,0.44,9.6,0.28185780431618074,2.3257172168871025,-1.137457160518916,-0.535131623682169,-0.26588265710700865,-1.0430776347300579,-0.8566652883874281,-0.2938331642417399,-0.06314785466724451,-1.2819442551732274,-0.7694745457785532,4
9.1,0.4,0.57,4.6,0.08,6.0,20.0,0.99652,3.28,0.57,12.5,0.45463396853164695,-0.7076669833792237,1.5228712399295616,1.5361559914489358,-0.1645833773177108,-0.9473236151679025,-0.8255901216306707,-0.10113734204711622,-0.19219738022030056,-0.5199461004008235,1.9115717350659123,6
6.5,0.885,0.0,2.3,0.166,6.0,12.0,0.99551,3.56,0.51,10.8,-1.0427594546690653,1.9431282186553138,-1.3932579682543467,-0.16525883526590046,1.5777642350582108,-0.9473236151679025,-1.0741914556847296,-0.6417561765376905,1.614495977522484,-0.871637556449625,0.3399239152605368,5
7.2,0.25,0.37,2.5,0.063,11.0,41.0,0.99439,3.52,0.8,12.4,-0.6396150714996427,-1.5275005510187716,0.4996680089878396,-0.017309719899392832,-0.5090009286013232,-0.46855351735712547,-0.17301161973876603,-1.2412542900322203,1.356396926416372,0.8282044811195846,1.8191218633126551,7
6.4,0.885,0.0,2.3,0.166,6.0,12.0,0.99551,3.56,0.51,10.8,-1.100351509407554,1.9431282186553138,-1.3932579682543467,-0.16525883526590046,1.5777642350582108,-0.9473236151679025,-1.0741914556847296,-0.6417561765376905,1.614495977522484,-0.871637556449625,0.3399239152605368,5
7.0,0.745,0.12,1.8,0.114,15.0,64.0,0.99588,3.22,0.59,9.5,-0.7547991809766207,1.177950222191736,-0.7793360296893133,-0.535131623682169,0.524251725249514,-0.08553743910850388,0.5417172156666533,-0.44370769261540205,-0.5793459568794659,-0.4027156150512227,-0.8619244175318104,6
6.2,0.43,0.22,1.8,0.078,21.0,56.0,0.99633,3.52,0.6,9.5,-1.215535618884532,-0.5437002698513144,-0.2677344142184521,-0.535131623682169,-0.20510308923342996,0.48898667826442854,0.29311588161259444,-0.20283791487203337,1.356396926416372,-0.3441003723764223,-0.8619244175318104,6
7.9,0.58,0.23,2.3,0.076,23.0,94.0,0.99686,3.21,0.58,9.5,-0.23647068833021995,0.27613329778823315,-0.21657425267136596,-0.16525883526590046,-0.24562280114914908,0.6804947173887393,1.4739722183693742,0.08085315669229677,-0.6438707196559953,-0.4613308577260231,-0.8619244175318104,6
7.7,0.57,0.21,1.5,0.069,4.0,9.0,0.99458,3.16,0.54,9.8,-0.35165479780719794,0.22147772661226328,-0.3188945757655383,-0.7570552967319304,-0.3874417928541658,-1.1388316542922132,-1.1674169559550016,-1.1395537172072439,-0.966494533538634,-0.6957918284252239,-0.5845748022720374,6
7.7,0.26,0.26,2.0,0.052,19.0,77.0,0.9951,3.15,0.79,10.9,-0.35165479780719794,-1.4728449798428018,-0.06309376803010762,-0.3871825083156616,-0.7318593441377784,0.29747863914011774,0.9456943835044991,-0.861215307370519,-1.0310192963151634,0.7695892384447842,0.43237378701379386,6
7.9,0.34,0.36,1.9,0.065,5.0,10.0,0.99419,3.27,0.54,11.2,-0.23647068833021995,-1.035600410435043,0.4485078474407534,-0.4611570659989154,-0.4684812166856041,-1.0430776347300579,-1.1363417891982444,-1.3483075245848022,-0.25672214299682716,-0.6957918284252239,0.7097234022735651,7
8.6,0.42,0.39,1.8,0.068,6.0,12.0,0.99516,3.35,0.69,11.7,0.16667369483920225,-0.5983558410272842,0.6019883320820119,-0.535131623682169,-0.40770164881202536,-0.9473236151679025,-1.0741914556847296,-0.8290993370047087,0.259475959215397,0.18343681169678042,1.1719727610398523,8
9.9,0.74,0.19,5.8,0.111,33.0,76.0,0.99878,3.14,0.55,9.4,0.9153704064395589,1.150622436603751,-0.4212148988597105,2.4238506836479807,0.46347215737593533,1.6380349130102936,0.9146192167477417,1.1085642083972138,-1.09554405909169,-0.6371765857504236,-0.9543742892850674,5
7.2,0.36,0.46,2.1,0.074,24.0,44.0,0.99534,3.4,0.85,11.0,-0.6396150714996427,-0.9262892680831034,0.9601094629116147,-0.3132079506324078,-0.2861425130648682,0.7762487369508947,-0.07978611946849393,-0.732751425907397,0.5820997730980357,1.1212806944935858,0.524823658767051,7
9.9,0.72,0.55,1.7,0.136,24.0,52.0,0.99752,3.35,0.94,10.0,0.9153704064395589,1.0413112942518112,1.4205509168353898,-0.6091061813654229,0.9699685563224243,0.7762487369508947,0.16881521458556498,0.4341288307158527,0.259475959215397,1.6488178785667886,-0.39967505876552323,5
6.2,0.39,0.43,2.0,0.071,14.0,24.0,0.99428,3.45,0.87,11.2,-1.215535618884532,-0.7623225545551937,0.8066289782703563,-0.3871825083156616,-0.34692208093844695,-0.18129145867065927,-0.7012894546036412,-1.3001335690361167,0.9047235869806772,1.2385111798431865,0.7097234022735651,7
6.8,0.65,0.02,2.1,0.078,8.0,15.0,0.99498,3.35,0.62,10.4,-0.8699832904535987,0.6587222960200224,-1.2909376451601744,-0.3132079506324078,-0.20510308923342996,-0.7558155760435917,-0.9809659554144575,-0.92544724810208,0.259475959215397,-0.22686988702682157,-0.029875571752493238,6
6.6,0.44,0.15,2.1,0.076,22.0,53.0,0.9957,3.32,0.62,9.3,-0.9851673999305766,-0.4890446986753445,-0.625855545048055,-0.3132079506324078,-0.24562280114914908,0.5847406978265839,0.19989038134232234,-0.5400556037127139,0.06590167088581153,-0.22686988702682157,-1.0468241610383244,5
9.6,0.38,0.42,1.9,0.071,5.0,13.0,0.99659,3.15,0.75,10.5,0.7425942422240916,-0.8169781257311636,0.75546881672327,-0.4611570659989154,-0.34692208093844695,-1.0430776347300579,-1.0431162889279721,-0.06366870995370068,-1.0310192963151634,0.5351282677455826,0.06257430000076386,6
10.2,0.33,0.46,1.9,0.081,6.0,9.0,0.99628,3.1,0.48,10.4,1.088146570655025,-1.0902559816110127,0.9601094629116147,-0.4611570659989154,-0.14432352135985124,-0.9473236151679025,-1.1674169559550016,-0.22960122351017884,-1.3536431101978021,-1.0474832844740263,-0.029875571752493238,6
8.8,0.27,0.46,2.1,0.095,20.0,29.0,0.99488,3.26,0.56,11.3,0.28185780431618074,-1.4181894086668319,0.9601094629116147,-0.3132079506324078,0.13931446205018247,0.39323265870227314,-0.5459136208198544,-0.9789738653783709,-0.32124690577335663,-0.5785613430756232,0.8021732740268238,6
7.9,0.57,0.31,2.0,0.079,10.0,79.0,0.99677,3.29,0.69,9.5,-0.23647068833021995,0.22147772661226328,0.1927070397053229,-0.3871825083156616,-0.18484323327557037,-0.5643075369192809,1.0078447170180138,0.03267920114367057,-0.1276726174437711,0.18343681169678042,-0.8619244175318104,6
8.2,0.34,0.37,1.9,0.057,43.0,74.0,0.99408,3.23,0.81,12.0,-0.06369452411475372,-1.035600410435043,0.4996680089878396,-0.4611570659989154,-0.6305600643484806,2.5955751086318477,0.852468883234227,-1.407186803588758,-0.5148211941029393,0.886819723794385,1.4493223762996252,6
8.2,0.4,0.31,1.9,0.0819999999999999,8.0,24.0,0.996,3.24,0.69,10.6,-0.06369452411475372,-0.7076669833792237,0.1927070397053229,-0.4611570659989154,-0.12406366540199364,-0.7558155760435917,-0.7012894546036412,-0.37947575188384103,-0.4502964313264098,0.18343681169678042,0.15502417175402095,6
9.0,0.39,0.4,1.3,0.044,25.0,50.0,0.99478,3.2,0.83,10.9,0.39704191379315823,-0.7623225545551937,0.6531484936290981,-0.9050044120984378,-0.8939381918006548,0.8720027565130501,0.10666488107205026,-1.032500482654662,-0.7083954824325219,1.0040502091439851,0.43237378701379386,6
10.9,0.32,0.52,1.8,0.132,17.0,44.0,0.99734,3.28,0.77,11.5,1.4912909538244483,-1.1449115527869826,1.2670704321941315,-0.535131623682169,0.888929132490986,0.10597060001580692,-0.07978611946849393,0.33778091961854084,-0.19219738022030056,0.6523587530951834,0.9870730175333381,6
8.1,0.53,0.22,2.2,0.078,33.0,89.0,0.99678,3.26,0.46,9.6,-0.12128657885324247,0.002855441908384288,-0.2677344142184521,-0.23923339294915397,-0.20510308923342996,1.6380349130102936,1.3185963845855875,0.0380318628712759,-0.32124690577335663,-1.1647137698236267,-0.7694745457785532,6
10.5,0.36,0.47,2.2,0.074,9.0,23.0,0.99638,3.23,0.76,12.0,1.2609227348704923,-0.9262892680831034,1.0112696244587007,-0.23923339294915397,-0.2861425130648682,-0.6600615564814363,-0.7323646213603986,-0.1760746062338879,-0.5148211941029393,0.5937435104203831,1.4493223762996252,6
12.6,0.39,0.49,2.5,0.08,8.0,20.0,0.9992,3.07,0.82,10.3,2.47035588437876,-0.7623225545551937,1.113589947552873,-0.017309719899392832,-0.1645833773177108,-0.7558155760435917,-0.8255901216306707,1.3333760009576476,-1.5472173985273876,0.9454349664691847,-0.12232544350575032,6
9.2,0.46,0.23,2.6,0.091,18.0,77.0,0.99922,3.15,0.51,9.4,0.5122260232701357,-0.3797335563234047,-0.21657425267136596,0.056664837783860986,0.05827503821874419,0.20172461957796234,0.9456943835044991,1.3440813244129177,-1.0310192963151634,-0.871637556449625,-0.9543742892850674,5
7.5,0.58,0.03,4.1,0.08,27.0,46.0,0.99592,3.02,0.47,9.2,-0.46683890728417593,0.27613329778823315,-1.2397774836130884,1.1662832030326669,-0.1645833773177108,1.0635107956373608,-0.017635785954979197,-0.42229704570486193,-1.8698412124100263,-1.1060985271488266,-1.1392740327915833,5
9.0,0.58,0.25,2.0,0.104,8.0,21.0,0.99769,3.27,0.72,9.6,0.39704191379315823,0.27613329778823315,-0.11425392957719378,-0.3871825083156616,0.32165316567091834,-0.7558155760435917,-0.7945149548739133,0.5251240800855592,-0.25672214299682716,0.35928253972118157,-0.7694745457785532,5
5.1,0.42,0.0,1.8,0.044,18.0,88.0,0.99157,3.68,0.73,13.6,-1.8490482210079107,-0.5983558410272842,-1.3932579682543467,-0.535131623682169,-0.8939381918006548,0.20172461957796234,1.28752121782883,-2.7507048972238155,2.3887931308408206,0.4178977823959819,2.9285203243517435,7
7.6,0.43,0.29,2.1,0.075,19.0,66.0,0.99718,3.4,0.64,9.5,-0.40924685254568716,-0.5437002698513144,0.09038671661115057,-0.3132079506324078,-0.26588265710700865,0.29747863914011774,0.603867549180168,0.2521383319764397,0.5820997730980357,-0.10963940167722082,-0.8619244175318104,5
7.7,0.18,0.34,2.7,0.066,15.0,58.0,0.9947,3.37,0.78,11.8,-0.35165479780719794,-1.9100895492505605,0.3461875243465814,0.1306393954671148,-0.4482213607277445,-0.08553743910850388,0.3552662151261092,-1.0753217764756828,0.38852548476845306,0.7109739957699838,1.264422632793111,6
7.8,0.815,0.01,2.6,0.074,48.0,90.0,0.99621,3.38,0.62,10.8,-0.2940627430687092,1.5605392204235244,-1.3420978067072604,0.056664837783860986,-0.2861425130648682,3.0743452064426244,1.3496715513423447,-0.26706985560359436,0.4530502475449797,-0.22686988702682157,0.3399239152605368,5
10.2,0.23,0.37,2.2,0.057,14.0,36.0,0.99614,3.23,0.49,9.3,1.088146570655025,-1.6368116933707115,0.4996680089878396,-0.23923339294915397,-0.6305600643484806,-0.18129145867065927,-0.32838745352255283,-0.3045384876970099,-0.5148211941029393,-0.9888680417992258,-1.0468241610383244,4
7.1,0.75,0.01,2.2,0.059,11.0,18.0,0.99242,3.39,0.4,12.8,-0.6972071262381319,1.2052780077797207,-1.3420978067072604,-0.23923339294915397,-0.5900403524327615,-0.46855351735712547,-0.8877404551441854,-2.295728650375283,0.5175750103215091,-1.5164052258724285,2.188921350325685,6
6.0,0.33,0.32,12.9,0.054,6.0,113.0,0.99572,3.3,0.56,11.5,-1.33071972836151,-1.0902559816110127,0.24386720125240904,7.676044279158998,-0.6913396322220592,-0.9473236151679025,2.064400386747764,-0.5293502802574438,-0.06314785466724451,-0.5785613430756232,0.9870730175333381,4
7.8,0.55,0.0,1.7,0.07,7.0,17.0,0.99659,3.26,0.64,9.4,-0.2940627430687092,0.11216658426032408,-1.3932579682543467,-0.6091061813654229,-0.36718193689630624,-0.8515695956057471,-0.9188156219009428,-0.06366870995370068,-0.32124690577335663,-0.10963940167722082,-0.9543742892850674,6
8.1,0.73,0.0,2.5,0.081,12.0,24.0,0.99798,3.38,0.46,9.6,-0.12128657885324247,1.095966865427781,-1.3932579682543467,-0.017309719899392832,-0.14432352135985124,-0.37279949779497007,-0.7012894546036412,0.6803512701868267,0.4530502475449797,-1.1647137698236267,-0.7694745457785532,4
6.5,0.67,0.0,4.3,0.057,11.0,20.0,0.99488,3.45,0.56,11.8,-1.0427594546690653,0.7680334383719623,-1.3932579682543467,1.3142323183991746,-0.6305600643484806,-0.46855351735712547,-0.8255901216306707,-0.9789738653783709,0.9047235869806772,-0.5785613430756232,1.264422632793111,4
7.5,0.61,0.2,1.7,0.076,36.0,60.0,0.99494,3.1,0.4,9.3,-0.46683890728417593,0.44010001131614285,-0.3700547373126243,-0.6091061813654229,-0.24562280114914908,1.9252969716967596,0.4174165486396239,-0.9468578950125608,-1.3536431101978021,-1.5164052258724285,-1.0468241610383244,5
9.8,0.37,0.39,2.5,0.079,28.0,65.0,0.99729,3.16,0.59,9.8,0.8577783517010702,-0.8716336969071334,0.6019883320820119,-0.017309719899392832,-0.18484323327557037,1.1592648151995164,0.5727923824234107,0.3110176109803954,-0.966494533538634,-0.4027156150512227,-0.5845748022720374,5
9.0,0.4,0.41,2.0,0.0579999999999999,15.0,40.0,0.99414,3.22,0.6,12.2,0.39704191379315823,-0.7076669833792237,0.7043086551761839,-0.3871825083156616,-0.610300208390623,-0.08553743910850388,-0.2040867864955234,-1.3750708332229478,-0.5793459568794659,-0.3441003723764223,1.6342221198061393,6
8.3,0.56,0.22,2.4,0.0819999999999999,10.0,86.0,0.9983,3.37,0.62,9.5,-0.0061024693762639646,0.16682215543629397,-0.2677344142184521,-0.09128427758264665,-0.12406366540199364,-0.5643075369192809,1.2253708843153153,0.8516364454709696,0.38852548476845306,-0.22686988702682157,-0.8619244175318104,5
5.9,0.29,0.25,13.4,0.067,72.0,145.84000000000015,0.99721,3.33,0.54,10.3,-1.3883117830999987,-1.3088782663148923,-0.11425392957719378,8.045917067575267,-0.4279615047698849,5.372441675934354,3.0849088630396806,0.26819631715937453,0.130426433662341,-0.6957918284252239,-0.12232544350575032,6
7.4,0.55,0.19,1.8,0.0819999999999999,15.0,34.0,0.99655,3.49,0.68,10.5,-0.5244309620226647,0.11216658426032408,-0.4212148988597105,-0.535131623682169,-0.12406366540199364,-0.08553743910850388,-0.39053778703606756,-0.0850793568641814,1.1628226380867894,0.12482156902198069,0.06257430000076386,5
7.4,0.74,0.07,1.7,0.086,15.0,48.0,0.99502,3.12,0.48,10.0,-0.5244309620226647,1.150622436603751,-1.0351368374247438,-0.6091061813654229,-0.043024241570553665,-0.08553743910850388,0.04451454755853553,-0.9040366011915398,-1.224593584644746,-1.0474832844740263,-0.39967505876552323,5
6.9,0.41,0.33,2.2,0.081,22.0,36.0,0.9949,3.41,0.75,11.1,-0.8123912357151094,-0.6530114122032542,0.2950273627994952,-0.23923339294915397,-0.14432352135985124,0.5847406978265839,-0.32838745352255283,-0.9682685419231009,0.6466245358745651,0.5351282677455826,0.6172735305203081,6
7.1,0.6,0.01,2.3,0.079,24.0,37.0,0.99514,3.4,0.61,10.9,-0.6972071262381319,0.385444440140173,-1.3420978067072604,-0.16525883526590046,-0.18484323327557037,0.7762487369508947,-0.29731228676579546,-0.8398046604599788,0.5820997730980357,-0.28548512970162193,0.43237378701379386,6
7.5,0.58,0.14,2.2,0.077,27.0,60.0,0.9963,3.28,0.59,9.8,-0.46683890728417593,0.27613329778823315,-0.677015706595141,-0.23923339294915397,-0.22536294519128952,1.0635107956373608,0.4174165486396239,-0.2188959000549682,-0.19219738022030056,-0.4027156150512227,-0.5845748022720374,5
7.1,0.72,0.0,1.8,0.123,6.0,14.0,0.99627,3.45,0.58,9.8,-0.6972071262381319,1.0413112942518112,-1.3932579682543467,-0.535131623682169,0.7065904288702499,-0.9473236151679025,-1.012041122171215,-0.23495388523784358,0.9047235869806772,-0.4613308577260231,-0.5845748022720374,5
7.9,0.66,0.0,1.4,0.096,6.0,13.0,0.99569,3.43,0.58,9.5,-0.23647068833021995,0.7133778671959924,-1.3932579682543467,-0.8310298544151842,0.15957431800804206,-0.9473236151679025,-1.0431162889279721,-0.5454082654403787,0.7756740614276212,-0.4613308577260231,-0.8619244175318104,5
7.8,0.7,0.06,1.9,0.079,20.0,35.0,0.99628,3.4,0.69,10.9,-0.2940627430687092,0.9320001518998713,-1.08629699897183,-0.4611570659989154,-0.18484323327557037,0.39323265870227314,-0.3594626202793102,-0.22960122351017884,0.5820997730980357,0.18343681169678042,0.43237378701379386,5
6.1,0.64,0.02,2.4,0.069,26.0,46.0,0.99358,3.47,0.45,11.0,-1.2731276736230213,0.6040667248440525,-1.2909376451601744,-0.09128427758264665,-0.3874417928541658,0.9677567760752055,-0.017635785954979197,-1.6748198899702127,1.0337731125337333,-1.223329012498427,0.524823658767051,5
7.5,0.59,0.22,1.8,0.0819999999999999,43.0,60.0,0.99499,3.1,0.42,9.2,-0.46683890728417593,0.33078886896420306,-0.2677344142184521,-0.535131623682169,-0.12406366540199364,2.5955751086318477,0.4174165486396239,-0.9200945863744152,-1.3536431101978021,-1.399174740522828,-1.1392740327915833,5
7.0,0.58,0.28,4.8,0.085,12.0,69.0,0.99633,3.32,0.7,11.0,-0.7547991809766207,0.27613329778823315,0.039226555064064694,1.6841051068154433,-0.06328409752841295,-0.37279949779497007,0.6970930494504401,-0.20283791487203337,0.06590167088581153,0.2420520543715808,0.524823658767051,6
6.8,0.64,0.0,2.7,0.123,15.0,33.0,0.99538,3.44,0.63,11.3,-0.8699832904535987,0.6040667248440525,-1.3932579682543467,0.1306393954671148,0.7065904288702499,-0.08553743910850388,-0.42161295379282493,-0.7113407789968568,0.8401988242041478,-0.1682546443520212,0.8021732740268238,6
8.6,0.635,0.68,1.8,0.4029999999999999,19.0,56.0,0.99632,3.02,1.15,9.3,0.16667369483920225,0.5767389392560676,2.0856330169475092,-0.535131623682169,6.379350097070923,0.29747863914011774,0.29311588161259444,-0.2081905765996981,-1.8698412124100263,2.879737974737595,-1.0468241610383244,5
6.3,1.02,0.0,2.0,0.083,17.0,24.0,0.99437,3.59,0.55,11.2,-1.1579435641460434,2.680978429530907,-1.3932579682543467,-0.3871825083156616,-0.10380380944413209,0.10597060001580692,-0.7012894546036412,-1.2519596134874904,1.8080702658520666,-0.6371765857504236,0.7097234022735651,4
9.8,0.45,0.38,2.5,0.081,34.0,66.0,0.99726,3.15,0.58,9.8,0.8577783517010702,-0.4343891274993746,0.5508281705349257,-0.017309719899392832,-0.14432352135985124,1.733788932572449,0.603867549180168,0.29495962579752,-1.0310192963151634,-0.4613308577260231,-0.5845748022720374,5
8.2,0.78,0.0,2.2,0.089,13.0,26.0,0.9978,3.37,0.46,9.6,-0.06369452411475372,1.3692447213076304,-1.3932579682543467,-0.23923339294915397,0.01775532630302505,-0.27704547823281467,-0.6391391210901265,0.5840033590895148,0.38852548476845306,-1.1647137698236267,-0.7694745457785532,4
8.5,0.37,0.32,1.8,0.066,26.0,51.0,0.99456,3.38,0.72,11.8,0.10908164010071351,-0.8716336969071334,0.24386720125240904,-0.535131623682169,-0.4482213607277445,0.9677567760752055,0.1377400478288076,-1.150259040662514,0.4530502475449797,0.35928253972118157,1.264422632793111,6
7.2,0.57,0.05,2.3,0.081,16.0,36.0,0.99564,3.38,0.6,10.3,-0.6396150714996427,0.22147772661226328,-1.137457160518916,-0.16525883526590046,-0.14432352135985124,0.010216580453651524,-0.32838745352255283,-0.5721715740785241,0.4530502475449797,-0.3441003723764223,-0.12232544350575032,6
10.4,0.43,0.5,2.3,0.068,13.0,19.0,0.996,3.1,0.87,11.4,1.2033306801320036,-0.5437002698513144,1.164750109099959,-0.16525883526590046,-0.40770164881202536,-0.27704547823281467,-0.8566652883874281,-0.37947575188384103,-1.3536431101978021,1.2385111798431865,0.894623145780081,6
6.9,0.41,0.31,2.0,0.079,21.0,51.0,0.99668,3.47,0.55,9.5,-0.8123912357151094,-0.6530114122032542,0.1927070397053229,-0.3871825083156616,-0.18484323327557037,0.48898667826442854,0.1377400478288076,-0.015494754405015047,1.0337731125337333,-0.6371765857504236,-0.8619244175318104,6
5.5,0.49,0.03,1.8,0.044,28.0,87.0,0.9908,3.5,0.82,14.0,-1.6186800020539547,-0.2157668427954953,-1.2397774836130884,-0.535131623682169,-0.8939381918006548,1.1592648151995164,1.2564460510720727,-3.1628598502512673,1.2273474008633158,0.9454349664691847,3.2983198113647734,8
5.0,0.38,0.01,1.6,0.048,26.0,60.0,0.99084,3.7,0.75,14.0,-1.9066402757463996,-0.8169781257311636,-1.3420978067072604,-0.6830807390486765,-0.8128987679692166,0.9677567760752055,0.4174165486396239,-3.1414492033407275,2.5178426563938765,0.5351282677455826,3.2983198113647734,6
7.3,0.44,0.2,1.6,0.049,24.0,64.0,0.9935,3.38,0.57,11.7,-0.5820230167611539,-0.4890446986753445,-0.3700547373126243,-0.6830807390486765,-0.7926389120113569,0.7762487369508947,0.5417172156666533,-1.7176411837912335,0.4530502475449797,-0.5199461004008235,1.1719727610398523,6
5.9,0.46,0.0,1.9,0.077,25.0,44.0,0.99385,3.5,0.53,11.2,-1.3883117830999987,-0.3797335563234047,-1.3932579682543467,-0.4611570659989154,-0.22536294519128952,0.8720027565130501,-0.07978611946849393,-1.5302980233242154,1.2273474008633158,-0.7544070711000244,0.7097234022735651,5
7.5,0.58,0.2,2.0,0.073,34.0,44.0,0.99494,3.1,0.43,9.3,-0.46683890728417593,0.27613329778823315,-0.3700547373126243,-0.3871825083156616,-0.3064023690227278,1.733788932572449,-0.07978611946849393,-0.9468578950125608,-1.3536431101978021,-1.3405594978480277,-1.0468241610383244,5
7.8,0.58,0.13,2.1,0.102,17.0,36.0,0.9944,3.24,0.53,11.2,-0.2940627430687092,0.27613329778823315,-0.7281758681422271,-0.3132079506324078,0.2811334537551992,0.10597060001580692,-0.32838745352255283,-1.2359016283046151,-0.4502964313264098,-0.7544070711000244,0.7097234022735651,6
8.0,0.715,0.22,2.3,0.075,13.0,81.0,0.99688,3.24,0.54,9.5,-0.1788786335917312,1.0139835086638262,-0.2677344142184521,-0.16525883526590046,-0.26588265710700865,-0.27704547823281467,1.0699950505315285,0.09155848014756685,-0.4502964313264098,-0.6957918284252239,-0.8619244175318104,6
8.5,0.4,0.4,6.3,0.05,3.0,10.0,0.99566,3.28,0.56,12.0,0.10908164010071351,-0.7076669833792237,0.6531484936290981,2.79372347206425,-0.7723790560534973,-1.2345856738543688,-1.1363417891982444,-0.5614662506232541,-0.19219738022030056,-0.5785613430756232,1.4493223762996252,4
7.0,0.69,0.0,1.9,0.114,3.0,10.0,0.99636,3.35,0.6,9.7,-0.7547991809766207,0.8773445807239014,-1.3932579682543467,-0.4611570659989154,0.524251725249514,-1.2345856738543688,-1.1363417891982444,-0.18677992968915796,0.259475959215397,-0.3441003723764223,-0.6770246740252962,6
9.8,0.3,0.39,1.7,0.062,3.0,9.0,0.9948,3.14,0.57,11.5,0.8577783517010702,-1.2542226951389224,0.6019883320820119,-0.6091061813654229,-0.5292607845591828,-1.2345856738543688,-1.1674169559550016,-1.021795159199392,-1.09554405909169,-0.5199461004008235,0.9870730175333381,7
7.1,0.46,0.2,1.9,0.077,28.0,54.0,0.9956,3.37,0.64,10.4,-0.6972071262381319,-0.3797335563234047,-0.3700547373126243,-0.4611570659989154,-0.22536294519128952,1.1592648151995164,0.2309655480990797,-0.5935822209890048,0.38852548476845306,-0.10963940167722082,-0.029875571752493238,6
7.9,0.765,0.0,2.0,0.084,9.0,22.0,0.99619,3.33,0.68,10.9,-0.23647068833021995,1.2872613645436757,-1.3932579682543467,-0.3871825083156616,-0.08354395348627253,-0.6600615564814363,-0.763439788117156,-0.27777517905886445,0.130426433662341,0.12482156902198069,0.43237378701379386,6
8.7,0.63,0.28,2.7,0.096,17.0,69.0,0.99734,3.26,0.63,10.2,0.224265749577691,0.5494111536680827,0.039226555064064694,0.1306393954671148,0.15957431800804206,0.10597060001580692,0.6970930494504401,0.33778091961854084,-0.32124690577335663,-0.1682546443520212,-0.21477531525900906,6
7.0,0.42,0.19,2.3,0.071,18.0,36.0,0.99476,3.39,0.56,10.9,-0.7547991809766207,-0.5983558410272842,-0.4212148988597105,-0.16525883526590046,-0.34692208093844695,0.20172461957796234,-0.32838745352255283,-1.043205806109932,0.5175750103215091,-0.5785613430756232,0.43237378701379386,5
11.3,0.37,0.5,1.8,0.09,20.0,47.0,0.99734,3.15,0.57,10.5,1.7216591727784043,-0.8716336969071334,1.164750109099959,-0.535131623682169,0.03801518226088462,0.39323265870227314,0.013439380801778167,0.33778091961854084,-1.0310192963151634,-0.5199461004008235,0.06257430000076386,5
7.1,0.16,0.44,2.5,0.068,17.0,31.0,0.99328,3.35,0.54,12.4,-0.6972071262381319,-2.0194006916025002,0.8577891398174424,-0.017309719899392832,-0.40770164881202536,0.10597060001580692,-0.48376328730633966,-1.8353997417990855,0.259475959215397,-0.6957918284252239,1.8191218633126551,6
8.0,0.6,0.08,2.6,0.0559999999999999,3.0,7.0,0.99286,3.22,0.37,13.0,-0.1788786335917312,0.385444440140173,-0.9839766758776577,0.056664837783860986,-0.6508199203063422,-1.2345856738543688,-1.2295672894685163,-2.060211534359579,-0.5793459568794659,-1.6922509538968298,2.3738210938321993,5
7.0,0.6,0.3,4.5,0.068,20.0,110.0,0.99914,3.3,1.17,10.2,-0.7547991809766207,0.385444440140173,0.14154687815823674,1.4621814337656822,-0.40770164881202536,0.39323265870227314,1.971174886477492,1.3012600305918969,-0.06314785466724451,2.996968460087196,-0.21477531525900906,5
7.6,0.74,0.0,1.9,0.1,6.0,12.0,0.99521,3.36,0.59,11.0,-0.40924685254568716,1.150622436603751,-1.3932579682543467,-0.4611570659989154,0.24061374183948034,-0.9473236151679025,-1.0741914556847296,-0.8023360283665633,0.32400072199192365,-0.4027156150512227,0.524823658767051,5
8.2,0.635,0.1,2.1,0.073,25.0,60.0,0.99638,3.29,0.75,10.9,-0.06369452411475372,0.5767389392560676,-0.8816563527834855,-0.3132079506324078,-0.3064023690227278,0.8720027565130501,0.4174165486396239,-0.1760746062338879,-0.1276726174437711,0.5351282677455826,0.43237378701379386,6
5.9,0.395,0.13,2.4,0.0559999999999999,14.0,28.0,0.99362,3.62,0.67,12.4,-1.3883117830999987,-0.7349947689672087,-0.7281758681422271,-0.09128427758264665,-0.6508199203063422,-0.18129145867065927,-0.5769887875766118,-1.653409243059732,2.0016445541816523,0.06620632634718031,1.8191218633126551,6
7.5,0.755,0.0,1.9,0.084,6.0,12.0,0.99672,3.34,0.49,9.7,-0.46683890728417593,1.2326057933677057,-1.3932579682543467,-0.4611570659989154,-0.08354395348627253,-0.9473236151679025,-1.0741914556847296,0.005915892505525102,0.19495119643886757,-0.9888680417992258,-0.6770246740252962,4
6.6,0.63,0.0,4.3,0.093,51.0,77.5,0.99558,3.2,0.45,9.5,-0.9851673999305766,0.5494111536680827,-1.3932579682543467,1.3142323183991746,0.09879475013446333,3.361607265129091,0.9612319668828777,-0.6042875444442749,-0.7083954824325219,-1.223329012498427,-0.8619244175318104,5
7.2,0.53,0.14,2.1,0.064,15.0,29.0,0.99323,3.35,0.61,12.1,-0.6396150714996427,0.002855441908384288,-0.677015706595141,-0.3132079506324078,-0.48874107264346367,-0.08553743910850388,-0.5459136208198544,-1.8621630504372904,0.259475959215397,-0.28548512970162193,1.5417722480528822,6
5.7,0.6,0.0,1.4,0.063,11.0,18.0,0.99191,3.45,0.56,12.2,-1.5034958925769768,0.385444440140173,-1.3932579682543467,-0.8310298544151842,-0.5090009286013232,-0.46855351735712547,-0.8877404551441854,-2.5687143984844023,0.9047235869806772,-0.5785613430756232,1.6342221198061393,6
7.6,1.58,0.0,2.1,0.1369999999999999,5.0,9.0,0.99476,3.5,0.4,10.9,-0.40924685254568716,5.741690415385219,-1.3932579682543467,-0.3132079506324078,0.9902284122802817,-1.0430776347300579,-1.1674169559550016,-1.043205806109932,1.2273474008633158,-1.5164052258724285,0.43237378701379386,3
5.2,0.645,0.0,2.15,0.08,15.0,28.0,0.99444,3.78,0.61,12.5,-1.7914561662694215,0.6313945104320375,-1.3932579682543467,-0.276220671790781,-0.1645833773177108,-0.08553743910850388,-0.5769887875766118,-1.214490981394075,3.0340407586060976,-0.28548512970162193,1.9115717350659123,6
6.7,0.86,0.07,2.0,0.1,20.0,57.0,0.99598,3.6,0.74,11.7,-0.9275753451920874,1.806489290715389,-1.0351368374247438,-0.3871825083156616,0.24061374183948034,0.39323265870227314,0.3241910483693518,-0.3901810753391111,1.8725950286285962,0.4765130250707823,1.1719727610398523,6
9.1,0.37,0.32,2.1,0.064,4.0,15.0,0.99576,3.3,0.8,11.2,0.45463396853164695,-0.8716336969071334,0.24386720125240904,-0.3132079506324078,-0.48874107264346367,-1.1388316542922132,-0.9809659554144575,-0.5079396333469631,-0.06314785466724451,0.8282044811195846,0.7097234022735651,6
8.0,0.28,0.44,1.8,0.081,28.0,68.0,0.99501,3.36,0.66,11.2,-0.1788786335917312,-1.3635338374908619,0.8577891398174424,-0.535131623682169,-0.14432352135985124,1.1592648151995164,0.6660178826936828,-0.9093892629192046,0.32400072199192365,0.007591083672379936,0.7097234022735651,5
7.6,0.79,0.21,2.3,0.087,21.0,68.0,0.9955,3.12,0.44,9.2,-0.40924685254568716,1.4239002924836004,-0.3188945757655383,-0.16525883526590046,-0.02276438561269409,0.48898667826442854,0.6660178826936828,-0.6471088382652957,-1.224593584644746,-1.2819442551732274,-1.1392740327915833,5
7.5,0.61,0.26,1.9,0.073,24.0,88.0,0.99612,3.3,0.53,9.8,-0.46683890728417593,0.44010001131614285,-0.06309376803010762,-0.4611570659989154,-0.3064023690227278,0.7762487369508947,1.28752121782883,-0.31524381115228,-0.06314785466724451,-0.7544070711000244,-0.5845748022720374,5
9.7,0.69,0.32,2.5,0.088,22.0,91.0,0.9979,3.29,0.62,10.1,0.8001862969625804,0.8773445807239014,0.24386720125240904,-0.017309719899392832,-0.0025045296548345205,0.5847406978265839,1.3807467180991022,0.6375299763658059,-0.1276726174437711,-0.22686988702682157,-0.30722518701226614,5
6.8,0.68,0.09,3.9,0.068,15.0,29.0,0.99524,3.41,0.52,11.1,-0.8699832904535987,0.8226890095479321,-0.9328165143305717,1.0183340876661597,-0.40770164881202536,-0.08553743910850388,-0.5459136208198544,-0.7862780431836879,0.6466245358745651,-0.8130223137748247,0.6172735305203081,4
7.0,0.62,0.1,1.4,0.071,27.0,63.0,0.996,3.28,0.61,9.2,-0.7547991809766207,0.49475558249211277,-0.8816563527834855,-0.8310298544151842,-0.34692208093844695,1.0635107956373608,0.510642048909896,-0.37947575188384103,-0.19219738022030056,-0.28548512970162193,-1.1392740327915833,5
6.5,0.51,0.15,3.0,0.064,12.0,27.0,0.9929,3.33,0.59,12.8,-1.0427594546690653,-0.10645570044355551,-0.625855545048055,0.3525630685168759,-0.48874107264346367,-0.37279949779497007,-0.6080639543333691,-2.038800887449039,0.130426433662341,-0.4027156150512227,2.188921350325685,6
8.0,1.18,0.21,1.9,0.083,14.0,41.0,0.99532,3.34,0.47,10.5,-0.1788786335917312,3.555467568346424,-0.3188945757655383,-0.4611570659989154,-0.10380380944413209,-0.18129145867065927,-0.17301161973876603,-0.743456749362667,0.19495119643886757,-1.1060985271488266,0.06257430000076386,5
7.0,0.36,0.21,2.3,0.086,20.0,65.0,0.99558,3.4,0.54,10.1,-0.7547991809766207,-0.9262892680831034,-0.3188945757655383,-0.16525883526590046,-0.043024241570553665,0.39323265870227314,0.5727923824234107,-0.6042875444442749,0.5820997730980357,-0.6957918284252239,-0.30722518701226614,6
7.0,0.36,0.21,2.4,0.086,24.0,69.0,0.99556,3.4,0.53,10.1,-0.7547991809766207,-0.9262892680831034,-0.3188945757655383,-0.09128427758264665,-0.043024241570553665,0.7762487369508947,0.6970930494504401,-0.614992867899545,0.5820997730980357,-0.7544070711000244,-0.30722518701226614,6
7.5,0.63,0.27,2.0,0.083,17.0,91.0,0.99616,3.26,0.58,9.8,-0.46683890728417593,0.5494111536680827,-0.011933606483021464,-0.3871825083156616,-0.10380380944413209,0.10597060001580692,1.3807467180991022,-0.2938331642417399,-0.32124690577335663,-0.4613308577260231,-0.5845748022720374,6
5.4,0.74,0.0,1.2,0.0409999999999999,16.0,46.0,0.99258,4.01,0.59,12.5,-1.6762720567924436,1.150622436603751,-1.3932579682543467,-0.9789789697816916,-0.9547177596742354,0.010216580453651524,-0.017635785954979197,-2.2100860627331818,4.518110302466241,-0.4027156150512227,1.9115717350659123,6
9.9,0.44,0.46,2.2,0.091,10.0,41.0,0.99638,3.18,0.69,11.9,0.9153704064395589,-0.4890446986753445,0.9601094629116147,-0.23923339294915397,0.05827503821874419,-0.5643075369192809,-0.17301161973876603,-0.1760746062338879,-0.837445007985578,0.18343681169678042,1.356872504546368,6
9.1,0.76,0.68,1.7,0.414,18.0,64.0,0.99652,2.9,1.33,9.1,0.45463396853164695,1.2599335789556907,2.0856330169475092,-0.6091061813654229,6.60220851260738,0.20172461957796234,0.5417172156666533,-0.10113734204711622,-2.6441383657283626,3.934812342884002,-1.2317239045448403,6
9.7,0.66,0.34,2.6,0.094,12.0,88.0,0.99796,3.26,0.66,10.1,0.8001862969625804,0.7133778671959924,0.3461875243465814,0.056664837783860986,0.1190546060923229,-0.37279949779497007,1.28752121782883,0.6696459467315566,-0.32124690577335663,0.007591083672379936,-0.30722518701226614,5
5.0,0.74,0.0,1.2,0.0409999999999999,16.0,46.0,0.99258,4.01,0.59,12.5,-1.9066402757463996,1.150622436603751,-1.3932579682543467,-0.9789789697816916,-0.9547177596742354,0.010216580453651524,-0.017635785954979197,-2.2100860627331818,4.518110302466241,-0.4027156150512227,1.9115717350659123,6
9.1,0.34,0.42,1.8,0.0579999999999999,9.0,18.0,0.99392,3.18,0.55,11.4,0.45463396853164695,-1.035600410435043,0.75546881672327,-0.535131623682169,-0.610300208390623,-0.6600615564814363,-0.8877404551441854,-1.4928293912307997,-0.837445007985578,-0.6371765857504236,0.894623145780081,5
9.1,0.36,0.39,1.8,0.06,21.0,55.0,0.99495,3.18,0.82,11.0,0.45463396853164695,-0.9262892680831034,0.6019883320820119,-0.535131623682169,-0.5697804964749019,0.48898667826442854,0.2620407148558371,-0.9415052332849554,-0.837445007985578,0.9454349664691847,0.524823658767051,7
6.7,0.46,0.24,1.7,0.077,18.0,34.0,0.9948,3.39,0.6,10.6,-0.9275753451920874,-0.3797335563234047,-0.16541409112427993,-0.6091061813654229,-0.22536294519128952,0.20172461957796234,-0.39053778703606756,-1.021795159199392,0.5175750103215091,-0.3441003723764223,0.15502417175402095,6
6.5,0.52,0.11,1.8,0.073,13.0,38.0,0.9955,3.34,0.52,9.3,-1.0427594546690653,-0.05180012926758561,-0.8304961912363995,-0.535131623682169,-0.3064023690227278,-0.27704547823281467,-0.2662371200090381,-0.6471088382652957,0.19495119643886757,-0.8130223137748247,-1.0468241610383244,5
7.4,0.6,0.26,2.1,0.083,17.0,91.0,0.99616,3.29,0.56,9.8,-0.5244309620226647,0.385444440140173,-0.06309376803010762,-0.3132079506324078,-0.10380380944413209,0.10597060001580692,1.3807467180991022,-0.2938331642417399,-0.1276726174437711,-0.5785613430756232,-0.5845748022720374,6
7.8,0.87,0.26,3.8,0.107,31.0,67.0,0.99668,3.26,0.46,9.2,-0.2940627430687092,1.861144861891359,-0.06309376803010762,0.9443595299829058,0.382432733544497,1.4465268738859824,0.6349427159369254,-0.015494754405015047,-0.32124690577335663,-1.1647137698236267,-1.1392740327915833,5
8.4,0.39,0.1,1.7,0.075,6.0,25.0,0.99581,3.09,0.43,9.7,0.051489585362224775,-0.7623225545551937,-0.8816563527834855,-0.6091061813654229,-0.26588265710700865,-0.9473236151679025,-0.6702142878468839,-0.4811763247088176,-1.4181678729743317,-1.3405594978480277,-0.6770246740252962,6
9.1,0.775,0.22,2.2,0.079,12.0,48.0,0.9976,3.18,0.51,9.6,0.45463396853164695,1.3419169357196457,-0.2677344142184521,-0.23923339294915397,-0.18484323327557037,-0.37279949779497007,0.04451454755853553,0.476950124536933,-0.837445007985578,-0.871637556449625,-0.7694745457785532,5
7.2,0.835,0.0,2.0,0.166,4.0,11.0,0.99608,3.39,0.52,10.0,-0.6396150714996427,1.6698503627754644,-1.3932579682543467,-0.3871825083156616,1.5777642350582108,-1.1388316542922132,-1.1052666224414869,-0.3366544580628202,0.5175750103215091,-0.8130223137748247,-0.39967505876552323,5
6.6,0.58,0.02,2.4,0.069,19.0,40.0,0.99387,3.38,0.66,12.6,-0.9851673999305766,0.27613329778823315,-1.2909376451601744,-0.09128427758264665,-0.3874417928541658,0.29747863914011774,-0.2040867864955234,-1.5195926998689453,0.4530502475449797,0.007591083672379936,2.0040216068191694,6
6.0,0.5,0.0,1.4,0.057,15.0,26.0,0.99448,3.36,0.45,9.5,-1.33071972836151,-0.1611112716195254,-1.3932579682543467,-0.8310298544151842,-0.6305600643484806,-0.08553743910850388,-0.6391391210901265,-1.1930803344835348,0.32400072199192365,-1.223329012498427,-0.8619244175318104,5
7.5,0.51,0.02,1.7,0.084,13.0,31.0,0.99538,3.36,0.54,10.5,-0.46683890728417593,-0.10645570044355551,-1.2909376451601744,-0.6091061813654229,-0.08354395348627253,-0.27704547823281467,-0.48376328730633966,-0.7113407789968568,0.32400072199192365,-0.6957918284252239,0.06257430000076386,6
7.6,0.54,0.02,1.7,0.085,17.0,31.0,0.99589,3.37,0.51,10.4,-0.40924685254568716,0.05751101308435418,-1.2909376451601744,-0.6091061813654229,-0.06328409752841295,0.10597060001580692,-0.48376328730633966,-0.4383550308877373,0.38852548476845306,-0.871637556449625,-0.029875571752493238,6
11.5,0.42,0.48,2.6,0.077,8.0,20.0,0.99852,3.09,0.53,11.0,1.8368432822553817,-0.5983558410272842,1.0624297860057867,0.056664837783860986,-0.22536294519128952,-0.7558155760435917,-0.8255901216306707,0.9693950034788216,-1.4181678729743317,-0.7544070711000244,0.524823658767051,5
8.2,0.44,0.24,2.3,0.063,10.0,28.0,0.99613,3.25,0.53,10.2,-0.06369452411475372,-0.4890446986753445,-0.16541409112427993,-0.16525883526590046,-0.5090009286013232,-0.5643075369192809,-0.5769887875766118,-0.30989114942467466,-0.3857716685498832,-0.7544070711000244,-0.21477531525900906,6
6.1,0.59,0.01,2.1,0.0559999999999999,5.0,13.0,0.99472,3.52,0.56,11.4,-1.2731276736230213,0.33078886896420306,-1.3420978067072604,-0.3132079506324078,-0.6508199203063422,-1.0430776347300579,-1.0431162889279721,-1.0646164530204127,1.356396926416372,-0.5785613430756232,0.894623145780081,5
7.2,0.655,0.03,1.8,0.078,7.0,12.0,0.99587,3.34,0.39,9.5,-0.6396150714996427,0.6860500816080074,-1.2397774836130884,-0.535131623682169,-0.20510308923342996,-0.8515695956057471,-1.0741914556847296,-0.4490603543430074,0.19495119643886757,-1.5750204685472289,-0.8619244175318104,5
6.9,0.57,0.0,2.8,0.081,21.0,41.0,0.99518,3.41,0.52,10.8,-0.8123912357151094,0.22147772661226328,-1.3932579682543467,0.2046139531503683,-0.14432352135985124,0.48898667826442854,-0.17301161973876603,-0.8183940135494981,0.6466245358745651,-0.8130223137748247,0.3399239152605368,5
9.0,0.6,0.29,2.0,0.069,32.0,73.0,0.99654,3.34,0.57,10.0,0.39704191379315823,0.385444440140173,0.09038671661115057,-0.3871825083156616,-0.3874417928541658,1.542280893448138,0.8213937164774696,-0.09043201859184614,0.19495119643886757,-0.5199461004008235,-0.39967505876552323,5
7.2,0.62,0.01,2.3,0.065,8.0,46.0,0.99332,3.32,0.51,11.8,-0.6396150714996427,0.49475558249211277,-1.3420978067072604,-0.16525883526590046,-0.4684812166856041,-0.7558155760435917,-0.017635785954979197,-1.8139890948886048,0.06590167088581153,-0.871637556449625,1.264422632793111,6
7.6,0.645,0.03,1.9,0.086,14.0,57.0,0.9969,3.37,0.46,10.3,-0.40924685254568716,0.6313945104320375,-1.2397774836130884,-0.4611570659989154,-0.043024241570553665,-0.18129145867065927,0.3241910483693518,0.10226380360283692,0.38852548476845306,-1.1647137698236267,-0.12232544350575032,5
7.2,0.58,0.03,2.3,0.077,7.0,28.0,0.99568,3.35,0.52,10.0,-0.6396150714996427,0.27613329778823315,-1.2397774836130884,-0.16525883526590046,-0.22536294519128952,-0.8515695956057471,-0.5769887875766118,-0.550760927167984,0.259475959215397,-0.8130223137748247,-0.39967505876552323,5
6.1,0.32,0.25,1.8,0.086,5.0,32.0,0.99464,3.36,0.44,10.1,-1.2731276736230213,-1.1449115527869826,-0.11425392957719378,-0.535131623682169,-0.043024241570553665,-1.0430776347300579,-0.4526881205495823,-1.107437746841493,0.32400072199192365,-1.2819442551732274,-0.30722518701226614,5
6.1,0.34,0.25,1.8,0.084,4.0,28.0,0.99464,3.36,0.44,10.1,-1.2731276736230213,-1.035600410435043,-0.11425392957719378,-0.535131623682169,-0.08354395348627253,-1.1388316542922132,-0.5769887875766118,-1.107437746841493,0.32400072199192365,-1.2819442551732274,-0.30722518701226614,5
7.3,0.43,0.24,2.5,0.078,27.0,67.0,0.99648,3.6,0.59,11.1,-0.5820230167611539,-0.5437002698513144,-0.16541409112427993,-0.017309719899392832,-0.20510308923342996,1.0635107956373608,0.6349427159369254,-0.12254798895759694,1.8725950286285962,-0.4027156150512227,0.6172735305203081,6
7.4,0.64,0.17,5.4,0.168,52.0,98.0,0.99736,3.28,0.5,9.5,-0.5244309620226647,0.6040667248440525,-0.5235352219538827,2.1279524529149665,1.61828394697393,3.4573612846912463,1.5982728853964037,0.34848624307381093,-0.19219738022030056,-0.9302527991244255,-0.8619244175318104,5
11.6,0.475,0.4,1.4,0.091,6.0,28.0,0.99704,3.07,0.65,10.0333333333333,1.8944353369938705,-0.29775019955945015,0.6531484936290981,-0.8310298544151842,0.05827503821874419,-0.9473236151679025,-0.5769887875766118,0.17720106778966802,-1.5472173985273876,-0.051024159002420445,-0.36885843484780206,6
9.2,0.54,0.31,2.3,0.1119999999999999,11.0,38.0,0.99699,3.24,0.56,10.9,0.5122260232701357,0.05751101308435418,0.1927070397053229,-0.16525883526590046,0.48373201333379295,-0.46855351735712547,-0.2662371200090381,0.15043775915152255,-0.4502964313264098,-0.5785613430756232,0.43237378701379386,5
8.3,0.85,0.14,2.5,0.093,13.0,54.0,0.99724,3.36,0.54,10.1,-0.0061024693762639646,1.7518337195394191,-0.677015706595141,-0.017309719899392832,0.09879475013446333,-0.27704547823281467,0.2309655480990797,0.2842543023422499,0.32400072199192365,-0.6957918284252239,-0.30722518701226614,5
8.0,0.83,0.27,2.0,0.08,11.0,63.0,0.99652,3.29,0.48,9.8,-0.1788786335917312,1.6425225771874794,-0.011933606483021464,-0.3871825083156616,-0.1645833773177108,-0.46855351735712547,0.510642048909896,-0.10113734204711622,-0.1276726174437711,-1.0474832844740263,-0.5845748022720374,4
7.2,0.605,0.02,1.9,0.096,10.0,31.0,0.995,3.46,0.53,11.8,-0.6396150714996427,0.4127722257281579,-1.2909376451601744,-0.4611570659989154,0.15957431800804206,-0.5643075369192809,-0.48376328730633966,-0.9147419246468099,0.9692483497572039,-0.7544070711000244,1.264422632793111,6
7.8,0.5,0.09,2.2,0.115,10.0,42.0,0.9971,3.18,0.62,9.5,-0.2940627430687092,-0.1611112716195254,-0.9328165143305717,-0.23923339294915397,0.5445115812073736,-0.5643075369192809,-0.14193645298200866,0.20931703815541883,-0.837445007985578,-0.22686988702682157,-0.8619244175318104,5
7.3,0.74,0.08,1.7,0.094,10.0,45.0,0.99576,3.24,0.5,9.8,-0.5820230167611539,1.150622436603751,-0.9839766758776577,-0.6091061813654229,0.1190546060923229,-0.5643075369192809,-0.04871095271173656,-0.5079396333469631,-0.4502964313264098,-0.9302527991244255,-0.5845748022720374,5
6.9,0.54,0.3,2.2,0.088,9.0,105.0,0.99725,3.25,1.18,10.5,-0.8123912357151094,0.05751101308435418,0.14154687815823674,-0.23923339294915397,-0.0025045296548345205,-0.6600615564814363,1.8157990526937053,0.28960696406985525,-0.3857716685498832,3.0555837027619965,0.06257430000076386,6
8.0,0.77,0.32,2.1,0.079,16.0,74.0,0.99656,3.27,0.5,9.8,-0.1788786335917312,1.3145891501316607,0.24386720125240904,-0.3132079506324078,-0.18484323327557037,0.010216580453651524,0.852468883234227,-0.07972669513657607,-0.25672214299682716,-0.9302527991244255,-0.5845748022720374,6
6.6,0.61,0.0,1.6,0.069,4.0,8.0,0.99396,3.33,0.37,10.4,-0.9851673999305766,0.44010001131614285,-1.3932579682543467,-0.6830807390486765,-0.3874417928541658,-1.1388316542922132,-1.198492122711759,-1.471418744320319,0.130426433662341,-1.6922509538968298,-0.029875571752493238,4
8.7,0.78,0.51,1.7,0.415,12.0,66.0,0.99623,3.0,1.17,9.2,0.224265749577691,1.3692447213076304,1.2159102706470453,-0.6091061813654229,6.622468368565239,-0.37279949779497007,0.603867549180168,-0.25636453214838373,-1.9988907379630823,2.996968460087196,-1.1392740327915833,5
7.5,0.58,0.56,3.1,0.153,5.0,14.0,0.99476,3.21,1.03,11.6,-0.46683890728417593,0.27613329778823315,1.471711078382476,0.42653762620012975,1.3143861076060364,-1.0430776347300579,-1.012041122171215,-1.043205806109932,-0.6438707196559953,2.176355062639992,1.0795228892865951,6
7.7,0.75,0.27,3.8,0.11,34.0,89.0,0.99664,3.24,0.45,9.3,-0.35165479780719794,1.2052780077797207,-0.011933606483021464,0.9443595299829058,0.44321230141807577,1.733788932572449,1.3185963845855875,-0.0369054013155552,-0.4502964313264098,-1.223329012498427,-1.0468241610383244,5
6.8,0.815,0.0,1.2,0.267,16.0,29.0,0.99471,3.32,0.51,9.8,-0.8699832904535987,1.5605392204235244,-1.3932579682543467,-0.9789789697816916,3.624009686802026,0.010216580453651524,-0.5459136208198544,-1.0699691147480774,0.06590167088581153,-0.871637556449625,-0.5845748022720374,3
7.2,0.56,0.26,2.0,0.083,13.0,100.0,0.99586,3.26,0.52,9.9,-0.6396150714996427,0.16682215543629397,-0.06309376803010762,-0.3871825083156616,-0.10380380944413209,-0.27704547823281467,1.6604232189099184,-0.45441301607067214,-0.32124690577335663,-0.8130223137748247,-0.4921249305187803,5
8.2,0.885,0.2,1.4,0.086,7.0,31.0,0.9946,3.11,0.46,10.0,-0.06369452411475372,1.9431282186553138,-0.3700547373126243,-0.8310298544151842,-0.043024241570553665,-0.8515695956057471,-0.48376328730633966,-1.1288483937519738,-1.2891183474212755,-1.1647137698236267,-0.39967505876552323,5
5.2,0.49,0.26,2.3,0.09,23.0,74.0,0.9953,3.71,0.62,12.2,-1.7914561662694215,-0.2157668427954953,-0.06309376803010762,-0.16525883526590046,0.03801518226088462,0.6804947173887393,0.852468883234227,-0.7541620728179371,2.582367419170403,-0.22686988702682157,1.6342221198061393,6
7.2,0.45,0.15,2.0,0.078,10.0,28.0,0.99609,3.29,0.51,9.9,-0.6396150714996427,-0.4343891274993746,-0.625855545048055,-0.3871825083156616,-0.20510308923342996,-0.5643075369192809,-0.5769887875766118,-0.3313017963351554,-0.1276726174437711,-0.871637556449625,-0.4921249305187803,6
7.5,0.57,0.02,2.6,0.077,11.0,35.0,0.99557,3.36,0.62,10.8,-0.46683890728417593,0.22147772661226328,-1.2909376451601744,0.056664837783860986,-0.22536294519128952,-0.46855351735712547,-0.3594626202793102,-0.6096402061719397,0.32400072199192365,-0.22686988702682157,0.3399239152605368,6
6.8,0.83,0.09,1.8,0.074,4.0,25.0,0.99534,3.38,0.45,9.6,-0.8699832904535987,1.6425225771874794,-0.9328165143305717,-0.535131623682169,-0.2861425130648682,-1.1388316542922132,-0.6702142878468839,-0.732751425907397,0.4530502475449797,-1.223329012498427,-0.7694745457785532,5
8.0,0.6,0.22,2.1,0.08,25.0,105.0,0.99613,3.3,0.49,9.9,-0.1788786335917312,0.385444440140173,-0.2677344142184521,-0.3132079506324078,-0.1645833773177108,0.8720027565130501,1.8157990526937053,-0.30989114942467466,-0.06314785466724451,-0.9888680417992258,-0.4921249305187803,5
7.1,0.755,0.15,1.8,0.107,20.0,84.0,0.99593,3.19,0.5,9.5,-0.6972071262381319,1.2326057933677057,-0.625855545048055,-0.535131623682169,0.382432733544497,0.39323265870227314,1.1632205508018005,-0.4169443839772566,-0.7729202452090513,-0.9302527991244255,-0.8619244175318104,5
8.0,0.81,0.25,3.4,0.076,34.0,85.0,0.99668,3.19,0.42,9.2,-0.1788786335917312,1.5332114348355401,-0.11425392957719378,0.6484612992498909,-0.24562280114914908,1.733788932572449,1.194295717558558,-0.015494754405015047,-0.7729202452090513,-1.399174740522828,-1.1392740327915833,5
7.4,0.64,0.07,1.8,0.1,8.0,23.0,0.9961,3.3,0.58,9.6,-0.5244309620226647,0.6040667248440525,-1.0351368374247438,-0.535131623682169,0.24061374183948034,-0.7558155760435917,-0.7323646213603986,-0.3259491346075501,-0.06314785466724451,-0.4613308577260231,-0.7694745457785532,5
6.6,0.64,0.31,6.1,0.083,7.0,49.0,0.99718,3.35,0.68,10.3,-0.9851673999305766,0.6040667248440525,0.1927070397053229,2.645774356697742,-0.10380380944413209,-0.8515695956057471,0.07558971431529289,0.2521383319764397,0.259475959215397,0.12482156902198069,-0.12232544350575032,5
6.7,0.48,0.02,2.2,0.08,36.0,111.0,0.99524,3.1,0.53,9.7,-0.9275753451920874,-0.2704224139714652,-1.2909376451601744,-0.23923339294915397,-0.1645833773177108,1.9252969716967596,2.0022500532342495,-0.7862780431836879,-1.3536431101978021,-0.7544070711000244,-0.6770246740252962,5
6.0,0.49,0.0,2.3,0.068,15.0,33.0,0.99292,3.58,0.59,12.5,-1.33071972836151,-0.2157668427954953,-1.3932579682543467,-0.16525883526590046,-0.40770164881202536,-0.08553743910850388,-0.42161295379282493,-2.0280955639937686,1.74354550307554,-0.4027156150512227,1.9115717350659123,6
8.0,0.64,0.22,2.4,0.094,5.0,33.0,0.99612,3.37,0.58,11.0,-0.1788786335917312,0.6040667248440525,-0.2677344142184521,-0.09128427758264665,0.1190546060923229,-1.0430776347300579,-0.42161295379282493,-0.31524381115228,0.38852548476845306,-0.4613308577260231,0.524823658767051,5
7.1,0.62,0.06,1.3,0.07,5.0,12.0,0.9942,3.17,0.48,9.8,-0.6972071262381319,0.49475558249211277,-1.08629699897183,-0.9050044120984378,-0.36718193689630624,-1.0430776347300579,-1.0741914556847296,-1.342954862857197,-0.9019697707621074,-1.0474832844740263,-0.5845748022720374,5
8.0,0.52,0.25,2.0,0.078,19.0,59.0,0.99612,3.3,0.48,10.2,-0.1788786335917312,-0.05180012926758561,-0.11425392957719378,-0.3871825083156616,-0.20510308923342996,0.29747863914011774,0.38634138188286654,-0.31524381115228,-0.06314785466724451,-1.0474832844740263,-0.21477531525900906,5
6.4,0.57,0.14,3.9,0.07,27.0,73.0,0.99669,3.32,0.48,9.2,-1.100351509407554,0.22147772661226328,-0.677015706595141,1.0183340876661597,-0.36718193689630624,1.0635107956373608,0.8213937164774696,-0.010142092677409724,0.06590167088581153,-1.0474832844740263,-1.1392740327915833,5
8.6,0.685,0.1,1.6,0.092,3.0,12.0,0.99745,3.31,0.65,9.55,0.16667369483920225,0.8500167951359171,-0.8816563527834855,-0.6830807390486765,0.07853489417660377,-1.2345856738543688,-1.0741914556847296,0.3966601986224371,0.0013769081092849425,-0.051024159002420445,-0.815699481655181,6
8.7,0.675,0.1,1.6,0.09,4.0,11.0,0.99745,3.31,0.65,9.55,0.224265749577691,0.7953612239599472,-0.8816563527834855,-0.6830807390486765,0.03801518226088462,-1.1388316542922132,-1.1052666224414869,0.3966601986224371,0.0013769081092849425,-0.051024159002420445,-0.815699481655181,5
7.3,0.59,0.26,2.0,0.08,17.0,104.0,0.99584,3.28,0.52,9.9,-0.5820230167611539,0.33078886896420306,-0.06309376803010762,-0.3871825083156616,-0.1645833773177108,0.10597060001580692,1.7847238859369479,-0.4651183395259422,-0.19219738022030056,-0.8130223137748247,-0.4921249305187803,5
7.0,0.6,0.12,2.2,0.083,13.0,28.0,0.9966,3.52,0.62,10.2,-0.7547991809766207,0.385444440140173,-0.7793360296893133,-0.23923339294915397,-0.10380380944413209,-0.27704547823281467,-0.5769887875766118,-0.05831604822603592,1.356396926416372,-0.22686988702682157,-0.21477531525900906,7
7.2,0.67,0.0,2.2,0.068,10.0,24.0,0.9956,3.42,0.72,11.1,-0.6396150714996427,0.7680334383719623,-1.3932579682543467,-0.23923339294915397,-0.40770164881202536,-0.5643075369192809,-0.7012894546036412,-0.5935822209890048,0.7111492986510918,0.35928253972118157,0.6172735305203081,6
7.9,0.69,0.21,2.1,0.08,33.0,141.0,0.9962,3.25,0.51,9.9,-0.23647068833021995,0.8773445807239014,-0.3188945757655383,-0.3132079506324078,-0.1645833773177108,1.6380349130102936,2.9345050559369703,-0.27242251733125916,-0.3857716685498832,-0.871637556449625,-0.4921249305187803,5
7.6,0.3,0.42,2.0,0.052,6.0,24.0,0.9963,3.44,0.82,11.9,-0.40924685254568716,-1.2542226951389224,0.75546881672327,-0.3871825083156616,-0.7318593441377784,-0.9473236151679025,-0.7012894546036412,-0.2188959000549682,0.8401988242041478,0.9454349664691847,1.356872504546368,6
7.2,0.33,0.33,1.7,0.061,3.0,13.0,0.996,3.23,1.1,10.0,-0.6396150714996427,-1.0902559816110127,0.2950273627994952,-0.6091061813654229,-0.5495206405170424,-1.2345856738543688,-1.0431162889279721,-0.37947575188384103,-0.5148211941029393,2.5866617613635947,-0.39967505876552323,8
8.0,0.5,0.39,2.6,0.0819999999999999,12.0,46.0,0.9985,3.43,0.62,10.7,-0.1788786335917312,-0.1611112716195254,0.6019883320820119,0.056664837783860986,-0.12406366540199364,-0.37279949779497007,-0.017635785954979197,0.958689680023611,0.7756740614276212,-0.22686988702682157,0.24747404350727803,6
7.7,0.28,0.3,2.0,0.062,18.0,34.0,0.9952,3.28,0.9,11.3,-0.35165479780719794,-1.3635338374908619,0.14154687815823674,-0.3871825083156616,-0.5292607845591828,0.20172461957796234,-0.39053778703606756,-0.8076886900942281,-0.19219738022030056,1.4143569078675877,0.8021732740268238,7
8.2,0.24,0.34,5.1,0.062,8.0,22.0,0.9974,3.22,0.94,10.9,-0.06369452411475372,-1.5821561221947416,0.3461875243465814,1.9060287798652045,-0.5292607845591828,-0.7558155760435917,-0.763439788117156,0.36989688998429165,-0.5793459568794659,1.6488178785667886,0.43237378701379386,6
6.0,0.51,0.0,2.1,0.064,40.0,54.0,0.995,3.54,0.93,10.7,-1.33071972836151,-0.10645570044355551,-1.3932579682543467,-0.3132079506324078,-0.48874107264346367,2.3083130499453812,0.2309655480990797,-0.9147419246468099,1.485446451969428,1.590202635891989,0.24747404350727803,6
8.1,0.29,0.36,2.2,0.048,35.0,53.0,0.995,3.27,1.01,12.4,-0.12128657885324247,-1.3088782663148923,0.4485078474407534,-0.23923339294915397,-0.8128987679692166,1.8295429521346043,0.19989038134232234,-0.9147419246468099,-0.25672214299682716,2.0591245772903912,1.8191218633126551,7
6.6,0.96,0.0,1.8,0.0819999999999999,5.0,16.0,0.9936,3.5,0.44,11.9,-0.9851673999305766,2.3530450024750875,-1.3932579682543467,-0.535131623682169,-0.12406366540199364,-1.0430776347300579,-0.9498907886577002,-1.6641145665149426,1.2273474008633158,-1.2819442551732274,1.356872504546368,6
6.4,0.47,0.4,2.4,0.071,8.0,19.0,0.9963,3.56,0.73,10.6,-1.100351509407554,-0.3250779851474351,0.6531484936290981,-0.09128427758264665,-0.34692208093844695,-0.7558155760435917,-0.8566652883874281,-0.2188959000549682,1.614495977522484,0.4178977823959819,0.15502417175402095,6
9.9,0.57,0.25,2.0,0.104,12.0,89.0,0.9963,3.04,0.9,10.1,0.9153704064395589,0.22147772661226328,-0.11425392957719378,-0.3871825083156616,0.32165316567091834,-0.37279949779497007,1.3185963845855875,-0.2188959000549682,-1.7407916868569702,1.4143569078675877,-0.30722518701226614,5
10.0,0.32,0.59,2.2,0.077,3.0,15.0,0.9994,3.2,0.78,9.6,0.9729624611780476,-1.1449115527869826,1.625191563023734,-0.23923339294915397,-0.22536294519128952,-1.2345856738543688,-0.9809659554144575,1.4404292355102295,-0.7083954824325219,0.7109739957699838,-0.7694745457785532,5
6.2,0.58,0.0,1.6,0.065,8.0,18.0,0.9966,3.56,0.84,9.4,-1.215535618884532,0.27613329778823315,-1.3932579682543467,-0.6830807390486765,-0.4684812166856041,-0.7558155760435917,-0.8877404551441854,-0.05831604822603592,1.614495977522484,1.0626654518187855,-0.9543742892850674,5
7.3,0.34,0.33,2.5,0.064,21.0,37.0,0.9952,3.35,0.77,12.1,-0.5820230167611539,-1.035600410435043,0.2950273627994952,-0.017309719899392832,-0.48874107264346367,0.48898667826442854,-0.29731228676579546,-0.8076886900942281,0.259475959215397,0.6523587530951834,1.5417722480528822,7
7.8,0.53,0.01,1.6,0.077,3.0,19.0,0.995,3.16,0.46,9.8,-0.2940627430687092,0.002855441908384288,-1.3420978067072604,-0.6830807390486765,-0.22536294519128952,-1.2345856738543688,-0.8566652883874281,-0.9147419246468099,-0.966494533538634,-1.1647137698236267,-0.5845748022720374,5
7.7,0.64,0.21,2.2,0.077,32.0,133.0,0.9956,3.27,0.45,9.9,-0.35165479780719794,0.6040667248440525,-0.3188945757655383,-0.23923339294915397,-0.22536294519128952,1.542280893448138,2.6859037218829114,-0.5935822209890048,-0.25672214299682716,-1.223329012498427,-0.4921249305187803,5
7.5,0.4,0.18,1.6,0.079,24.0,58.0,0.9965,3.34,0.58,9.4,-0.46683890728417593,-0.7076669833792237,-0.4723750604067966,-0.6830807390486765,-0.18484323327557037,0.7762487369508947,0.3552662151261092,-0.11184266550232687,0.19495119643886757,-0.4613308577260231,-0.9543742892850674,5
7.0,0.54,0.0,2.1,0.079,39.0,55.0,0.9956,3.39,0.84,11.4,-0.7547991809766207,0.05751101308435418,-1.3932579682543467,-0.3132079506324078,-0.18484323327557037,2.212559030383226,0.2620407148558371,-0.5935822209890048,0.5175750103215091,1.0626654518187855,0.894623145780081,6
6.4,0.53,0.09,3.9,0.123,14.0,31.0,0.9968,3.5,0.67,11.0,-1.100351509407554,0.002855441908384288,-0.9328165143305717,1.0183340876661597,0.7065904288702499,-0.18129145867065927,-0.48376328730633966,0.04873718632654597,1.2273474008633158,0.06620632634718031,0.524823658767051,4
8.3,0.26,0.37,1.4,0.076,8.0,23.0,0.9974,3.26,0.7,9.6,-0.0061024693762639646,-1.4728449798428018,0.4996680089878396,-0.8310298544151842,-0.24562280114914908,-0.7558155760435917,-0.7323646213603986,0.36989688998429165,-0.32124690577335663,0.2420520543715808,-0.7694745457785532,6
7.7,0.23,0.37,1.8,0.046,23.0,60.0,0.9971,3.41,0.71,12.1,-0.35165479780719794,-1.6368116933707115,0.4996680089878396,-0.535131623682169,-0.8534184798849357,0.6804947173887393,0.4174165486396239,0.20931703815541883,0.6466245358745651,0.3006672970463812,1.5417722480528822,6
7.6,0.41,0.33,2.5,0.078,6.0,23.0,0.9957,3.3,0.58,11.2,-0.40924685254568716,-0.6530114122032542,0.2950273627994952,-0.017309719899392832,-0.20510308923342996,-0.9473236151679025,-0.7323646213603986,-0.5400556037127139,-0.06314785466724451,-0.4613308577260231,0.7097234022735651,5
7.8,0.64,0.0,1.9,0.072,27.0,55.0,0.9962,3.31,0.63,11.0,-0.2940627430687092,0.6040667248440525,-1.3932579682543467,-0.4611570659989154,-0.3266622249805874,1.0635107956373608,0.2620407148558371,-0.27242251733125916,0.0013769081092849425,-0.1682546443520212,0.524823658767051,5
7.9,0.18,0.4,2.2,0.049,38.0,67.0,0.996,3.33,0.93,11.3,-0.23647068833021995,-1.9100895492505605,0.6531484936290981,-0.23923339294915397,-0.7926389120113569,2.1168050108210705,0.6349427159369254,-0.37947575188384103,0.130426433662341,1.590202635891989,0.8021732740268238,5
7.4,0.41,0.24,1.8,0.066,18.0,47.0,0.9956,3.37,0.62,10.4,-0.5244309620226647,-0.6530114122032542,-0.16541409112427993,-0.535131623682169,-0.4482213607277445,0.20172461957796234,0.013439380801778167,-0.5935822209890048,0.38852548476845306,-0.22686988702682157,-0.029875571752493238,5
7.6,0.43,0.31,2.1,0.069,13.0,74.0,0.9958,3.26,0.54,9.9,-0.40924685254568716,-0.5437002698513144,0.1927070397053229,-0.3132079506324078,-0.3874417928541658,-0.27704547823281467,0.852468883234227,-0.48652898643642295,-0.32124690577335663,-0.6957918284252239,-0.4921249305187803,6
5.9,0.44,0.0,1.6,0.042,3.0,11.0,0.9944,3.48,0.85,11.7,-1.3883117830999987,-0.4890446986753445,-1.3932579682543467,-0.6830807390486765,-0.9344579037163738,-1.2345856738543688,-1.1052666224414869,-1.2359016283046151,1.09829787531026,1.1212806944935858,1.1719727610398523,6
6.1,0.4,0.16,1.8,0.069,11.0,25.0,0.9955,3.42,0.74,10.1,-1.2731276736230213,-0.7076669833792237,-0.5746953835009688,-0.535131623682169,-0.3874417928541658,-0.46855351735712547,-0.6702142878468839,-0.6471088382652957,0.7111492986510918,0.4765130250707823,-0.30722518701226614,7
10.2,0.54,0.37,15.4,0.214,55.0,95.0,1.00369,3.18,0.77,9.0,1.088146570655025,0.05751101308435418,0.4996680089878396,9.525408221240342,2.550237321035469,3.7446233433777123,1.5050473851261317,3.7367211166633725,-0.837445007985578,0.6523587530951834,-1.3241737762980974,6
10.0,0.38,0.38,1.6,0.1689999999999999,27.0,90.0,0.99914,3.15,0.65,8.5,0.9729624611780476,-0.8169781257311636,0.5508281705349257,-0.6830807390486765,1.6385438029317874,1.0635107956373608,1.3496715513423447,1.3012600305918969,-1.0310192963151634,-0.051024159002420445,-1.7864231350643844,5
6.8,0.915,0.29,4.8,0.07,15.0,39.0,0.99577,3.53,0.54,11.1,-0.8699832904535987,2.1070949321832235,0.09038671661115057,1.6841051068154433,-0.36718193689630624,-0.08553743910850388,-0.23516195325228073,-0.5025869716192983,1.4209216891928986,-0.6957918284252239,0.6172735305203081,5
7.0,0.59,0.0,1.7,0.052,3.0,8.0,0.996,3.41,0.47,10.3,-0.7547991809766207,0.33078886896420306,-1.3932579682543467,-0.6091061813654229,-0.7318593441377784,-1.2345856738543688,-1.198492122711759,-0.37947575188384103,0.6466245358745651,-1.1060985271488266,-0.12232544350575032,5
7.3,0.67,0.02,2.2,0.072,31.0,92.0,0.99566,3.32,0.68,11.066666666666698,-0.5820230167611539,0.7680334383719623,-1.2909376451601744,-0.23923339294915397,-0.3266622249805874,1.4465268738859824,1.4118218848558595,-0.5614662506232541,0.06590167088581153,0.12482156902198069,0.5864569066025852,6
7.2,0.37,0.32,2.0,0.062,15.0,28.0,0.9947,3.23,0.73,11.3,-0.6396150714996427,-0.8716336969071334,0.24386720125240904,-0.3871825083156616,-0.5292607845591828,-0.08553743910850388,-0.5769887875766118,-1.0753217764756828,-0.5148211941029393,0.4178977823959819,0.8021732740268238,7
7.4,0.785,0.19,5.2,0.094,19.0,98.0,0.99713,3.16,0.52,9.56666666666667,-0.5244309620226647,1.3965725068956154,-0.4212148988597105,1.9800033375484587,0.1190546060923229,0.29747863914011774,1.5982728853964037,0.2253750233382942,-0.966494533538634,-0.8130223137748247,-0.8002911696963023,6
6.9,0.63,0.02,1.9,0.078,18.0,30.0,0.99712,3.4,0.75,9.8,-0.8123912357151094,0.5494111536680827,-1.2909376451601744,-0.4611570659989154,-0.20510308923342996,0.20172461957796234,-0.514838454063097,0.2200223616106889,0.5820997730980357,0.5351282677455826,-0.5845748022720374,5
6.9,0.58,0.2,1.75,0.0579999999999999,8.0,22.0,0.99322,3.38,0.49,11.7,-0.8123912357151094,0.27613329778823315,-0.3700547373126243,-0.5721189025237959,-0.610300208390623,-0.7558155760435917,-0.763439788117156,-1.8675157121648958,0.4530502475449797,-0.9888680417992258,1.1719727610398523,5
7.3,0.67,0.02,2.2,0.072,31.0,92.0,0.99566,3.32,0.68,11.1,-0.5820230167611539,0.7680334383719623,-1.2909376451601744,-0.23923339294915397,-0.3266622249805874,1.4465268738859824,1.4118218848558595,-0.5614662506232541,0.06590167088581153,0.12482156902198069,0.6172735305203081,6
7.4,0.785,0.19,5.2,0.094,19.0,98.0,0.99713,3.16,0.52,9.6,-0.5244309620226647,1.3965725068956154,-0.4212148988597105,1.9800033375484587,0.1190546060923229,0.29747863914011774,1.5982728853964037,0.2253750233382942,-0.966494533538634,-0.8130223137748247,-0.7694745457785532,6
6.8,0.67,0.0,1.9,0.08,22.0,39.0,0.99701,3.4,0.74,9.7,-0.8699832904535987,0.7680334383719623,-1.3932579682543467,-0.4611570659989154,-0.1645833773177108,0.5847406978265839,-0.23516195325228073,0.16114308260673318,0.5820997730980357,0.4765130250707823,-0.6770246740252962,5
6.9,0.58,0.01,1.9,0.08,40.0,54.0,0.99683,3.4,0.73,9.7,-0.8123912357151094,0.27613329778823315,-1.3420978067072604,-0.4611570659989154,-0.1645833773177108,2.3083130499453812,0.2309655480990797,0.06479517150942138,0.5820997730980357,0.4178977823959819,-0.6770246740252962,5
7.2,0.38,0.31,2.0,0.0559999999999999,15.0,29.0,0.99472,3.23,0.76,11.3,-0.6396150714996427,-0.8169781257311636,0.1927070397053229,-0.3871825083156616,-0.6508199203063422,-0.08553743910850388,-0.5459136208198544,-1.0646164530204127,-0.5148211941029393,0.5937435104203831,0.8021732740268238,8
7.8,0.32,0.44,2.7,0.104,8.0,17.0,0.99732,3.33,0.78,11.0,-0.2940627430687092,-1.1449115527869826,0.8577891398174424,0.1306393954671148,0.32165316567091834,-0.7558155760435917,-0.9188156219009428,0.3270755961632708,0.130426433662341,0.7109739957699838,0.524823658767051,7
6.6,0.58,0.02,2.0,0.062,37.0,53.0,0.99374,3.35,0.76,11.6,-0.9851673999305766,0.27613329778823315,-1.2909376451601744,-0.3871825083156616,-0.5292607845591828,2.021050991258915,0.19989038134232234,-1.589177302328171,0.259475959215397,0.5937435104203831,1.0795228892865951,7
7.6,0.49,0.33,1.9,0.074,27.0,85.0,0.99706,3.41,0.58,9.0,-0.40924685254568716,-0.2157668427954953,0.2950273627994952,-0.4611570659989154,-0.2861425130648682,1.0635107956373608,1.194295717558558,0.18790639124487868,0.6466245358745651,-0.4613308577260231,-1.3241737762980974,5
11.7,0.45,0.63,2.2,0.073,7.0,23.0,0.99974,3.21,0.69,10.9,1.9520273917323594,-0.4343891274993746,1.8298322092120787,-0.23923339294915397,-0.3064023690227278,-0.8515695956057471,-0.7323646213603986,1.6224197342496425,-0.6438707196559953,0.18343681169678042,0.43237378701379386,6
6.5,0.9,0.0,1.6,0.052,9.0,17.0,0.99467,3.5,0.63,10.9,-1.0427594546690653,2.0251115754192686,-1.3932579682543467,-0.6830807390486765,-0.7318593441377784,-0.6600615564814363,-0.9188156219009428,-1.091379761658558,1.2273474008633158,-0.1682546443520212,0.43237378701379386,6
6.0,0.54,0.06,1.8,0.05,38.0,89.0,0.99236,3.3,0.5,10.55,-1.33071972836151,0.05751101308435418,-1.08629699897183,-0.535131623682169,-0.7723790560534973,2.1168050108210705,1.3185963845855875,-2.3278446207410335,-0.06314785466724451,-0.9302527991244255,0.10879923587739322,6
8.4,0.29,0.4,1.7,0.067,8.0,20.0,0.99603,3.39,0.6,10.5,0.051489585362224775,-1.3088782663148923,0.6531484936290981,-0.6091061813654229,-0.4279615047698849,-0.7558155760435917,-0.8255901216306707,-0.36341776670096565,0.5175750103215091,-0.3441003723764223,0.06257430000076386,5
7.9,0.2,0.35,1.7,0.054,7.0,15.0,0.99458,3.32,0.8,11.9,-0.23647068833021995,-1.8007784068986208,0.39734768589366726,-0.6091061813654229,-0.6913396322220592,-0.8515695956057471,-0.9809659554144575,-1.1395537172072439,0.06590167088581153,0.8282044811195846,1.356872504546368,7
6.4,0.42,0.09,2.3,0.054,34.0,64.0,0.99724,3.41,0.68,10.4,-1.100351509407554,-0.5983558410272842,-0.9328165143305717,-0.16525883526590046,-0.6913396322220592,1.733788932572449,0.5417172156666533,0.2842543023422499,0.6466245358745651,0.12482156902198069,-0.029875571752493238,6
6.2,0.785,0.0,2.1,0.06,6.0,13.0,0.99664,3.59,0.61,10.0,-1.215535618884532,1.3965725068956154,-1.3932579682543467,-0.3132079506324078,-0.5697804964749019,-0.9473236151679025,-1.0431162889279721,-0.0369054013155552,1.8080702658520666,-0.28548512970162193,-0.39967505876552323,4
6.8,0.64,0.03,2.3,0.075,14.0,31.0,0.99545,3.36,0.58,10.4,-0.8699832904535987,0.6040667248440525,-1.2397774836130884,-0.16525883526590046,-0.26588265710700865,-0.18129145867065927,-0.48376328730633966,-0.6738721469035007,0.32400072199192365,-0.4613308577260231,-0.029875571752493238,6
6.9,0.63,0.01,2.4,0.076,14.0,39.0,0.99522,3.34,0.53,10.8,-0.8123912357151094,0.5494111536680827,-1.3420978067072604,-0.09128427758264665,-0.24562280114914908,-0.18129145867065927,-0.23516195325228073,-0.796983366638958,0.19495119643886757,-0.7544070711000244,0.3399239152605368,6
6.8,0.59,0.1,1.7,0.063,34.0,53.0,0.9958,3.41,0.67,9.7,-0.8699832904535987,0.33078886896420306,-0.8816563527834855,-0.6091061813654229,-0.5090009286013232,1.733788932572449,0.19989038134232234,-0.48652898643642295,0.6466245358745651,0.06620632634718031,-0.6770246740252962,5
7.3,0.48,0.32,2.1,0.062,31.0,54.0,0.99728,3.3,0.65,10.0,-0.5820230167611539,-0.2704224139714652,0.24386720125240904,-0.3132079506324078,-0.5292607845591828,1.4465268738859824,0.2309655480990797,0.3056649492527901,-0.06314785466724451,-0.051024159002420445,-0.39967505876552323,7
6.7,1.04,0.08,2.3,0.067,19.0,32.0,0.99648,3.52,0.57,11.0,-0.9275753451920874,2.7902895718828464,-0.9839766758776577,-0.16525883526590046,-0.4279615047698849,0.29747863914011774,-0.4526881205495823,-0.12254798895759694,1.356396926416372,-0.5199461004008235,0.524823658767051,4
7.3,0.98,0.05,2.1,0.061,20.0,49.0,0.99705,3.31,0.55,9.7,-0.5820230167611539,2.4623561448270275,-1.137457160518916,-0.3132079506324078,-0.5495206405170424,0.39323265870227314,0.07558971431529289,0.18255372951727333,0.0013769081092849425,-0.6371765857504236,-0.6770246740252962,3
10.0,0.69,0.11,1.4,0.084,8.0,24.0,0.99578,2.88,0.47,9.7,0.9729624611780476,0.8773445807239014,-0.8304961912363995,-0.8310298544151842,-0.08354395348627253,-0.7558155760435917,-0.7012894546036412,-0.497234309891693,-2.7731878912814185,-1.1060985271488266,-0.6770246740252962,5
6.7,0.7,0.08,3.75,0.067,8.0,16.0,0.99334,3.43,0.52,12.6,-0.9275753451920874,0.9320001518998713,-0.9839766758776577,0.9073722511412791,-0.4279615047698849,-0.7558155760435917,-0.9498907886577002,-1.8032837714333347,0.7756740614276212,-0.8130223137748247,2.0040216068191694,5
7.6,0.35,0.6,2.6,0.073,23.0,44.0,0.99656,3.38,0.79,11.1,-0.40924685254568716,-0.9809448392590733,1.6763517245708202,0.056664837783860986,-0.3064023690227278,0.6804947173887393,-0.07978611946849393,-0.07972669513657607,0.4530502475449797,0.7695892384447842,0.6172735305203081,6
6.1,0.6,0.08,1.8,0.071,14.0,45.0,0.99336,3.38,0.54,11.0,-1.2731276736230213,0.385444440140173,-0.9839766758776577,-0.535131623682169,-0.34692208093844695,-0.18129145867065927,-0.04871095271173656,-1.7925784479780646,0.4530502475449797,-0.6957918284252239,0.524823658767051,5
9.9,0.5,0.5,13.8,0.205,48.0,82.0,1.00242,3.16,0.75,8.8,0.9153704064395589,-0.1611112716195254,1.164750109099959,8.341815298308282,2.367898617414733,3.0743452064426244,1.1010702172882858,3.056933077254466,-0.966494533538634,0.5351282677455826,-1.5090735198046117,5
5.3,0.47,0.11,2.2,0.048,16.0,89.0,0.99182,3.54,0.88,13.566666666666698,-1.7338641115309328,-0.3250779851474351,-0.8304961912363995,-0.23923339294915397,-0.8128987679692166,0.010216580453651524,1.3185963845855875,-2.6168883540330286,1.485446451969428,1.297126422517987,2.897703700434021,7
5.3,0.47,0.11,2.2,0.048,16.0,89.0,0.99182,3.54,0.88,13.6,-1.7338641115309328,-0.3250779851474351,-0.8304961912363995,-0.23923339294915397,-0.8128987679692166,0.010216580453651524,1.3185963845855875,-2.6168883540330286,1.485446451969428,1.297126422517987,2.9285203243517435,7
7.1,0.875,0.05,5.7,0.0819999999999999,3.0,14.0,0.99808,3.4,0.52,10.2,-0.6972071262381319,1.8884726474793438,-1.137457160518916,2.3498761259647276,-0.12406366540199364,-1.2345856738543688,-1.012041122171215,0.7338778874631177,0.5820997730980357,-0.8130223137748247,-0.21477531525900906,3
8.2,0.28,0.6,3.0,0.104,10.0,22.0,0.99828,3.39,0.68,10.6,-0.06369452411475372,-1.3635338374908619,1.6763517245708202,0.3525630685168759,0.32165316567091834,-0.5643075369192809,-0.763439788117156,0.8409311220156995,0.5175750103215091,0.12482156902198069,0.15502417175402095,5
5.6,0.62,0.03,1.5,0.08,6.0,13.0,0.99498,3.66,0.62,10.1,-1.561087947315466,0.49475558249211277,-1.2397774836130884,-0.7570552967319304,-0.1645833773177108,-0.9473236151679025,-1.0431162889279721,-0.92544724810208,2.259743605287764,-0.22686988702682157,-0.30722518701226614,4
7.2,0.58,0.54,2.1,0.114,3.0,9.0,0.99719,3.33,0.57,10.3,-0.6396150714996427,0.27613329778823315,1.3693907552883038,-0.3132079506324078,0.524251725249514,-1.2345856738543688,-1.1674169559550016,0.25749099370410444,0.130426433662341,-0.5199461004008235,-0.12232544350575032,4
8.1,0.33,0.44,1.5,0.042,6.0,12.0,0.99542,3.35,0.61,10.7,-0.12128657885324247,-1.0902559816110127,0.8577891398174424,-0.7570552967319304,-0.9344579037163738,-0.9473236151679025,-1.0741914556847296,-0.6899301320863761,0.259475959215397,-0.28548512970162193,0.24747404350727803,5
6.8,0.91,0.06,2.0,0.06,4.0,11.0,0.99592,3.53,0.64,10.9,-0.8699832904535987,2.0797671465952385,-1.08629699897183,-0.3871825083156616,-0.5697804964749019,-1.1388316542922132,-1.1052666224414869,-0.42229704570486193,1.4209216891928986,-0.10963940167722082,0.43237378701379386,4
7.0,0.655,0.16,2.1,0.074,8.0,25.0,0.99606,3.37,0.55,9.7,-0.7547991809766207,0.6860500816080074,-0.5746953835009688,-0.3132079506324078,-0.2861425130648682,-0.7558155760435917,-0.6702142878468839,-0.3473597815180902,0.38852548476845306,-0.6371765857504236,-0.6770246740252962,5
6.8,0.68,0.21,2.1,0.07,9.0,23.0,0.99546,3.38,0.6,10.3,-0.8699832904535987,0.8226890095479321,-0.3188945757655383,-0.3132079506324078,-0.36718193689630624,-0.6600615564814363,-0.7323646213603986,-0.6685194851758359,0.4530502475449797,-0.3441003723764223,-0.12232544350575032,5
6.0,0.64,0.05,1.9,0.066,9.0,17.0,0.99496,3.52,0.78,10.6,-1.33071972836151,0.6040667248440525,-1.137457160518916,-0.4611570659989154,-0.4482213607277445,-0.6600615564814363,-0.9188156219009428,-0.9361525715573501,1.356396926416372,0.7109739957699838,0.15502417175402095,5
5.6,0.54,0.04,1.7,0.049,5.0,13.0,0.9942,3.72,0.58,11.4,-1.561087947315466,0.05751101308435418,-1.1886173220660021,-0.6091061813654229,-0.7926389120113569,-1.0430776347300579,-1.0431162889279721,-1.342954862857197,2.6468921819469324,-0.4613308577260231,0.894623145780081,5
6.2,0.57,0.1,2.1,0.048,4.0,11.0,0.99448,3.44,0.76,10.8,-1.215535618884532,0.22147772661226328,-0.8816563527834855,-0.3132079506324078,-0.8128987679692166,-1.1388316542922132,-1.1052666224414869,-1.1930803344835348,0.8401988242041478,0.5937435104203831,0.3399239152605368,6
7.1,0.22,0.49,1.8,0.039,8.0,18.0,0.99344,3.39,0.56,12.4,-0.6972071262381319,-1.6914672645466813,1.113589947552873,-0.535131623682169,-0.9952374715899525,-0.7558155760435917,-0.8877404551441854,-1.7497571541570438,0.5175750103215091,-0.5785613430756232,1.8191218633126551,6
6.2,0.65,0.06,1.6,0.05,6.0,18.0,0.99348,3.57,0.54,11.95,-1.215535618884532,0.6587222960200224,-1.08629699897183,-0.6830807390486765,-0.7723790560534973,-0.9473236151679025,-0.8877404551441854,-1.7283465072465036,1.6790207402990107,-0.6957918284252239,1.403097440422996,5
7.7,0.54,0.26,1.9,0.089,23.0,145.84000000000015,0.99636,3.26,0.59,9.7,-0.35165479780719794,0.05751101308435418,-0.06309376803010762,-0.4611570659989154,0.01775532630302505,0.6804947173887393,3.0849088630396806,-0.18677992968915796,-0.32124690577335663,-0.4027156150512227,-0.6770246740252962,5
6.4,0.31,0.09,1.4,0.066,15.0,28.0,0.99459,3.42,0.7,10.0,-1.100351509407554,-1.1995671239629526,-0.9328165143305717,-0.8310298544151842,-0.4482213607277445,-0.08553743910850388,-0.5769887875766118,-1.1342010554796385,0.7111492986510918,0.2420520543715808,-0.39967505876552323,7
7.0,0.43,0.02,1.9,0.08,15.0,28.0,0.99492,3.35,0.81,10.6,-0.7547991809766207,-0.5437002698513144,-1.2909376451601744,-0.4611570659989154,-0.1645833773177108,-0.08553743910850388,-0.5769887875766118,-0.9575632184678308,0.259475959215397,0.886819723794385,0.15502417175402095,6
6.9,0.74,0.03,2.3,0.054,7.0,16.0,0.99508,3.45,0.63,11.5,-0.8123912357151094,1.150622436603751,-1.2397774836130884,-0.16525883526590046,-0.6913396322220592,-0.8515695956057471,-0.9498907886577002,-0.8719206308257891,0.9047235869806772,-0.1682546443520212,0.9870730175333381,6
6.6,0.895,0.04,2.3,0.068,7.0,13.0,0.99582,3.53,0.58,10.8,-0.9851673999305766,1.9977837898312838,-1.1886173220660021,-0.16525883526590046,-0.40770164881202536,-0.8515695956057471,-1.0431162889279721,-0.47582366298115286,1.4209216891928986,-0.4613308577260231,0.3399239152605368,6
7.5,0.725,0.04,1.5,0.076,8.0,15.0,0.99508,3.26,0.53,9.6,-0.46683890728417593,1.068639079839796,-1.1886173220660021,-0.7570552967319304,-0.24562280114914908,-0.7558155760435917,-0.9809659554144575,-0.8719206308257891,-0.32124690577335663,-0.7544070711000244,-0.7694745457785532,5
7.8,0.82,0.29,4.3,0.083,21.0,64.0,0.99642,3.16,0.53,9.4,-0.2940627430687092,1.5878670060115094,0.09038671661115057,1.3142323183991746,-0.10380380944413209,0.48898667826442854,0.5417172156666533,-0.15466395932340718,-0.966494533538634,-0.7544070711000244,-0.9543742892850674,5
7.3,0.585,0.18,2.4,0.078,15.0,60.0,0.99638,3.31,0.54,9.8,-0.5820230167611539,0.30346108337621813,-0.4723750604067966,-0.09128427758264665,-0.20510308923342996,-0.08553743910850388,0.4174165486396239,-0.1760746062338879,0.0013769081092849425,-0.6957918284252239,-0.5845748022720374,5
6.2,0.44,0.39,2.5,0.077,6.0,14.0,0.99555,3.51,0.69,11.0,-1.215535618884532,-0.4890446986753445,0.6019883320820119,-0.017309719899392832,-0.22536294519128952,-0.9473236151679025,-1.012041122171215,-0.6203455296271503,1.2918721636398425,0.18343681169678042,0.524823658767051,6
7.5,0.38,0.57,2.3,0.106,5.0,12.0,0.99605,3.36,0.55,11.4,-0.46683890728417593,-0.8169781257311636,1.5228712399295616,-0.16525883526590046,0.36217287758663746,-1.0430776347300579,-1.0741914556847296,-0.35271244324569556,0.32400072199192365,-0.6371765857504236,0.894623145780081,6
6.7,0.76,0.02,1.8,0.078,6.0,12.0,0.996,3.55,0.63,9.95,-0.9275753451920874,1.2599335789556907,-1.2909376451601744,-0.535131623682169,-0.20510308923342996,-0.9473236151679025,-1.0741914556847296,-0.37947575188384103,1.5499712147459546,-0.1682546443520212,-0.44589999464215263,3
6.8,0.81,0.05,2.0,0.07,6.0,14.0,0.99562,3.51,0.66,10.8,-0.8699832904535987,1.5332114348355401,-1.137457160518916,-0.3871825083156616,-0.36718193689630624,-0.9473236151679025,-1.012041122171215,-0.5828768975337941,1.2918721636398425,0.007591083672379936,0.3399239152605368,6
7.1,0.27,0.6,2.1,0.074,17.0,25.0,0.99814,3.38,0.72,10.6,-0.6972071262381319,-1.4181894086668319,1.6763517245708202,-0.3132079506324078,-0.2861425130648682,0.10597060001580692,-0.6702142878468839,0.7659938578289279,0.4530502475449797,0.35928253972118157,0.15502417175402095,6
7.9,0.18,0.4,1.8,0.062,7.0,20.0,0.9941,3.28,0.7,11.1,-0.23647068833021995,-1.9100895492505605,0.6531484936290981,-0.535131623682169,-0.5292607845591828,-0.8515695956057471,-0.8255901216306707,-1.396481480133488,-0.19219738022030056,0.2420520543715808,0.6172735305203081,5
6.4,0.36,0.21,2.2,0.047,26.0,48.0,0.99661,3.47,0.77,9.7,-1.100351509407554,-0.9262892680831034,-0.3188945757655383,-0.23923339294915397,-0.8331586239270761,0.9677567760752055,0.04451454755853553,-0.0529633864984306,1.0337731125337333,0.6523587530951834,-0.6770246740252962,6
7.1,0.69,0.04,2.1,0.068,19.0,27.0,0.99712,3.44,0.67,9.8,-0.6972071262381319,0.8773445807239014,-1.1886173220660021,-0.3132079506324078,-0.40770164881202536,0.29747863914011774,-0.6080639543333691,0.2200223616106889,0.8401988242041478,0.06620632634718031,-0.5845748022720374,5
6.4,0.79,0.04,2.2,0.061,11.0,17.0,0.99588,3.53,0.65,10.4,-1.100351509407554,1.4239002924836004,-1.1886173220660021,-0.23923339294915397,-0.5495206405170424,-0.46855351735712547,-0.9188156219009428,-0.44370769261540205,1.4209216891928986,-0.051024159002420445,-0.029875571752493238,6
6.4,0.56,0.15,1.8,0.078,17.0,65.0,0.99294,3.33,0.6,10.5,-1.100351509407554,0.16682215543629397,-0.625855545048055,-0.535131623682169,-0.20510308923342996,0.10597060001580692,0.5727923824234107,-2.0173902405384987,0.130426433662341,-0.3441003723764223,0.06257430000076386,6
6.9,0.84,0.21,4.1,0.074,16.0,65.0,0.99842,3.53,0.72,9.23333333333333,-0.8123912357151094,1.6971781483634494,-0.3188945757655383,1.1662832030326669,-0.2861425130648682,0.010216580453651524,0.5727923824234107,0.9158683862025306,1.4209216891928986,0.35928253972118157,-1.1084574088738326,6
6.9,0.84,0.21,4.1,0.074,16.0,65.0,0.99842,3.53,0.72,9.25,-0.8123912357151094,1.6971781483634494,-0.3188945757655383,1.1662832030326669,-0.2861425130648682,0.010216580453651524,0.5727923824234107,0.9158683862025306,1.4209216891928986,0.35928253972118157,-1.0930490969149538,6
6.1,0.32,0.25,2.3,0.071,23.0,58.0,0.99633,3.42,0.97,10.6,-1.2731276736230213,-1.1449115527869826,-0.11425392957719378,-0.16525883526590046,-0.34692208093844695,0.6804947173887393,0.3552662151261092,-0.20283791487203337,0.7111492986510918,1.8246636065911896,0.15502417175402095,5
6.5,0.53,0.06,2.0,0.063,29.0,44.0,0.99489,3.38,0.83,10.3,-1.0427594546690653,0.002855441908384288,-1.08629699897183,-0.3871825083156616,-0.5090009286013232,1.2550188347616718,-0.07978611946849393,-0.9736212036507063,0.4530502475449797,1.0040502091439851,-0.12232544350575032,6
7.4,0.47,0.46,2.2,0.114,7.0,20.0,0.99647,3.32,0.63,10.5,-0.5244309620226647,-0.3250779851474351,0.9601094629116147,-0.23923339294915397,0.524251725249514,-0.8515695956057471,-0.8255901216306707,-0.12790065068526169,0.06590167088581153,-0.1682546443520212,0.06257430000076386,5
6.6,0.7,0.08,2.6,0.106,14.0,27.0,0.99665,3.44,0.58,10.2,-0.9851673999305766,0.9320001518998713,-0.9839766758776577,0.056664837783860986,0.36217287758663746,-0.18129145867065927,-0.6080639543333691,-0.03155273958789045,0.8401988242041478,-0.4613308577260231,-0.21477531525900906,5
6.9,0.48,0.2,1.9,0.0819999999999999,9.0,23.0,0.99585,3.39,0.43,9.05,-0.8123912357151094,-0.2704224139714652,-0.3700547373126243,-0.4611570659989154,-0.12406366540199364,-0.6600615564814363,-0.7323646213603986,-0.4597656777982775,0.5175750103215091,-1.3405594978480277,-1.277948840421468,4
6.8,0.48,0.25,2.0,0.076,29.0,61.0,0.9953,3.34,0.6,10.4,-0.8699832904535987,-0.2704224139714652,-0.11425392957719378,-0.3871825083156616,-0.24562280114914908,1.2550188347616718,0.4484917153963813,-0.7541620728179371,0.19495119643886757,-0.3441003723764223,-0.029875571752493238,5
6.0,0.42,0.19,2.0,0.075,22.0,47.0,0.99522,3.39,0.78,10.0,-1.33071972836151,-0.5983558410272842,-0.4212148988597105,-0.3871825083156616,-0.26588265710700865,0.5847406978265839,0.013439380801778167,-0.796983366638958,0.5175750103215091,0.7109739957699838,-0.39967505876552323,6
6.7,0.48,0.08,2.1,0.064,18.0,34.0,0.99552,3.33,0.64,9.7,-0.9275753451920874,-0.2704224139714652,-0.9839766758776577,-0.3132079506324078,-0.48874107264346367,0.20172461957796234,-0.39053778703606756,-0.6364035148100852,0.130426433662341,-0.10963940167722082,-0.6770246740252962,5
6.8,0.47,0.08,2.2,0.064,18.0,38.0,0.99553,3.3,0.65,9.6,-0.8699832904535987,-0.3250779851474351,-0.9839766758776577,-0.23923339294915397,-0.48874107264346367,0.20172461957796234,-0.2662371200090381,-0.6310508530824204,-0.06314785466724451,-0.051024159002420445,-0.7694745457785532,6
7.1,0.53,0.07,1.7,0.071,15.0,24.0,0.9951,3.29,0.66,10.8,-0.6972071262381319,0.002855441908384288,-1.0351368374247438,-0.6091061813654229,-0.34692208093844695,-0.08553743910850388,-0.7012894546036412,-0.861215307370519,-0.1276726174437711,0.007591083672379936,0.3399239152605368,6
7.9,0.29,0.49,2.2,0.096,21.0,59.0,0.99714,3.31,0.67,10.1,-0.23647068833021995,-1.3088782663148923,1.113589947552873,-0.23923339294915397,0.15957431800804206,0.48898667826442854,0.38634138188286654,0.23072768506595898,0.0013769081092849425,0.06620632634718031,-0.30722518701226614,6
7.1,0.69,0.08,2.1,0.063,42.0,52.0,0.99608,3.42,0.6,10.2,-0.6972071262381319,0.8773445807239014,-0.9839766758776577,-0.3132079506324078,-0.5090009286013232,2.499821089069692,0.16881521458556498,-0.3366544580628202,0.7111492986510918,-0.3441003723764223,-0.21477531525900906,6
6.6,0.44,0.09,2.2,0.063,9.0,18.0,0.99444,3.42,0.69,11.3,-0.9851673999305766,-0.4890446986753445,-0.9328165143305717,-0.23923339294915397,-0.5090009286013232,-0.6600615564814363,-0.8877404551441854,-1.214490981394075,0.7111492986510918,0.18343681169678042,0.8021732740268238,6
6.1,0.705,0.1,2.8,0.081,13.0,28.0,0.99631,3.6,0.66,10.2,-1.2731276736230213,0.9593279374878563,-0.8816563527834855,0.2046139531503683,-0.14432352135985124,-0.27704547823281467,-0.5769887875766118,-0.21354323832730343,1.8725950286285962,0.007591083672379936,-0.21477531525900906,5
7.2,0.53,0.13,2.0,0.0579999999999999,18.0,22.0,0.99573,3.21,0.68,9.9,-0.6396150714996427,0.002855441908384288,-0.7281758681422271,-0.3871825083156616,-0.610300208390623,0.20172461957796234,-0.763439788117156,-0.5239976185298385,-0.6438707196559953,0.12482156902198069,-0.4921249305187803,6
8.0,0.39,0.3,1.9,0.074,32.0,84.0,0.99717,3.39,0.61,9.0,-0.1788786335917312,-0.7623225545551937,0.14154687815823674,-0.4611570659989154,-0.2861425130648682,1.542280893448138,1.1632205508018005,0.24678567024883435,0.5175750103215091,-0.28548512970162193,-1.3241737762980974,5
6.6,0.56,0.14,2.4,0.064,13.0,29.0,0.99397,3.42,0.62,11.7,-0.9851673999305766,0.16682215543629397,-0.677015706595141,-0.09128427758264665,-0.48874107264346367,-0.27704547823281467,-0.5459136208198544,-1.4660660825926541,0.7111492986510918,-0.22686988702682157,1.1719727610398523,7
7.0,0.55,0.13,2.2,0.075,15.0,35.0,0.9959,3.36,0.59,9.7,-0.7547991809766207,0.11216658426032408,-0.7281758681422271,-0.23923339294915397,-0.26588265710700865,-0.08553743910850388,-0.3594626202793102,-0.43300236916013196,0.32400072199192365,-0.4027156150512227,-0.6770246740252962,6
6.1,0.53,0.08,1.9,0.077,24.0,45.0,0.99528,3.6,0.68,10.3,-1.2731276736230213,0.002855441908384288,-0.9839766758776577,-0.4611570659989154,-0.22536294519128952,0.7762487369508947,-0.04871095271173656,-0.7648673962731477,1.8725950286285962,0.12482156902198069,-0.12232544350575032,6
5.4,0.58,0.08,1.9,0.059,20.0,31.0,0.99484,3.5,0.64,10.2,-1.6762720567924436,0.27613329778823315,-0.9839766758776577,-0.4611570659989154,-0.5900403524327615,0.39323265870227314,-0.48376328730633966,-1.000384512288911,1.2273474008633158,-0.10963940167722082,-0.21477531525900906,6
6.2,0.64,0.09,2.5,0.081,15.0,26.0,0.99538,3.57,0.63,12.0,-1.215535618884532,0.6040667248440525,-0.9328165143305717,-0.017309719899392832,-0.14432352135985124,-0.08553743910850388,-0.6391391210901265,-0.7113407789968568,1.6790207402990107,-0.1682546443520212,1.4493223762996252,5
7.2,0.39,0.32,1.8,0.065,34.0,60.0,0.99714,3.46,0.78,9.9,-0.6396150714996427,-0.7623225545551937,0.24386720125240904,-0.535131623682169,-0.4684812166856041,1.733788932572449,0.4174165486396239,0.23072768506595898,0.9692483497572039,0.7109739957699838,-0.4921249305187803,5
6.2,0.52,0.08,4.4,0.071,11.0,32.0,0.99646,3.56,0.63,11.6,-1.215535618884532,-0.05180012926758561,-0.9839766758776577,1.3882068760824287,-0.34692208093844695,-0.46855351735712547,-0.4526881205495823,-0.13325331241286703,1.614495977522484,-0.1682546443520212,1.0795228892865951,6
7.4,0.25,0.29,2.2,0.054,19.0,49.0,0.99666,3.4,0.76,10.9,-0.5244309620226647,-1.5275005510187716,0.09038671661115057,-0.23923339294915397,-0.6913396322220592,0.29747863914011774,0.07558971431529289,-0.026200077860285123,0.5820997730980357,0.5937435104203831,0.43237378701379386,7
6.7,0.855,0.02,1.9,0.064,29.0,38.0,0.99472,3.3,0.56,10.75,-0.9275753451920874,1.7791615051274041,-1.2909376451601744,-0.4611570659989154,-0.48874107264346367,1.2550188347616718,-0.2662371200090381,-1.0646164530204127,-0.06314785466724451,-0.5785613430756232,0.2936989793839074,6
11.1,0.44,0.42,2.2,0.064,14.0,19.0,0.99758,3.25,0.57,10.4,1.6064750633014258,-0.4890446986753445,0.75546881672327,-0.23923339294915397,-0.48874107264346367,-0.18129145867065927,-0.8566652883874281,0.4662448010816629,-0.3857716685498832,-0.5199461004008235,-0.029875571752493238,6
8.4,0.37,0.43,2.3,0.063,12.0,19.0,0.9955,3.17,0.81,11.2,0.051489585362224775,-0.8716336969071334,0.8066289782703563,-0.16525883526590046,-0.5090009286013232,-0.37279949779497007,-0.8566652883874281,-0.6471088382652957,-0.9019697707621074,0.886819723794385,0.7097234022735651,7
6.5,0.63,0.33,1.8,0.059,16.0,28.0,0.99531,3.36,0.64,10.1,-1.0427594546690653,0.5494111536680827,0.2950273627994952,-0.535131623682169,-0.5900403524327615,0.010216580453651524,-0.5769887875766118,-0.7488094110902723,0.32400072199192365,-0.10963940167722082,-0.30722518701226614,6
7.0,0.57,0.02,2.0,0.072,17.0,26.0,0.99575,3.36,0.61,10.2,-0.7547991809766207,0.22147772661226328,-1.2909376451601744,-0.3871825083156616,-0.3266622249805874,0.10597060001580692,-0.6391391210901265,-0.5132922950745684,0.32400072199192365,-0.28548512970162193,-0.21477531525900906,5
6.3,0.6,0.1,1.6,0.048,12.0,26.0,0.99306,3.55,0.51,12.1,-1.1579435641460434,0.385444440140173,-0.8816563527834855,-0.6830807390486765,-0.8128987679692166,-0.37279949779497007,-0.6391391210901265,-1.9531582998069374,1.5499712147459546,-0.871637556449625,1.5417722480528822,5
11.2,0.4,0.5,2.0,0.099,19.0,50.0,0.99783,3.1,0.58,10.4,1.6640671180399145,-0.7076669833792237,1.164750109099959,-0.3871825083156616,0.22035388588162075,0.29747863914011774,0.10666488107205026,0.6000613442723903,-1.3536431101978021,-0.4613308577260231,-0.029875571752493238,5
7.4,0.36,0.3,1.8,0.074,17.0,24.0,0.99419,3.24,0.7,11.4,-0.5244309620226647,-0.9262892680831034,0.14154687815823674,-0.535131623682169,-0.2861425130648682,0.10597060001580692,-0.7012894546036412,-1.3483075245848022,-0.4502964313264098,0.2420520543715808,0.894623145780081,8
7.1,0.68,0.0,2.3,0.087,17.0,26.0,0.99783,3.45,0.53,9.5,-0.6972071262381319,0.8226890095479321,-1.3932579682543467,-0.16525883526590046,-0.02276438561269409,0.10597060001580692,-0.6391391210901265,0.6000613442723903,0.9047235869806772,-0.7544070711000244,-0.8619244175318104,5
7.1,0.67,0.0,2.3,0.083,18.0,27.0,0.99768,3.44,0.54,9.4,-0.6972071262381319,0.7680334383719623,-1.3932579682543467,-0.16525883526590046,-0.10380380944413209,0.20172461957796234,-0.6080639543333691,0.5197714183579538,0.8401988242041478,-0.6957918284252239,-0.9543742892850674,5
6.3,0.68,0.01,3.7,0.103,32.0,54.0,0.99586,3.51,0.66,11.3,-1.1579435641460434,0.8226890095479321,-1.3420978067072604,0.8703849722996524,0.3013933097130588,1.542280893448138,0.2309655480990797,-0.45441301607067214,1.2918721636398425,0.007591083672379936,0.8021732740268238,6
7.3,0.735,0.0,2.2,0.08,18.0,28.0,0.99765,3.41,0.6,9.4,-0.5820230167611539,1.123294651015766,-1.3932579682543467,-0.23923339294915397,-0.1645833773177108,0.20172461957796234,-0.5769887875766118,0.5037134331750784,0.6466245358745651,-0.3441003723764223,-0.9543742892850674,5
6.6,0.855,0.02,2.4,0.062,15.0,23.0,0.99627,3.54,0.6,11.0,-0.9851673999305766,1.7791615051274041,-1.2909376451601744,-0.09128427758264665,-0.5292607845591828,-0.08553743910850388,-0.7323646213603986,-0.23495388523784358,1.485446451969428,-0.3441003723764223,0.524823658767051,6
7.0,0.56,0.17,1.7,0.065,15.0,24.0,0.99514,3.44,0.68,10.55,-0.7547991809766207,0.16682215543629397,-0.5235352219538827,-0.6091061813654229,-0.4684812166856041,-0.08553743910850388,-0.7012894546036412,-0.8398046604599788,0.8401988242041478,0.12482156902198069,0.10879923587739322,7
6.6,0.88,0.04,2.2,0.066,12.0,20.0,0.99636,3.53,0.56,9.9,-0.9851673999305766,1.9158004330673288,-1.1886173220660021,-0.23923339294915397,-0.4482213607277445,-0.37279949779497007,-0.8255901216306707,-0.18677992968915796,1.4209216891928986,-0.5785613430756232,-0.4921249305187803,5
6.9,0.63,0.33,6.7,0.235,66.0,115.0,0.99787,3.22,0.56,9.5,-0.8123912357151094,0.5494111536680827,0.2950273627994952,3.089621702797265,2.97569429615052,4.797917558561422,2.126550720261279,0.6214719911829304,-0.5793459568794659,-0.5785613430756232,-0.8619244175318104,5
7.8,0.6,0.26,2.0,0.08,31.0,131.0,0.99622,3.21,0.52,9.9,-0.2940627430687092,0.385444440140173,-0.06309376803010762,-0.3871825083156616,-0.1645833773177108,1.4465268738859824,2.623753388369397,-0.2617171938759891,-0.6438707196559953,-0.8130223137748247,-0.4921249305187803,5
7.2,0.695,0.13,2.0,0.076,12.0,20.0,0.99546,3.29,0.54,10.1,-0.6396150714996427,0.9046723663118864,-0.7281758681422271,-0.3871825083156616,-0.24562280114914908,-0.37279949779497007,-0.8255901216306707,-0.6685194851758359,-0.1276726174437711,-0.6957918284252239,-0.30722518701226614,5
6.7,0.67,0.02,1.9,0.061,26.0,42.0,0.99489,3.39,0.82,10.9,-0.9275753451920874,0.7680334383719623,-1.2909376451601744,-0.4611570659989154,-0.5495206405170424,0.9677567760752055,-0.14193645298200866,-0.9736212036507063,0.5175750103215091,0.9454349664691847,0.43237378701379386,6
6.7,0.16,0.64,2.1,0.059,24.0,52.0,0.99494,3.34,0.71,11.2,-0.9275753451920874,-2.0194006916025002,1.8809923707591647,-0.3132079506324078,-0.5900403524327615,0.7762487369508947,0.16881521458556498,-0.9468578950125608,0.19495119643886757,0.3006672970463812,0.7097234022735651,6
7.0,0.56,0.13,1.6,0.077,25.0,42.0,0.99629,3.34,0.59,9.2,-0.7547991809766207,0.16682215543629397,-0.7281758681422271,-0.6830807390486765,-0.22536294519128952,0.8720027565130501,-0.14193645298200866,-0.22424856178257352,0.19495119643886757,-0.4027156150512227,-1.1392740327915833,5
6.2,0.51,0.14,1.9,0.0559999999999999,15.0,34.0,0.99396,3.48,0.57,11.5,-1.215535618884532,-0.10645570044355551,-0.677015706595141,-0.4611570659989154,-0.6508199203063422,-0.08553743910850388,-0.39053778703606756,-1.471418744320319,1.09829787531026,-0.5199461004008235,0.9870730175333381,6
6.4,0.36,0.53,2.2,0.23,19.0,35.0,0.9934,3.37,0.93,12.4,-1.100351509407554,-0.9262892680831034,1.3182305937412175,-0.23923339294915397,2.874395016361222,0.29747863914011774,-0.3594626202793102,-1.771167801067584,0.38852548476845306,1.590202635891989,1.8191218633126551,6
6.4,0.38,0.14,2.2,0.038,15.0,25.0,0.99514,3.44,0.65,11.1,-1.100351509407554,-0.8169781257311636,-0.677015706595141,-0.23923339294915397,-1.015497327547812,-0.08553743910850388,-0.6702142878468839,-0.8398046604599788,0.8401988242041478,-0.051024159002420445,0.6172735305203081,6
7.3,0.69,0.32,2.2,0.069,35.0,104.0,0.99632,3.33,0.51,9.5,-0.5820230167611539,0.8773445807239014,0.24386720125240904,-0.23923339294915397,-0.3874417928541658,1.8295429521346043,1.7847238859369479,-0.2081905765996981,0.130426433662341,-0.871637556449625,-0.8619244175318104,5
6.0,0.58,0.2,2.4,0.075,15.0,50.0,0.99467,3.58,0.67,12.5,-1.33071972836151,0.27613329778823315,-0.3700547373126243,-0.09128427758264665,-0.26588265710700865,-0.08553743910850388,0.10666488107205026,-1.091379761658558,1.74354550307554,0.06620632634718031,1.9115717350659123,6
5.6,0.31,0.78,13.9,0.074,23.0,92.0,0.99677,3.39,0.48,10.5,-1.561087947315466,-1.1995671239629526,2.5972346324183704,8.415789855991536,-0.2861425130648682,0.6804947173887393,1.4118218848558595,0.03267920114367057,0.5175750103215091,-1.0474832844740263,0.06257430000076386,6
7.5,0.52,0.4,2.2,0.06,12.0,20.0,0.99474,3.26,0.64,11.8,-0.46683890728417593,-0.05180012926758561,0.6531484936290981,-0.23923339294915397,-0.5697804964749019,-0.37279949779497007,-0.8255901216306707,-1.0539111295652022,-0.32124690577335663,-0.10963940167722082,1.264422632793111,6
8.0,0.3,0.63,1.6,0.081,16.0,29.0,0.99588,3.3,0.78,10.8,-0.1788786335917312,-1.2542226951389224,1.8298322092120787,-0.6830807390486765,-0.14432352135985124,0.010216580453651524,-0.5459136208198544,-0.44370769261540205,-0.06314785466724451,0.7109739957699838,0.3399239152605368,6
6.2,0.7,0.15,5.1,0.076,13.0,27.0,0.99622,3.54,0.6,11.9,-1.215535618884532,0.9320001518998713,-0.625855545048055,1.9060287798652045,-0.24562280114914908,-0.27704547823281467,-0.6080639543333691,-0.2617171938759891,1.485446451969428,-0.3441003723764223,1.356872504546368,6
6.8,0.67,0.15,1.8,0.118,13.0,20.0,0.9954,3.42,0.67,11.3,-0.8699832904535987,0.7680334383719623,-0.625855545048055,-0.535131623682169,0.605291149080952,-0.27704547823281467,-0.8255901216306707,-0.7006354555416462,0.7111492986510918,0.06620632634718031,0.8021732740268238,6
6.2,0.56,0.09,1.7,0.053,24.0,32.0,0.99402,3.54,0.6,11.3,-1.215535618884532,0.16682215543629397,-0.9328165143305717,-0.6091061813654229,-0.7115994881799188,0.7762487369508947,-0.4526881205495823,-1.4393027739545088,1.485446451969428,-0.3441003723764223,0.8021732740268238,5
7.4,0.35,0.33,2.4,0.068,9.0,26.0,0.9947,3.36,0.6,11.9,-0.5244309620226647,-0.9809448392590733,0.2950273627994952,-0.09128427758264665,-0.40770164881202536,-0.6600615564814363,-0.6391391210901265,-1.0753217764756828,0.32400072199192365,-0.3441003723764223,1.356872504546368,6
6.1,0.715,0.1,2.6,0.053,13.0,27.0,0.99362,3.57,0.5,11.9,-1.2731276736230213,1.0139835086638262,-0.8816563527834855,0.056664837783860986,-0.7115994881799188,-0.27704547823281467,-0.6080639543333691,-1.653409243059732,1.6790207402990107,-0.9302527991244255,1.356872504546368,5
6.2,0.46,0.29,2.1,0.074,32.0,98.0,0.99578,3.33,0.62,9.8,-1.215535618884532,-0.3797335563234047,0.09038671661115057,-0.3132079506324078,-0.2861425130648682,1.542280893448138,1.5982728853964037,-0.497234309891693,0.130426433662341,-0.22686988702682157,-0.5845748022720374,5
6.7,0.32,0.44,2.4,0.061,24.0,34.0,0.99484,3.29,0.8,11.6,-0.9275753451920874,-1.1449115527869826,0.8577891398174424,-0.09128427758264665,-0.5495206405170424,0.7762487369508947,-0.39053778703606756,-1.000384512288911,-0.1276726174437711,0.8282044811195846,1.0795228892865951,7
7.2,0.39,0.44,2.6,0.066,22.0,48.0,0.99494,3.3,0.84,11.5,-0.6396150714996427,-0.7623225545551937,0.8577891398174424,0.056664837783860986,-0.4482213607277445,0.5847406978265839,0.04451454755853553,-0.9468578950125608,-0.06314785466724451,1.0626654518187855,0.9870730175333381,6
7.5,0.31,0.41,2.4,0.065,34.0,60.0,0.99492,3.34,0.85,11.4,-0.46683890728417593,-1.1995671239629526,0.7043086551761839,-0.09128427758264665,-0.4684812166856041,1.733788932572449,0.4174165486396239,-0.9575632184678308,0.19495119643886757,1.1212806944935858,0.894623145780081,6
5.8,0.61,0.11,1.8,0.066,18.0,28.0,0.99483,3.55,0.66,10.9,-1.445903837838488,0.44010001131614285,-0.8304961912363995,-0.535131623682169,-0.4482213607277445,0.20172461957796234,-0.5769887875766118,-1.0057371740165164,1.5499712147459546,0.007591083672379936,0.43237378701379386,6
7.2,0.66,0.33,2.5,0.068,34.0,102.0,0.99414,3.27,0.78,12.8,-0.6396150714996427,0.7133778671959924,0.2950273627994952,-0.017309719899392832,-0.40770164881202536,1.733788932572449,1.7225735524234331,-1.3750708332229478,-0.25672214299682716,0.7109739957699838,2.188921350325685,6
6.6,0.725,0.2,7.8,0.073,29.0,79.0,0.9977,3.29,0.54,9.2,-0.9851673999305766,1.068639079839796,-0.3700547373126243,3.903341837313056,-0.3064023690227278,1.2550188347616718,1.0078447170180138,0.5304767418132239,-0.1276726174437711,-0.6957918284252239,-1.1392740327915833,5
6.3,0.55,0.15,1.8,0.077,26.0,35.0,0.99314,3.32,0.82,11.6,-1.1579435641460434,0.11216658426032408,-0.625855545048055,-0.535131623682169,-0.22536294519128952,0.9677567760752055,-0.3594626202793102,-1.9103370059859166,0.06590167088581153,0.9454349664691847,1.0795228892865951,6
5.4,0.74,0.09,1.7,0.089,16.0,26.0,0.99402,3.67,0.56,11.6,-1.6762720567924436,1.150622436603751,-0.9328165143305717,-0.6091061813654229,0.01775532630302505,0.010216580453651524,-0.6391391210901265,-1.4393027739545088,2.324268368064291,-0.5785613430756232,1.0795228892865951,6
6.3,0.51,0.13,2.3,0.076,29.0,40.0,0.99574,3.42,0.75,11.0,-1.1579435641460434,-0.10645570044355551,-0.7281758681422271,-0.16525883526590046,-0.24562280114914908,1.2550188347616718,-0.2040867864955234,-0.5186449568022331,0.7111492986510918,0.5351282677455826,0.524823658767051,6
6.8,0.62,0.08,1.9,0.068,28.0,38.0,0.99651,3.42,0.82,9.5,-0.8699832904535987,0.49475558249211277,-0.9839766758776577,-0.4611570659989154,-0.40770164881202536,1.1592648151995164,-0.2662371200090381,-0.10649000377472155,0.7111492986510918,0.9454349664691847,-0.8619244175318104,6
6.2,0.6,0.08,2.0,0.09,32.0,44.0,0.9949,3.45,0.58,10.5,-1.215535618884532,0.385444440140173,-0.9839766758776577,-0.3871825083156616,0.03801518226088462,1.542280893448138,-0.07978611946849393,-0.9682685419231009,0.9047235869806772,-0.4613308577260231,0.06257430000076386,5
5.9,0.55,0.1,2.2,0.062,39.0,51.0,0.99512,3.52,0.76,11.2,-1.3883117830999987,0.11216658426032408,-0.8816563527834855,-0.23923339294915397,-0.5292607845591828,2.212559030383226,0.1377400478288076,-0.8505099839152489,1.356396926416372,0.5937435104203831,0.7097234022735651,6
5.9,0.645,0.12,2.0,0.075,32.0,44.0,0.99547,3.57,0.71,10.2,-1.3883117830999987,0.6313945104320375,-0.7793360296893133,-0.3871825083156616,-0.26588265710700865,1.542280893448138,-0.07978611946849393,-0.6631668234482306,1.6790207402990107,0.3006672970463812,-0.21477531525900906,5
6.0,0.31,0.47,3.6,0.067,18.0,42.0,0.99549,3.39,0.66,11.0,-1.33071972836151,-1.1995671239629526,1.0112696244587007,0.7964104146163985,-0.4279615047698849,0.20172461957796234,-0.14193645298200866,-0.6524614999929605,0.5175750103215091,0.007591083672379936,0.524823658767051,6
